gen,best,avg,worst,feasible,mutationRate,diversityIndex,p95Transit,p95Wait,p95Cost,maxHopsRef
1,0.8832253849650318,20.338370268083107,66.84199820738162,1.0,0.06,0.5246181491464238,1315.75,1368.0,1035.2375000000002,8
2,0.8832253849650318,9.31802491145818,52.739348592819105,1.0,0.06,0.3903459119496911,1315.75,1368.0,1035.2375000000002,8
3,0.8832253849650318,3.0389440881096785,35.441576655553945,1.0,0.06,0.1527319182389937,1315.75,1368.0,1035.2375000000002,8
4,0.8832253849650318,0.917495875810987,6.36650392031781,1.0,0.06,0.0125,1315.75,1368.0,1035.2375000000002,8
5,0.8832253849650318,0.8832253849650316,0.8832253849650318,1.0,0.06,0.0,1315.75,1368.0,1035.2375000000002,8
6,0.8832253849650318,0.8832253849650316,0.8832253849650318,1.0,0.06,0.0,1315.75,1368.0,1035.2375000000002,8
7,0.8832253849650318,0.8832253849650316,0.8832253849650318,1.0,0.06,0.0,1315.75,1368.0,1035.2375000000002,8
8,0.8832253849650318,0.8832253849650316,0.8832253849650318,1.0,0.06,0.0,1315.75,1368.0,1035.2375000000002,8
9,0.8832253849650318,0.8832253849650316,0.8832253849650318,1.0,0.06,0.0,1315.75,1368.0,1035.2375000000002,8
10,0.8832253849650318,0.8832253849650316,0.8832253849650318,1.0,0.06,0.0,1315.75,1368.0,1035.2375000000002,8
11,0.8832253849650318,0.8832253849650316,0.8832253849650318,1.0,0.09,0.0,1315.75,1368.0,1035.2375000000002,8
12,0.8832253849650318,0.8832253849650316,0.8832253849650318,1.0,0.09,0.0,1315.75,1368.0,1035.2375000000002,8
13,0.8832253849650318,0.8832253849650316,0.8832253849650318,1.0,0.09,0.0,1315.75,1368.0,1035.2375000000002,8
14,0.8832253849650318,0.8832253849650316,0.8832253849650318,1.0,0.09,0.0,1315.75,1368.0,1035.2375000000002,8
15,0.8832253849650318,0.8832253849650316,0.8832253849650318,1.0,0.09,0.0,1315.75,1368.0,1035.2375000000002,8
16,0.8832253849650318,0.8832253849650316,0.8832253849650318,1.0,0.09,0.0,1315.75,1368.0,1035.2375000000002,8
17,0.8832253849650318,0.8832253849650316,0.8832253849650318,1.0,0.09,0.0,1315.75,1368.0,1035.2375000000002,8
18,0.8832253849650318,0.8832253849650316,0.8832253849650318,1.0,0.09,0.0,1315.75,1368.0,1035.2375000000002,8
19,0.8832253849650318,0.8832253849650316,0.8832253849650318,1.0,0.09,0.0,1315.75,1368.0,1035.2375000000002,8
20,0.8832253849650318,0.8832253849650316,0.8832253849650318,1.0,0.09,0.0,1315.75,1368.0,1035.2375000000002,8
21,0.8832253849650318,0.8832253849650316,0.8832253849650318,1.0,0.135,0.0,1315.75,1368.0,1035.2375000000002,8
22,0.8832253849650318,0.8832253849650316,0.8832253849650318,1.0,0.135,0.0,1315.75,1368.0,1035.2375000000002,8
23,0.8832253849650318,0.8832253849650316,0.8832253849650318,1.0,0.135,0.0,1315.75,1368.0,1035.2375000000002,8
24,0.8832253849650318,0.8832253849650316,0.8832253849650318,1.0,0.135,0.0,1315.75,1368.0,1035.2375000000002,8
25,0.8832253849650318,3.4487885231205517,39.34961225067859,1.0,0.135,0.16424921383647798,1315.75,1368.0,1035.2375000000002,8
1,3.695584382421507,20.394851609106343,92.96715635354745,1.0,0.06,0.3099777253668777,1315.75,1368.0,1035.2375000000002,8
2,2.8800598716930517,9.665901832016008,55.84648915785036,1.0,0.06,0.33916666666666306,1315.75,1368.0,1035.2375000000002,8
3,2.8800598716930517,5.2646619189048005,36.169440101141994,1.0,0.041999999999999996,0.16595911949686235,1315.75,1368.0,1035.2375000000002,8
4,2.8800598716930517,4.086160958857741,17.12780777290893,1.0,0.041999999999999996,0.20086477987421508,1315.75,1368.0,1035.2375000000002,8
5,2.8800598716930517,3.820395963758441,4.057821925603252,1.0,0.041999999999999996,0.48930817610062893,1315.75,1368.0,1035.2375000000002,8
6,2.8800598716930517,3.620591755151159,4.057821925603252,1.0,0.041999999999999996,0.6677279874213836,1315.75,1368.0,1035.2375000000002,8
7,2.8800598716930517,3.3642590130433256,4.057821925603252,1.0,0.041999999999999996,0.6828616352201258,1315.75,1368.0,1035.2375000000002,8
8,2.8800598716930517,3.1332859460149547,4.057821925603252,1.0,0.041999999999999996,0.5047955974842767,1315.75,1368.0,1035.2375000000002,8
9,2.8800598716930517,2.9601704065761023,3.695584382421507,1.0,0.041999999999999996,0.21202830188679245,1315.75,1368.0,1035.2375000000002,8
10,2.8800598716930517,2.8967295398466053,3.5468465978352635,1.0,0.041999999999999996,0.04905660377358491,1315.75,1368.0,1035.2375000000002,8
11,2.8800598716930517,2.88005987169305,2.8800598716930517,1.0,0.041999999999999996,0.0,1315.75,1368.0,1035.2375000000002,8
12,2.8800598716930517,2.88005987169305,2.8800598716930517,1.0,0.041999999999999996,0.0,1315.75,1368.0,1035.2375000000002,8
13,2.8800598716930517,2.8947818973669275,4.057821925603252,1.0,0.063,0.024842767295597486,1315.75,1368.0,1035.2375000000002,8
14,2.8800598716930517,2.88005987169305,2.8800598716930517,1.0,0.063,0.0,1315.75,1368.0,1035.2375000000002,8
15,2.8800598716930517,2.88005987169305,2.8800598716930517,1.0,0.063,0.0,1315.75,1368.0,1035.2375000000002,8
16,2.8800598716930517,2.88005987169305,2.8800598716930517,1.0,0.063,0.0,1315.75,1368.0,1035.2375000000002,8
17,2.8800598716930517,2.88005987169305,2.8800598716930517,1.0,0.063,0.0,1315.75,1368.0,1035.2375000000002,8
18,2.8800598716930517,2.88005987169305,2.8800598716930517,1.0,0.063,0.0,1315.75,1368.0,1035.2375000000002,8
19,2.8800598716930517,2.88005987169305,2.8800598716930517,1.0,0.063,0.0,1315.75,1368.0,1035.2375000000002,8
20,2.8800598716930517,2.88005987169305,2.8800598716930517,1.0,0.063,0.0,1315.75,1368.0,1035.2375000000002,8
21,2.8800598716930517,2.88005987169305,2.8800598716930517,1.0,0.063,0.0,1315.75,1368.0,1035.2375000000002,8
22,2.8800598716930517,2.88005987169305,2.8800598716930517,1.0,0.063,0.0,1315.75,1368.0,1035.2375000000002,8
23,2.8800598716930517,2.88005987169305,2.8800598716930517,1.0,0.0945,0.0,1315.75,1368.0,1035.2375000000002,8
24,2.8800598716930517,2.88005987169305,2.8800598716930517,1.0,0.0945,0.0,1315.75,1368.0,1035.2375000000002,8
25,2.8800598716930517,2.88005987169305,2.8800598716930517,1.0,0.0945,0.0,1315.75,1368.0,1035.2375000000002,8
26,2.8800598716930517,2.88005987169305,2.8800598716930517,1.0,0.0945,0.0,1315.75,1368.0,1035.2375000000002,8
27,2.8800598716930517,2.88005987169305,2.8800598716930517,1.0,0.0945,0.0,1315.75,1368.0,1035.2375000000002,8
1,1.8863112449496198,22.14709632538479,87.87472150076587,1.0,0.06,0.3427815894797139,1315.75,1368.0,1035.2375000000002,8
2,1.8863112449496198,10.027231749116206,58.94101415424552,1.0,0.06,0.35250262054506837,1315.75,1368.0,1035.2375000000002,8
3,1.8863112449496198,3.8727417052652777,31.843325052335146,1.0,0.06,0.13296645702306342,1315.75,1368.0,1035.2375000000002,8
4,1.8863112449496198,2.6425824712296797,2.7140684678808524,1.0,0.06,0.260062893081761,1315.75,1368.0,1035.2375000000002,8
5,1.8863112449496198,2.519361648145307,2.7140684678808524,1.0,0.06,0.4252358490566038,1315.75,1368.0,1035.2375000000002,8
6,1.8863112449496198,2.3340590333410933,2.7140684678808524,1.0,0.06,0.5492138364779874,1315.75,1368.0,1035.2375000000002,8
7,1.8863112449496198,2.1097137589677013,2.7140684678808524,1.0,0.06,0.4252358490566038,1315.75,1368.0,1035.2375000000002,8
8,1.8863112449496198,1.938046071382822,2.7140684678808524,1.0,0.06,0.11863207547169811,1315.75,1368.0,1035.2375000000002,8
9,1.8863112449496198,1.8863112449496193,1.8863112449496198,1.0,0.06,0.0,1315.75,1368.0,1035.2375000000002,8
10,1.8863112449496198,1.8863112449496193,1.8863112449496198,1.0,0.06,0.0,1315.75,1368.0,1035.2375000000002,8
11,1.8863112449496198,1.8863112449496193,1.8863112449496198,1.0,0.09,0.0,1315.75,1368.0,1035.2375000000002,8
12,1.8863112449496198,1.8863112449496193,1.8863112449496198,1.0,0.09,0.0,1315.75,1368.0,1035.2375000000002,8
13,1.8863112449496198,1.8863112449496193,1.8863112449496198,1.0,0.09,0.0,1315.75,1368.0,1035.2375000000002,8
14,1.8863112449496198,1.8863112449496193,1.8863112449496198,1.0,0.09,0.0,1315.75,1368.0,1035.2375000000002,8
15,1.8863112449496198,1.8863112449496193,1.8863112449496198,1.0,0.09,0.0,1315.75,1368.0,1035.2375000000002,8
16,1.8863112449496198,1.8863112449496193,1.8863112449496198,1.0,0.09,0.0,1315.75,1368.0,1035.2375000000002,8
17,1.8863112449496198,1.8863112449496193,1.8863112449496198,1.0,0.09,0.0,1315.75,1368.0,1035.2375000000002,8
18,1.8863112449496198,1.8863112449496193,1.8863112449496198,1.0,0.09,0.0,1315.75,1368.0,1035.2375000000002,8
19,1.8863112449496198,1.8863112449496193,1.8863112449496198,1.0,0.09,0.0,1315.75,1368.0,1035.2375000000002,8
20,1.8863112449496198,1.8863112449496193,1.8863112449496198,1.0,0.09,0.0,1315.75,1368.0,1035.2375000000002,8
21,1.8863112449496198,1.8863112449496193,1.8863112449496198,1.0,0.135,0.0,1315.75,1368.0,1035.2375000000002,8
22,1.8863112449496198,1.8863112449496193,1.8863112449496198,1.0,0.135,0.0,1315.75,1368.0,1035.2375000000002,8
23,1.8863112449496198,1.8863112449496193,1.8863112449496198,1.0,0.135,0.0,1315.75,1368.0,1035.2375000000002,8
24,1.8863112449496198,1.8863112449496193,1.8863112449496198,1.0,0.135,0.0,1315.75,1368.0,1035.2375000000002,8
25,1.8863112449496198,1.8863112449496193,1.8863112449496198,1.0,0.135,0.0,1315.75,1368.0,1035.2375000000002,8
1,2.7592079801741094,19.30032445069266,82.61067952744844,1.0,0.06,0.38013626834381065,1315.75,1368.0,1035.2375000000002,8
2,2.7592079801741094,10.104598055481409,47.794323802694194,1.0,0.06,0.3476284067085903,1315.75,1368.0,1035.2375000000002,8
3,2.7592079801741094,4.096353683887953,24.269426971657964,1.0,0.06,0.1675314465408805,1315.75,1368.0,1035.2375000000002,8
4,2.7592079801741094,2.9327211260901387,17.814557303380905,1.0,0.06,0.056937893081761004,1315.75,1368.0,1035.2375000000002,8
5,2.7592079801741094,2.759207980174101,2.7592079801741094,1.0,0.06,0.08514150943396226,1315.75,1368.0,1035.2375000000002,8
6,2.7592079801741094,2.759207980174101,2.7592079801741094,1.0,0.06,0.07303459119496855,1315.75,1368.0,1035.2375000000002,8
7,2.7592079801741094,2.759207980174101,2.7592079801741094,1.0,0.06,0.06092767295597484,1315.75,1368.0,1035.2375000000002,8
8,2.7592079801741094,2.759207980174101,2.7592079801741094,1.0,0.06,0.10683962264150944,1315.75,1368.0,1035.2375000000002,8
9,2.7592079801741094,2.759207980174101,2.7592079801741094,1.0,0.06,0.08419811320754716,1315.75,1368.0,1035.2375000000002,8
10,2.7592079801741094,2.759207980174101,2.7592079801741094,1.0,0.06,0.12885220125786165,1315.75,1368.0,1035.2375000000002,8
11,2.7592079801741094,2.759207980174101,2.7592079801741094,1.0,0.09,0.07264150943396226,1315.75,1368.0,1035.2375000000002,8
12,2.7592079801741094,2.759207980174101,2.7592079801741094,1.0,0.09,0.06092767295597484,1315.75,1368.0,1035.2375000000002,8
13,2.7592079801741094,2.759207980174101,2.7592079801741094,1.0,0.09,0.024842767295597486,1315.75,1368.0,1035.2375000000002,8
14,2.7592079801741094,2.759207980174101,2.7592079801741094,1.0,0.09,0.024842767295597486,1315.75,1368.0,1035.2375000000002,8
15,2.7592079801741094,2.759207980174101,2.7592079801741094,1.0,0.09,0.0,1315.75,1368.0,1035.2375000000002,8
16,2.7592079801741094,2.759207980174101,2.7592079801741094,1.0,0.09,0.0,1315.75,1368.0,1035.2375000000002,8
17,2.7592079801741094,2.759207980174101,2.7592079801741094,1.0,0.09,0.0,1315.75,1368.0,1035.2375000000002,8
18,2.7592079801741094,2.759207980174101,2.7592079801741094,1.0,0.09,0.0,1315.75,1368.0,1035.2375000000002,8
19,2.7592079801741094,2.759207980174101,2.7592079801741094,1.0,0.09,0.0,1315.75,1368.0,1035.2375000000002,8
20,2.7592079801741094,2.759207980174101,2.7592079801741094,1.0,0.09,0.0,1315.75,1368.0,1035.2375000000002,8
21,2.7592079801741094,2.759207980174101,2.7592079801741094,1.0,0.135,0.0125,1315.75,1368.0,1035.2375000000002,8
22,2.7592079801741094,2.759207980174101,2.7592079801741094,1.0,0.135,0.024842767295597486,1315.75,1368.0,1035.2375000000002,8
23,2.7592079801741094,2.759207980174101,2.7592079801741094,1.0,0.135,0.06092767295597484,1315.75,1368.0,1035.2375000000002,8
24,2.7592079801741094,2.759207980174101,2.7592079801741094,1.0,0.135,0.04905660377358491,1315.75,1368.0,1035.2375000000002,8
25,2.450082411723903,4.348070467463744,32.7621441376772,1.0,0.135,0.1360534591195027,1315.75,1368.0,1035.2375000000002,8
26,2.450082411723903,2.7476157713572182,2.7592079801741094,1.0,0.0945,0.12393867924528301,1315.75,1368.0,1035.2375000000002,8
27,2.450082411723903,2.736023562540335,2.7592079801741094,1.0,0.0945,0.1731132075471698,1315.75,1368.0,1035.2375000000002,8
28,2.450082411723903,2.71283914490657,2.7592079801741094,1.0,0.0945,0.2920990566037736,1315.75,1368.0,1035.2375000000002,8
29,2.450082411723903,2.6877226924699906,2.7592079801741094,1.0,0.0945,0.3939465408805031,1315.75,1368.0,1035.2375000000002,8
30,2.450082411723903,2.6374897875968335,2.7592079801741094,1.0,0.0945,0.49504716981132074,1315.75,1368.0,1035.2375000000002,8
31,2.450082411723903,2.558276360681469,2.7592079801741094,1.0,0.0945,0.46002358490566037,1315.75,1368.0,1035.2375000000002,8
32,2.450082411723903,2.4887231077801735,2.7592079801741094,1.0,0.0945,0.22087264150943398,1315.75,1368.0,1035.2375000000002,8
33,2.450082411723903,2.453946481329526,2.7592079801741094,1.0,0.0945,0.024842767295597486,1315.75,1368.0,1035.2375000000002,8
34,2.450082411723903,2.4500824117238986,2.450082411723903,1.0,0.0945,0.0,1315.75,1368.0,1035.2375000000002,8
35,2.450082411723903,2.4500824117238986,2.450082411723903,1.0,0.0945,0.0,1315.75,1368.0,1035.2375000000002,8
36,2.450082411723903,2.5387348682870283,16.634475461824632,1.0,0.14175,0.0125,1315.75,1368.0,1035.2375000000002,8
37,2.450082411723903,2.4500824117238986,2.450082411723903,1.0,0.14175,0.0,1315.75,1368.0,1035.2375000000002,8
38,2.450082411723903,2.4500824117238986,2.450082411723903,1.0,0.14175,0.0,1315.75,1368.0,1035.2375000000002,8
39,2.450082411723903,2.4500824117238986,2.450082411723903,1.0,0.14175,0.0,1315.75,1368.0,1035.2375000000002,8
40,2.450082411723903,2.4500824117238986,2.450082411723903,1.0,0.14175,0.0,1315.75,1368.0,1035.2375000000002,8
41,2.450082411723903,2.4500824117238986,2.450082411723903,1.0,0.14175,0.0,1315.75,1368.0,1035.2375000000002,8
42,2.450082411723903,2.4500824117238986,2.450082411723903,1.0,0.14175,0.0,1315.75,1368.0,1035.2375000000002,8
43,2.450082411723903,2.4500824117238986,2.450082411723903,1.0,0.14175,0.0,1315.75,1368.0,1035.2375000000002,8
44,2.450082411723903,2.4500824117238986,2.450082411723903,1.0,0.14175,0.0,1315.75,1368.0,1035.2375000000002,8
45,2.450082411723903,2.4500824117238986,2.450082411723903,1.0,0.14175,0.0,1315.75,1368.0,1035.2375000000002,8
46,2.450082411723903,2.4500824117238986,2.450082411723903,1.0,0.15,0.0,1315.75,1368.0,1035.2375000000002,8
47,2.450082411723903,2.4500824117238986,2.450082411723903,1.0,0.15,0.0,1315.75,1368.0,1035.2375000000002,8
48,2.450082411723903,2.4500824117238986,2.450082411723903,1.0,0.15,0.0,1315.75,1368.0,1035.2375000000002,8
49,2.450082411723903,2.4500824117238986,2.450082411723903,1.0,0.15,0.0,1315.75,1368.0,1035.2375000000002,8
50,2.450082411723903,2.4500824117238986,2.450082411723903,1.0,0.15,0.0,1315.75,1368.0,1035.2375000000002,8
1,2.230608772365895,20.878169630493066,83.52039956511518,1.0,0.06,0.4360062893081626,1315.75,1368.0,1035.2375000000002,8
2,2.230608772365895,8.150232103666074,50.50256982148515,1.0,0.06,0.33847484276730117,1315.75,1368.0,1035.2375000000002,8
3,2.230608772365895,3.9369993621708055,35.16765676512923,1.0,0.06,0.17061713836477987,1315.75,1368.0,1035.2375000000002,8
4,2.230608772365895,2.4442251094249867,13.398304192881001,1.0,0.06,0.049266247379454814,1315.75,1368.0,1035.2375000000002,8
5,2.230608772365895,2.2306087723658883,2.230608772365895,1.0,0.06,0.04905660377358491,1315.75,1368.0,1035.2375000000002,8
6,2.230608772365895,2.2306087723658883,2.230608772365895,1.0,0.06,0.03702830188679245,1315.75,1368.0,1035.2375000000002,8
7,2.230608772365895,2.2306087723658883,2.230608772365895,1.0,0.06,0.024842767295597486,1315.75,1368.0,1035.2375000000002,8
8,2.230608772365895,2.2306087723658883,2.230608772365895,1.0,0.06,0.024842767295597486,1315.75,1368.0,1035.2375000000002,8
9,2.230608772365895,2.2306087723658883,2.230608772365895,1.0,0.06,0.06092767295597484,1315.75,1368.0,1035.2375000000002,8
10,2.230608772365895,2.2306087723658883,2.230608772365895,1.0,0.06,0.024842767295597486,1315.75,1368.0,1035.2375000000002,8
11,2.230608772365895,2.2306087723658883,2.230608772365895,1.0,0.09,0.0,1315.75,1368.0,1035.2375000000002,8
12,2.230608772365895,2.2306087723658883,2.230608772365895,1.0,0.09,0.0,1315.75,1368.0,1035.2375000000002,8
13,2.230608772365895,2.2306087723658883,2.230608772365895,1.0,0.09,0.0,1315.75,1368.0,1035.2375000000002,8
14,2.230608772365895,2.2306087723658883,2.230608772365895,1.0,0.09,0.0,1315.75,1368.0,1035.2375000000002,8
15,2.230608772365895,2.2306087723658883,2.230608772365895,1.0,0.09,0.0,1315.75,1368.0,1035.2375000000002,8
16,2.230608772365895,2.2306087723658883,2.230608772365895,1.0,0.09,0.0,1315.75,1368.0,1035.2375000000002,8
17,2.230608772365895,2.2306087723658883,2.230608772365895,1.0,0.09,0.0,1315.75,1368.0,1035.2375000000002,8
18,2.230608772365895,2.2306087723658883,2.230608772365895,1.0,0.09,0.0,1315.75,1368.0,1035.2375000000002,8
19,2.230608772365895,2.2306087723658883,2.230608772365895,1.0,0.09,0.0,1315.75,1368.0,1035.2375000000002,8
20,2.230608772365895,2.2306087723658883,2.230608772365895,1.0,0.09,0.0,1315.75,1368.0,1035.2375000000002,8
21,2.230608772365895,2.3505882721895266,21.427328744148053,1.0,0.135,0.01867138364779874,1315.75,1368.0,1035.2375000000002,8
22,2.230608772365895,2.2306087723658883,2.230608772365895,1.0,0.135,0.04905660377358491,1315.75,1368.0,1035.2375000000002,8
23,2.230608772365895,2.2306087723658883,2.230608772365895,1.0,0.135,0.03702830188679245,1315.75,1368.0,1035.2375000000002,8
24,2.230608772365895,2.2306087723658883,2.230608772365895,1.0,0.135,0.06092767295597484,1315.75,1368.0,1035.2375000000002,8
25,2.230608772365895,2.2306087723658883,2.230608772365895,1.0,0.135,0.0125,1315.75,1368.0,1035.2375000000002,8
1,1.6963392631424123,21.16514399750793,110.46079759642666,1.0,0.06,0.360440251572336,1315.75,1368.0,1035.2375000000002,8
2,1.6963392631424123,9.712447844530223,43.044819693593894,1.0,0.06,0.33516771488470043,1315.75,1368.0,1035.2375000000002,8
3,1.6963392631424123,5.115223750635216,25.732739859623347,1.0,0.06,0.3050314465408736,1315.75,1368.0,1035.2375000000002,8
4,1.6963392631424123,3.099107854037367,23.439269652443457,1.0,0.06,0.2088050314465409,1315.75,1368.0,1035.2375000000002,8
5,1.6963392631424123,2.700314108225826,3.048719258521072,1.0,0.06,0.5687893081761006,1315.75,1368.0,1035.2375000000002,8
6,1.6963392631424123,2.463853107027143,3.048719258521072,1.0,0.06,0.677751572327044,1315.75,1368.0,1035.2375000000002,8
7,1.6963392631424123,2.167401415423758,3.048719258521072,1.0,0.06,0.6283805031446541,1315.75,1368.0,1035.2375000000002,8
8,1.6963392631424123,1.949495369017637,3.048719258521072,1.0,0.06,0.48930817610062893,1315.75,1368.0,1035.2375000000002,8
9,1.6963392631424123,1.7590097219969163,2.323043851687427,1.0,0.06,0.1811320754716981,1315.75,1368.0,1035.2375000000002,8
10,1.6963392631424123,1.6963392631424146,1.6963392631424123,1.0,0.06,0.0,1315.75,1368.0,1035.2375000000002,8
11,1.6963392631424123,2.037489619844732,28.312177801638462,1.0,0.09,0.028957023060796564,1315.75,1368.0,1035.2375000000002,8
12,1.6963392631424123,1.6963392631424146,1.6963392631424123,1.0,0.09,0.0,1315.75,1368.0,1035.2375000000002,8
13,1.6963392631424123,1.6963392631424146,1.6963392631424123,1.0,0.09,0.0,1315.75,1368.0,1035.2375000000002,8
14,1.6963392631424123,1.6963392631424146,1.6963392631424123,1.0,0.09,0.0,1315.75,1368.0,1035.2375000000002,8
15,1.6963392631424123,1.6963392631424146,1.6963392631424123,1.0,0.09,0.0,1315.75,1368.0,1035.2375000000002,8
16,1.6963392631424123,1.6963392631424146,1.6963392631424123,1.0,0.09,0.0,1315.75,1368.0,1035.2375000000002,8
17,1.6963392631424123,1.6963392631424146,1.6963392631424123,1.0,0.09,0.0,1315.75,1368.0,1035.2375000000002,8
18,1.6963392631424123,1.6963392631424146,1.6963392631424123,1.0,0.09,0.0,1315.75,1368.0,1035.2375000000002,8
19,1.6963392631424123,1.6963392631424146,1.6963392631424123,1.0,0.09,0.0,1315.75,1368.0,1035.2375000000002,8
20,1.6963392631424123,1.6963392631424146,1.6963392631424123,1.0,0.09,0.0,1315.75,1368.0,1035.2375000000002,8
21,1.6963392631424123,1.8230596967224273,21.971608635944424,1.0,0.135,0.0125,1315.75,1368.0,1035.2375000000002,8
22,1.6963392631424123,1.6963392631424146,1.6963392631424123,1.0,0.135,0.0,1315.75,1368.0,1035.2375000000002,8
23,1.6963392631424123,1.6963392631424146,1.6963392631424123,1.0,0.135,0.0,1315.75,1368.0,1035.2375000000002,8
24,1.6963392631424123,1.6963392631424146,1.6963392631424123,1.0,0.135,0.0,1315.75,1368.0,1035.2375000000002,8
25,1.6963392631424123,1.6963392631424146,1.6963392631424123,1.0,0.135,0.0,1315.75,1368.0,1035.2375000000002,8
1,2.7481877839510913,23.170678720266316,83.2258218535609,1.0,0.06,0.3790165809033772,1315.75,1368.0,1035.2375000000002,8
2,2.7481877839510913,8.914965665250296,41.17991066909859,1.0,0.06,0.35369496855348365,1315.75,1368.0,1035.2375000000002,8
3,2.7481877839510913,4.719054347386947,24.199666147084077,1.0,0.06,0.2863011006289308,1315.75,1368.0,1035.2375000000002,8
4,2.7481877839510913,3.4106475770508036,13.26717631529946,1.0,0.06,0.5110455974842767,1315.75,1368.0,1035.2375000000002,8
5,2.7481877839510913,3.0703839075298216,4.245834989106026,1.0,0.06,0.5207940251572327,1315.75,1368.0,1035.2375000000002,8
6,2.7481877839510913,2.865501219656035,3.5302773553173616,1.0,0.06,0.32087264150943395,1315.75,1368.0,1035.2375000000002,8
7,2.7481877839510913,2.7677400232352514,3.5302773553173616,1.0,0.06,0.13439465408805032,1315.75,1368.0,1035.2375000000002,8
8,2.7481877839510913,2.748187783951095,2.7481877839510913,1.0,0.06,0.25794025157232703,1315.75,1368.0,1035.2375000000002,8
9,2.7481877839510913,2.748187783951095,2.7481877839510913,1.0,0.06,0.3242138364779874,1315.75,1368.0,1035.2375000000002,8
10,2.7481877839510913,2.748187783951095,2.7481877839510913,1.0,0.06,0.3316823899371069,1315.75,1368.0,1035.2375000000002,8
11,2.7481877839510913,2.748187783951095,2.7481877839510913,1.0,0.09,0.38309748427672957,1315.75,1368.0,1035.2375000000002,8
12,2.7481877839510913,2.748187783951095,2.7481877839510913,1.0,0.09,0.4132861635220126,1315.75,1368.0,1035.2375000000002,8
13,2.7481877839510913,2.748187783951095,2.7481877839510913,1.0,0.09,0.3647012578616352,1315.75,1368.0,1035.2375000000002,8
14,2.7481877839510913,2.748187783951095,2.7481877839510913,1.0,0.09,0.3059748427672956,1315.75,1368.0,1035.2375000000002,8
15,2.7481877839510913,2.748187783951095,2.7481877839510913,1.0,0.09,0.3316823899371069,1315.75,1368.0,1035.2375000000002,8
16,2.7481877839510913,2.748187783951095,2.7481877839510913,1.0,0.09,0.33089622641509436,1315.75,1368.0,1035.2375000000002,8
17,2.7481877839510913,2.748187783951095,2.7481877839510913,1.0,0.09,0.3239779874213837,1315.75,1368.0,1035.2375000000002,8
18,2.7481877839510913,2.748187783951095,2.7481877839510913,1.0,0.09,0.3503930817610063,1315.75,1368.0,1035.2375000000002,8
19,2.7481877839510913,2.748187783951095,2.7481877839510913,1.0,0.09,0.3999213836477987,1315.75,1368.0,1035.2375000000002,8
20,2.7481877839510913,2.748187783951095,2.7481877839510913,1.0,0.09,0.4593553459119497,1315.75,1368.0,1035.2375000000002,8
21,2.7481877839510913,2.8940086571844685,26.079527501290844,1.0,0.135,0.1795335429769349,1315.75,1368.0,1035.2375000000002,8
22,2.7481877839510913,2.748187783951095,2.7481877839510913,1.0,0.135,0.4786949685534591,1315.75,1368.0,1035.2375000000002,8
23,2.7481877839510913,2.748187783951095,2.7481877839510913,1.0,0.135,0.44882075471698113,1315.75,1368.0,1035.2375000000002,8
24,2.7481877839510913,2.748187783951095,2.7481877839510913,1.0,0.135,0.4425314465408805,1315.75,1368.0,1035.2375000000002,8
25,2.7481877839510913,2.748187783951095,2.7481877839510913,1.0,0.135,0.4643867924528302,1315.75,1368.0,1035.2375000000002,8
1,3.833886258122327,21.97182785548591,107.1207435158986,1.0,0.06,0.35943396226414764,1315.75,1368.0,1035.2375000000002,8
2,3.833886258122327,9.846079376957208,61.31501447939014,1.0,0.06,0.25902964959567887,1315.75,1368.0,1035.2375000000002,8
3,3.833886258122327,5.003554098675748,31.67077607456106,1.0,0.06,0.13413915094339623,1315.75,1368.0,1035.2375000000002,8
4,3.833886258122327,3.880943143878065,11.362987979039445,1.0,0.06,0.024764150943395985,1315.75,1368.0,1035.2375000000002,8
5,3.833886258122327,3.833886258122333,3.833886258122327,1.0,0.06,0.03702830188679245,1315.75,1368.0,1035.2375000000002,8
6,3.833886258122327,3.833886258122333,3.833886258122327,1.0,0.06,0.07264150943396226,1315.75,1368.0,1035.2375000000002,8
7,3.833886258122327,3.833886258122333,3.833886258122327,1.0,0.06,0.1179245283018868,1315.75,1368.0,1035.2375000000002,8
8,3.833886258122327,3.833886258122333,3.833886258122327,1.0,0.06,0.07264150943396226,1315.75,1368.0,1035.2375000000002,8
9,3.833886258122327,3.833886258122333,3.833886258122327,1.0,0.06,0.024842767295597486,1315.75,1368.0,1035.2375000000002,8
10,3.833886258122327,3.833886258122333,3.833886258122327,1.0,0.06,0.03702830188679245,1315.75,1368.0,1035.2375000000002,8
11,3.833886258122327,3.833886258122333,3.833886258122327,1.0,0.09,0.04905660377358491,1315.75,1368.0,1035.2375000000002,8
12,3.833886258122327,3.833886258122333,3.833886258122327,1.0,0.09,0.024842767295597486,1315.75,1368.0,1035.2375000000002,8
13,3.833886258122327,3.833886258122333,3.833886258122327,1.0,0.09,0.03702830188679245,1315.75,1368.0,1035.2375000000002,8
14,3.833886258122327,3.833886258122333,3.833886258122327,1.0,0.09,0.03702830188679245,1315.75,1368.0,1035.2375000000002,8
15,3.833886258122327,3.833886258122333,3.833886258122327,1.0,0.09,0.06092767295597484,1315.75,1368.0,1035.2375000000002,8
16,3.833886258122327,3.833886258122333,3.833886258122327,1.0,0.09,0.10683962264150944,1315.75,1368.0,1035.2375000000002,8
17,3.833886258122327,3.833886258122333,3.833886258122327,1.0,0.09,0.1179245283018868,1315.75,1368.0,1035.2375000000002,8
18,3.833886258122327,3.833886258122333,3.833886258122327,1.0,0.09,0.1811320754716981,1315.75,1368.0,1035.2375000000002,8
19,3.833886258122327,3.833886258122333,3.833886258122327,1.0,0.09,0.2106132075471698,1315.75,1368.0,1035.2375000000002,8
20,3.833886258122327,3.833886258122333,3.833886258122327,1.0,0.09,0.19111635220125786,1315.75,1368.0,1035.2375000000002,8
21,3.833886258122327,4.023460589223471,34.16577923430445,1.0,0.135,0.08220649895178533,1315.75,1368.0,1035.2375000000002,8
22,3.833886258122327,3.833886258122333,3.833886258122327,1.0,0.135,0.17099056603773585,1315.75,1368.0,1035.2375000000002,8
23,3.833886258122327,3.833886258122333,3.833886258122327,1.0,0.135,0.13962264150943396,1315.75,1368.0,1035.2375000000002,8
24,3.833886258122327,3.833886258122333,3.833886258122327,1.0,0.135,0.15023584905660378,1315.75,1368.0,1035.2375000000002,8
25,3.833886258122327,3.833886258122333,3.833886258122327,1.0,0.135,0.2106132075471698,1315.75,1368.0,1035.2375000000002,8
1,2.239259603413837,22.109332093958244,95.82132479945992,1.0,0.06,0.31882206498952165,1315.75,1368.0,1035.2375000000002,8
2,2.239259603413837,10.457360360893626,47.03342626807836,1.0,0.06,0.3585167714884717,1315.75,1368.0,1035.2375000000002,8
3,2.239259603413837,3.6788393604541043,36.46701593176555,1.0,0.06,0.10423218029350115,1315.75,1368.0,1035.2375000000002,8
4,2.239259603413837,2.368376095182655,6.803208547261619,1.0,0.06,0.12389937106918239,1315.75,1368.0,1035.2375000000002,8
5,2.239259603413837,2.303090489959332,2.321622037666095,1.0,0.06,0.35094339622641507,1315.75,1368.0,1035.2375000000002,8
6,2.239259603413837,2.2886770639651868,2.321622037666095,1.0,0.06,0.4830188679245283,1315.75,1368.0,1035.2375000000002,8
7,2.239259603413837,2.2613945076191273,2.321622037666095,1.0,0.06,0.3955188679245283,1315.75,1368.0,1035.2375000000002,8
8,2.239259603413837,2.248525377267211,2.321622037666095,1.0,0.06,0.2009433962264151,1315.75,1368.0,1035.2375000000002,8
9,2.239259603413837,2.240289133841986,2.321622037666095,1.0,0.06,0.024842767295597486,1315.75,1368.0,1035.2375000000002,8
10,2.239259603413837,2.239259603413833,2.239259603413837,1.0,0.06,0.0,1315.75,1368.0,1035.2375000000002,8
11,2.239259603413837,2.239259603413833,2.239259603413837,1.0,0.09,0.0,1315.75,1368.0,1035.2375000000002,8
12,2.239259603413837,2.239259603413833,2.239259603413837,1.0,0.09,0.0,1315.75,1368.0,1035.2375000000002,8
13,2.239259603413837,2.239259603413833,2.239259603413837,1.0,0.09,0.0,1315.75,1368.0,1035.2375000000002,8
14,2.239259603413837,2.239259603413833,2.239259603413837,1.0,0.09,0.0,1315.75,1368.0,1035.2375000000002,8
15,2.239259603413837,2.239259603413833,2.239259603413837,1.0,0.09,0.0,1315.75,1368.0,1035.2375000000002,8
16,2.239259603413837,2.239259603413833,2.239259603413837,1.0,0.09,0.0,1315.75,1368.0,1035.2375000000002,8
17,2.239259603413837,2.239259603413833,2.239259603413837,1.0,0.09,0.0,1315.75,1368.0,1035.2375000000002,8
18,2.239259603413837,2.239259603413833,2.239259603413837,1.0,0.09,0.0,1315.75,1368.0,1035.2375000000002,8
19,2.239259603413837,2.239259603413833,2.239259603413837,1.0,0.09,0.0,1315.75,1368.0,1035.2375000000002,8
20,2.239259603413837,2.239259603413833,2.239259603413837,1.0,0.09,0.0,1315.75,1368.0,1035.2375000000002,8
21,2.239259603413837,2.2397743686279097,2.321622037666095,1.0,0.135,0.0125,1315.75,1368.0,1035.2375000000002,8
22,2.239259603413837,2.239259603413833,2.239259603413837,1.0,0.135,0.0,1315.75,1368.0,1035.2375000000002,8
23,2.239259603413837,2.239259603413833,2.239259603413837,1.0,0.135,0.0,1315.75,1368.0,1035.2375000000002,8
24,2.239259603413837,2.239259603413833,2.239259603413837,1.0,0.135,0.0,1315.75,1368.0,1035.2375000000002,8
25,2.239259603413837,2.239259603413833,2.239259603413837,1.0,0.135,0.0,1315.75,1368.0,1035.2375000000002,8
1,2.068709559546231,22.39245460057611,103.023877931121,1.0,0.06,0.2877920035938776,1315.75,1368.0,1035.2375000000002,8
2,2.068709559546231,10.42231240589785,51.847245540220825,1.0,0.06,0.3447720125786186,1315.75,1368.0,1035.2375000000002,8
3,2.068709559546231,5.415164638512877,28.870448926175325,1.0,0.06,0.18777515723270555,1315.75,1368.0,1035.2375000000002,8
4,2.068709559546231,3.205150351979822,19.40602619904706,1.0,0.06,0.15678721174003613,1315.75,1368.0,1035.2375000000002,8
5,2.068709559546231,2.6212981248077476,2.7140684678808524,1.0,0.06,0.35904088050314464,1315.75,1368.0,1035.2375000000002,8
6,2.068709559546231,2.524494288557554,2.7140684678808524,1.0,0.06,0.4686320754716981,1315.75,1368.0,1035.2375000000002,8
7,2.068709559546231,2.3873555205364463,2.7140684678808524,1.0,0.06,0.53812893081761,1315.75,1368.0,1035.2375000000002,8
8,2.068709559546231,2.1897143548589675,2.7140684678808524,1.0,0.06,0.3088836477987421,1315.75,1368.0,1035.2375000000002,8
9,2.068709559546231,2.1090444913171393,2.7140684678808524,1.0,0.06,0.1179245283018868,1315.75,1368.0,1035.2375000000002,8
10,2.068709559546231,2.0687095595462255,2.068709559546231,1.0,0.06,0.0,1315.75,1368.0,1035.2375000000002,8
11,2.068709559546231,2.0727430527233173,2.7140684678808524,1.0,0.09,0.0125,1315.75,1368.0,1035.2375000000002,8
12,2.068709559546231,2.0687095595462255,2.068709559546231,1.0,0.09,0.0,1315.75,1368.0,1035.2375000000002,8
13,2.068709559546231,2.0687095595462255,2.068709559546231,1.0,0.09,0.0,1315.75,1368.0,1035.2375000000002,8
14,2.068709559546231,2.0687095595462255,2.068709559546231,1.0,0.09,0.0,1315.75,1368.0,1035.2375000000002,8
15,2.068709559546231,2.0687095595462255,2.068709559546231,1.0,0.09,0.0,1315.75,1368.0,1035.2375000000002,8
16,2.068709559546231,2.0687095595462255,2.068709559546231,1.0,0.09,0.0,1315.75,1368.0,1035.2375000000002,8
17,2.068709559546231,2.0687095595462255,2.068709559546231,1.0,0.09,0.0,1315.75,1368.0,1035.2375000000002,8
18,2.068709559546231,2.0687095595462255,2.068709559546231,1.0,0.09,0.0,1315.75,1368.0,1035.2375000000002,8
19,2.068709559546231,2.0687095595462255,2.068709559546231,1.0,0.09,0.0,1315.75,1368.0,1035.2375000000002,8
20,2.068709559546231,2.0687095595462255,2.068709559546231,1.0,0.09,0.0,1315.75,1368.0,1035.2375000000002,8
21,2.068709559546231,2.0727430527233173,2.7140684678808524,1.0,0.135,0.0125,1315.75,1368.0,1035.2375000000002,8
22,2.068709559546231,2.0687095595462255,2.068709559546231,1.0,0.135,0.0,1315.75,1368.0,1035.2375000000002,8
23,2.068709559546231,2.0687095595462255,2.068709559546231,1.0,0.135,0.0,1315.75,1368.0,1035.2375000000002,8
24,2.068709559546231,2.0687095595462255,2.068709559546231,1.0,0.135,0.0,1315.75,1368.0,1035.2375000000002,8
25,2.068709559546231,2.0687095595462255,2.068709559546231,1.0,0.135,0.0,1315.75,1368.0,1035.2375000000002,8
1,1.5730277606011644,20.622446542614103,76.44675894843172,1.0,0.06,0.4091457023060642,1315.75,1368.0,1035.2375000000002,8
2,1.5730277606011644,8.9940287464378,51.381605002271506,1.0,0.06,0.2554020664869726,1315.75,1368.0,1035.2375000000002,8
3,1.5730277606011644,4.5102187456326215,26.77595360073104,1.0,0.06,0.2244300314465409,1315.75,1368.0,1035.2375000000002,8
4,1.5730277606011644,2.5557676814861483,16.267149012142543,1.0,0.06,0.15165094339621635,1315.75,1368.0,1035.2375000000002,8
5,1.5730277606011644,2.201023312770097,2.6534502159455666,1.0,0.06,0.48985849056603775,1315.75,1368.0,1035.2375000000002,8
6,1.5730277606011644,1.9039071375503913,2.6534502159455666,1.0,0.06,0.4275943396226415,1315.75,1368.0,1035.2375000000002,8
7,1.5730277606011644,1.6473068044060977,2.6534502159455666,1.0,0.06,0.12885220125786165,1315.75,1368.0,1035.2375000000002,8
8,1.5730277606011644,1.5797804009470737,2.6534502159455666,1.0,0.06,0.0125,1315.75,1368.0,1035.2375000000002,8
9,1.5730277606011644,1.573027760601171,1.5730277606011644,1.0,0.06,0.0,1315.75,1368.0,1035.2375000000002,8
10,1.5730277606011644,1.573027760601171,1.5730277606011644,1.0,0.06,0.0,1315.75,1368.0,1035.2375000000002,8
11,1.5730277606011644,1.5797804009470737,2.6534502159455666,1.0,0.09,0.0125,1315.75,1368.0,1035.2375000000002,8
12,1.5730277606011644,1.573027760601171,1.5730277606011644,1.0,0.09,0.0,1315.75,1368.0,1035.2375000000002,8
13,1.5730277606011644,1.573027760601171,1.5730277606011644,1.0,0.09,0.0,1315.75,1368.0,1035.2375000000002,8
14,1.5730277606011644,1.573027760601171,1.5730277606011644,1.0,0.09,0.0,1315.75,1368.0,1035.2375000000002,8
15,1.5730277606011644,1.573027760601171,1.5730277606011644,1.0,0.09,0.0,1315.75,1368.0,1035.2375000000002,8
16,1.5730277606011644,1.573027760601171,1.5730277606011644,1.0,0.09,0.0,1315.75,1368.0,1035.2375000000002,8
17,1.5730277606011644,1.573027760601171,1.5730277606011644,1.0,0.09,0.0,1315.75,1368.0,1035.2375000000002,8
18,1.5730277606011644,1.573027760601171,1.5730277606011644,1.0,0.09,0.0,1315.75,1368.0,1035.2375000000002,8
19,1.5730277606011644,1.573027760601171,1.5730277606011644,1.0,0.09,0.0,1315.75,1368.0,1035.2375000000002,8
20,1.5730277606011644,1.573027760601171,1.5730277606011644,1.0,0.09,0.0,1315.75,1368.0,1035.2375000000002,8
21,1.5730277606011644,1.573027760601171,1.5730277606011644,1.0,0.135,0.0,1315.75,1368.0,1035.2375000000002,8
22,1.5730277606011644,1.573027760601171,1.5730277606011644,1.0,0.135,0.0,1315.75,1368.0,1035.2375000000002,8
23,1.5730277606011644,1.573027760601171,1.5730277606011644,1.0,0.135,0.0,1315.75,1368.0,1035.2375000000002,8
24,1.5730277606011644,1.573027760601171,1.5730277606011644,1.0,0.135,0.0,1315.75,1368.0,1035.2375000000002,8
25,1.5730277606011644,1.573027760601171,1.5730277606011644,1.0,0.135,0.0,1315.75,1368.0,1035.2375000000002,8
1,4.057821925603252,22.350560365503004,89.99680546281834,1.0,0.06,0.39558962264151354,1315.75,1368.0,1035.2375000000002,8
2,4.057821925603252,10.10570147295621,55.53941523032943,1.0,0.06,0.19375000000000397,1315.75,1368.0,1035.2375000000002,8
3,4.057821925603252,5.274803196287369,25.118306267206524,1.0,0.06,0.1715998427672956,1315.75,1368.0,1035.2375000000002,8
4,4.057821925603252,4.148278787690145,14.839469976213671,1.0,0.06,0.037224842767295596,1315.75,1368.0,1035.2375000000002,8
5,4.057821925603252,4.057821925603249,4.057821925603252,1.0,0.06,0.0,1315.75,1368.0,1035.2375000000002,8
6,4.057821925603252,4.057821925603249,4.057821925603252,1.0,0.06,0.0,1315.75,1368.0,1035.2375000000002,8
7,4.057821925603252,4.057821925603249,4.057821925603252,1.0,0.06,0.0,1315.75,1368.0,1035.2375000000002,8
8,4.057821925603252,4.057821925603249,4.057821925603252,1.0,0.06,0.0,1315.75,1368.0,1035.2375000000002,8
9,4.057821925603252,4.057821925603249,4.057821925603252,1.0,0.06,0.0,1315.75,1368.0,1035.2375000000002,8
10,4.057821925603252,4.057821925603249,4.057821925603252,1.0,0.06,0.0,1315.75,1368.0,1035.2375000000002,8
11,2.782679363906738,4.041882643582043,4.057821925603252,1.0,0.09,0.024842767295597486,1315.75,1368.0,1035.2375000000002,8
12,2.782679363906738,4.010004079539631,4.057821925603252,1.0,0.063,0.07264150943396226,1315.75,1368.0,1035.2375000000002,8
13,2.782679363906738,3.930307669433599,4.057821925603252,1.0,0.063,0.1811320754716981,1315.75,1368.0,1035.2375000000002,8
14,2.782679363906738,3.7151273621473164,4.057821925603252,1.0,0.063,0.3955188679245283,1315.75,1368.0,1035.2375000000002,8
15,2.782679363906738,3.4919774138504303,4.057821925603252,1.0,0.063,0.49677672955974844,1315.75,1368.0,1035.2375000000002,8
16,2.782679363906738,3.093495363320275,4.057821925603252,1.0,0.063,0.37099056603773584,1315.75,1368.0,1035.2375000000002,8
17,2.782679363906738,2.8384668509809723,4.057821925603252,1.0,0.063,0.08419811320754716,1315.75,1368.0,1035.2375000000002,8
18,2.782679363906738,2.78267936390675,2.782679363906738,1.0,0.063,0.0,1315.75,1368.0,1035.2375000000002,8
19,2.782679363906738,2.78267936390675,2.782679363906738,1.0,0.063,0.0,1315.75,1368.0,1035.2375000000002,8
20,2.782679363906738,2.78267936390675,2.782679363906738,1.0,0.063,0.0,1315.75,1368.0,1035.2375000000002,8
21,2.782679363906738,2.78267936390675,2.782679363906738,1.0,0.063,0.0,1315.75,1368.0,1035.2375000000002,8
22,2.782679363906738,2.790649004917353,4.057821925603252,1.0,0.0945,0.0125,1315.75,1368.0,1035.2375000000002,8
23,2.782679363906738,2.78267936390675,2.782679363906738,1.0,0.0945,0.0,1315.75,1368.0,1035.2375000000002,8
24,2.782679363906738,2.78267936390675,2.782679363906738,1.0,0.0945,0.0,1315.75,1368.0,1035.2375000000002,8
25,2.782679363906738,2.78267936390675,2.782679363906738,1.0,0.0945,0.0,1315.75,1368.0,1035.2375000000002,8
26,2.782679363906738,2.78267936390675,2.782679363906738,1.0,0.0945,0.0,1315.75,1368.0,1035.2375000000002,8
27,2.782679363906738,2.78267936390675,2.782679363906738,1.0,0.0945,0.0,1315.75,1368.0,1035.2375000000002,8
28,2.782679363906738,2.78267936390675,2.782679363906738,1.0,0.0945,0.0,1315.75,1368.0,1035.2375000000002,8
29,2.782679363906738,2.78267936390675,2.782679363906738,1.0,0.0945,0.0,1315.75,1368.0,1035.2375000000002,8
30,2.782679363906738,2.78267936390675,2.782679363906738,1.0,0.0945,0.0,1315.75,1368.0,1035.2375000000002,8
31,2.782679363906738,2.78267936390675,2.782679363906738,1.0,0.0945,0.0,1315.75,1368.0,1035.2375000000002,8
32,2.782679363906738,2.8053893212937107,6.416272545820473,1.0,0.14175,0.0125,1315.75,1368.0,1035.2375000000002,8
33,2.782679363906738,2.78267936390675,2.782679363906738,1.0,0.14175,0.0,1315.75,1368.0,1035.2375000000002,8
34,2.782679363906738,2.78267936390675,2.782679363906738,1.0,0.14175,0.0,1315.75,1368.0,1035.2375000000002,8
35,2.782679363906738,2.78267936390675,2.782679363906738,1.0,0.14175,0.0,1315.75,1368.0,1035.2375000000002,8
36,2.782679363906738,2.78267936390675,2.782679363906738,1.0,0.14175,0.0,1315.75,1368.0,1035.2375000000002,8
1,1.859655675088633,22.805428178115903,96.502277794221,1.0,0.06,0.3545466457023063,1315.75,1368.0,1035.2375000000002,8
2,1.859655675088633,8.120473848379334,37.89092913854424,1.0,0.06,0.405188679245283,1315.75,1368.0,1035.2375000000002,8
3,1.859655675088633,4.572117867581091,20.891038110399794,1.0,0.06,0.36954926624737133,1315.75,1368.0,1035.2375000000002,8
4,1.859655675088633,3.434122301001035,14.623061285598316,1.0,0.06,0.5531839622641509,1315.75,1368.0,1035.2375000000002,8
5,1.859655675088633,2.911980283791995,3.5302773553173616,1.0,0.06,0.5901729559748428,1315.75,1368.0,1035.2375000000002,8
6,1.859655675088633,2.582512808761707,3.5302773553173616,1.0,0.06,0.5124213836477988,1315.75,1368.0,1035.2375000000002,8
7,1.859655675088633,2.272828771821156,3.5302773553173616,1.0,0.06,0.3203616352201258,1315.75,1368.0,1035.2375000000002,8
8,1.859655675088633,2.0262554455003468,2.7481877839510913,1.0,0.06,0.3164308176100629,1315.75,1368.0,1035.2375000000002,8
9,1.859655675088633,1.8874223034905877,2.7481877839510913,1.0,0.06,0.061242138364779874,1315.75,1368.0,1035.2375000000002,8
10,1.859655675088633,1.8596556750886364,1.859655675088633,1.0,0.06,0.0,1315.75,1368.0,1035.2375000000002,8
11,1.859655675088633,1.8596556750886364,1.859655675088633,1.0,0.09,0.0,1315.75,1368.0,1035.2375000000002,8
12,1.859655675088633,1.8596556750886364,1.859655675088633,1.0,0.09,0.0,1315.75,1368.0,1035.2375000000002,8
13,1.859655675088633,1.8596556750886364,1.859655675088633,1.0,0.09,0.0,1315.75,1368.0,1035.2375000000002,8
14,1.859655675088633,1.8596556750886364,1.859655675088633,1.0,0.09,0.0,1315.75,1368.0,1035.2375000000002,8
15,1.859655675088633,1.8596556750886364,1.859655675088633,1.0,0.09,0.0,1315.75,1368.0,1035.2375000000002,8
16,1.859655675088633,1.8596556750886364,1.859655675088633,1.0,0.09,0.0,1315.75,1368.0,1035.2375000000002,8
17,1.859655675088633,1.8596556750886364,1.859655675088633,1.0,0.09,0.0,1315.75,1368.0,1035.2375000000002,8
18,1.859655675088633,1.8596556750886364,1.859655675088633,1.0,0.09,0.0,1315.75,1368.0,1035.2375000000002,8
19,1.859655675088633,1.8596556750886364,1.859655675088633,1.0,0.09,0.0,1315.75,1368.0,1035.2375000000002,8
20,1.859655675088633,1.8596556750886364,1.859655675088633,1.0,0.09,0.0,1315.75,1368.0,1035.2375000000002,8
21,1.859655675088633,1.8700970605900658,3.5302773553173616,1.0,0.135,0.0125,1315.75,1368.0,1035.2375000000002,8
22,1.859655675088633,1.8596556750886364,1.859655675088633,1.0,0.135,0.0,1315.75,1368.0,1035.2375000000002,8
23,1.859655675088633,1.8596556750886364,1.859655675088633,1.0,0.135,0.0,1315.75,1368.0,1035.2375000000002,8
24,1.859655675088633,1.8596556750886364,1.859655675088633,1.0,0.135,0.0,1315.75,1368.0,1035.2375000000002,8
25,1.859655675088633,1.8596556750886364,1.859655675088633,1.0,0.135,0.0,1315.75,1368.0,1035.2375000000002,8
1,0.952527842973678,24.137950911147488,102.92060542012288,1.0,0.06,0.34588574423480445,1315.75,1368.0,1035.2375000000002,8
2,0.952527842973678,13.071707666463695,63.937815427132946,1.0,0.06,0.365509883198551,1315.75,1368.0,1035.2375000000002,8
3,0.952527842973678,4.980854097809482,34.546392754783355,1.0,0.06,0.2763561320754717,1315.75,1368.0,1035.2375000000002,8
4,0.952527842973678,1.5968824716473047,16.14951471831091,1.0,0.06,0.07319182389937107,1315.75,1368.0,1035.2375000000002,8
5,0.952527842973678,1.3559931986341272,1.3857792316023456,1.0,0.06,0.12885220125786165,1315.75,1368.0,1035.2375000000002,8
6,0.952527842973678,1.3045445962344715,1.3857792316023456,1.0,0.06,0.30660377358490565,1315.75,1368.0,1035.2375000000002,8
7,0.952527842973678,1.2341412455823118,1.3857792316023456,1.0,0.06,0.4578616352201258,1315.75,1368.0,1035.2375000000002,8
8,0.952527842973678,1.1474909678565777,1.3857792316023456,1.0,0.06,0.4981132075471698,1315.75,1368.0,1035.2375000000002,8
9,0.952527842973678,1.0689641536676309,1.3857792316023456,1.0,0.06,0.3955188679245283,1315.75,1368.0,1035.2375000000002,8
10,0.952527842973678,0.9904373394786858,1.3857792316023456,1.0,0.06,0.16069182389937106,1315.75,1368.0,1035.2375000000002,8
11,0.952527842973678,0.9525278429736772,0.952527842973678,1.0,0.09,0.0,1315.75,1368.0,1035.2375000000002,8
12,0.952527842973678,0.9525278429736772,0.952527842973678,1.0,0.09,0.0,1315.75,1368.0,1035.2375000000002,8
13,0.952527842973678,0.9525278429736772,0.952527842973678,1.0,0.09,0.0,1315.75,1368.0,1035.2375000000002,8
14,0.952527842973678,0.9525278429736772,0.952527842973678,1.0,0.09,0.0,1315.75,1368.0,1035.2375000000002,8
15,0.952527842973678,0.9525278429736772,0.952527842973678,1.0,0.09,0.0,1315.75,1368.0,1035.2375000000002,8
16,0.952527842973678,0.9525278429736772,0.952527842973678,1.0,0.09,0.0,1315.75,1368.0,1035.2375000000002,8
17,0.952527842973678,0.9525278429736772,0.952527842973678,1.0,0.09,0.0,1315.75,1368.0,1035.2375000000002,8
18,0.952527842973678,0.9525278429736772,0.952527842973678,1.0,0.09,0.0,1315.75,1368.0,1035.2375000000002,8
19,0.952527842973678,0.9525278429736772,0.952527842973678,1.0,0.09,0.0,1315.75,1368.0,1035.2375000000002,8
20,0.952527842973678,0.9525278429736772,0.952527842973678,1.0,0.09,0.0,1315.75,1368.0,1035.2375000000002,8
21,0.952527842973678,1.0952596012444502,23.789609166297705,1.0,0.135,0.0125,1315.75,1368.0,1035.2375000000002,8
22,0.952527842973678,0.9525278429736772,0.952527842973678,1.0,0.135,0.0,1315.75,1368.0,1035.2375000000002,8
23,0.952527842973678,0.9525278429736772,0.952527842973678,1.0,0.135,0.0,1315.75,1368.0,1035.2375000000002,8
24,0.952527842973678,0.9525278429736772,0.952527842973678,1.0,0.135,0.0,1315.75,1368.0,1035.2375000000002,8
25,0.952527842973678,0.9525278429736772,0.952527842973678,1.0,0.135,0.0,1315.75,1368.0,1035.2375000000002,8
1,1.2003806574424256,20.528917654007067,74.41617001457078,1.0,0.06,0.374811320754721,1315.75,1368.0,1035.2375000000002,8
2,1.2003806574424256,9.773980147746839,56.19598103864707,1.0,0.06,0.2939914645103379,1315.75,1368.0,1035.2375000000002,8
3,1.2003806574424256,3.4003113721110574,27.284009279814903,1.0,0.06,0.20023584905660377,1315.75,1368.0,1035.2375000000002,8
4,1.2003806574424256,1.7857321543106939,20.03920667516055,1.0,0.06,0.11483228511530298,1315.75,1368.0,1035.2375000000002,8
5,1.2003806574424256,1.3417470702393663,1.3857792316023456,1.0,0.06,0.38333333333333336,1315.75,1368.0,1035.2375000000002,8
6,1.2003806574424256,1.2977149088763844,1.3857792316023456,1.0,0.06,0.5084119496855346,1315.75,1368.0,1035.2375000000002,8
7,1.2003806574424256,1.2502065242479032,1.3857792316023456,1.0,0.06,0.39882075471698114,1315.75,1368.0,1035.2375000000002,8
8,1.2003806574424256,1.20965058615042,1.3857792316023456,1.0,0.06,0.09559748427672957,1315.75,1368.0,1035.2375000000002,8
9,1.2003806574424256,1.2015393985309233,1.3857792316023456,1.0,0.06,0.0125,1315.75,1368.0,1035.2375000000002,8
10,1.2003806574424256,1.2003806574424236,1.2003806574424256,1.0,0.06,0.0,1315.75,1368.0,1035.2375000000002,8
11,1.2003806574424256,1.2015393985309233,1.3857792316023456,1.0,0.09,0.0125,1315.75,1368.0,1035.2375000000002,8
12,1.2003806574424256,1.2003806574424236,1.2003806574424256,1.0,0.09,0.0,1315.75,1368.0,1035.2375000000002,8
13,1.2003806574424256,1.2003806574424236,1.2003806574424256,1.0,0.09,0.0,1315.75,1368.0,1035.2375000000002,8
14,1.2003806574424256,1.2003806574424236,1.2003806574424256,1.0,0.09,0.0,1315.75,1368.0,1035.2375000000002,8
15,1.2003806574424256,1.2003806574424236,1.2003806574424256,1.0,0.09,0.0,1315.75,1368.0,1035.2375000000002,8
16,1.2003806574424256,1.2003806574424236,1.2003806574424256,1.0,0.09,0.0,1315.75,1368.0,1035.2375000000002,8
17,1.2003806574424256,1.2003806574424236,1.2003806574424256,1.0,0.09,0.0,1315.75,1368.0,1035.2375000000002,8
18,1.2003806574424256,1.2003806574424236,1.2003806574424256,1.0,0.09,0.0,1315.75,1368.0,1035.2375000000002,8
19,1.2003806574424256,1.2003806574424236,1.2003806574424256,1.0,0.09,0.0,1315.75,1368.0,1035.2375000000002,8
20,1.2003806574424256,1.2003806574424236,1.2003806574424256,1.0,0.09,0.0,1315.75,1368.0,1035.2375000000002,8
21,1.2003806574424256,1.2015393985309233,1.3857792316023456,1.0,0.135,0.0125,1315.75,1368.0,1035.2375000000002,8
22,1.2003806574424256,1.2003806574424236,1.2003806574424256,1.0,0.135,0.0,1315.75,1368.0,1035.2375000000002,8
23,1.2003806574424256,1.2003806574424236,1.2003806574424256,1.0,0.135,0.0,1315.75,1368.0,1035.2375000000002,8
24,1.2003806574424256,1.2003806574424236,1.2003806574424256,1.0,0.135,0.0,1315.75,1368.0,1035.2375000000002,8
25,1.2003806574424256,1.2003806574424236,1.2003806574424256,1.0,0.135,0.0,1315.75,1368.0,1035.2375000000002,8
1,1.6963392631424123,22.389417356891947,108.12830591675102,1.0,0.06,0.33159067085953875,1315.75,1368.0,1035.2375000000002,8
2,1.6963392631424123,9.087199791609521,73.16383767195119,1.0,0.06,0.28727725366877016,1315.75,1368.0,1035.2375000000002,8
3,1.6963392631424123,4.427311322257887,27.024937110486075,1.0,0.06,0.16688286163522012,1315.75,1368.0,1035.2375000000002,8
4,1.6963392631424123,3.071330992682496,21.542776673513238,1.0,0.06,0.0702568134171923,1315.75,1368.0,1035.2375000000002,8
5,1.6963392631424123,2.8120527593298115,3.048719258521072,1.0,0.06,0.33081761006289306,1315.75,1368.0,1035.2375000000002,8
6,1.6963392631424123,2.5669338851674284,3.048719258521072,1.0,0.06,0.507311320754717,1315.75,1368.0,1035.2375000000002,8
7,1.6963392631424123,2.220386511351646,3.048719258521072,1.0,0.06,0.4871069182389937,1315.75,1368.0,1035.2375000000002,8
8,1.6963392631424123,1.8231248877091637,3.048719258521072,1.0,0.06,0.17099056603773585,1315.75,1368.0,1035.2375000000002,8
9,1.6963392631424123,1.7047916381135313,3.048719258521072,1.0,0.06,0.0125,1315.75,1368.0,1035.2375000000002,8
10,1.6963392631424123,1.6963392631424146,1.6963392631424123,1.0,0.06,0.0,1315.75,1368.0,1035.2375000000002,8
11,1.6963392631424123,1.6963392631424146,1.6963392631424123,1.0,0.09,0.0,1315.75,1368.0,1035.2375000000002,8
12,1.6963392631424123,1.6963392631424146,1.6963392631424123,1.0,0.09,0.0,1315.75,1368.0,1035.2375000000002,8
13,1.6963392631424123,1.6963392631424146,1.6963392631424123,1.0,0.09,0.0,1315.75,1368.0,1035.2375000000002,8
14,1.6963392631424123,1.6963392631424146,1.6963392631424123,1.0,0.09,0.0,1315.75,1368.0,1035.2375000000002,8
15,1.6963392631424123,1.6963392631424146,1.6963392631424123,1.0,0.09,0.0,1315.75,1368.0,1035.2375000000002,8
16,1.6963392631424123,1.6963392631424146,1.6963392631424123,1.0,0.09,0.0,1315.75,1368.0,1035.2375000000002,8
17,1.6963392631424123,1.6963392631424146,1.6963392631424123,1.0,0.09,0.0,1315.75,1368.0,1035.2375000000002,8
18,1.6963392631424123,1.6963392631424146,1.6963392631424123,1.0,0.09,0.0,1315.75,1368.0,1035.2375000000002,8
19,1.6963392631424123,1.6963392631424146,1.6963392631424123,1.0,0.09,0.0,1315.75,1368.0,1035.2375000000002,8
20,1.6963392631424123,1.6963392631424146,1.6963392631424123,1.0,0.09,0.0,1315.75,1368.0,1035.2375000000002,8
21,1.6963392631424123,1.6963392631424146,1.6963392631424123,1.0,0.135,0.0,1315.75,1368.0,1035.2375000000002,8
22,1.6963392631424123,1.6963392631424146,1.6963392631424123,1.0,0.135,0.0,1315.75,1368.0,1035.2375000000002,8
23,1.6963392631424123,1.6963392631424146,1.6963392631424123,1.0,0.135,0.0,1315.75,1368.0,1035.2375000000002,8
24,1.6963392631424123,1.6963392631424146,1.6963392631424123,1.0,0.135,0.0,1315.75,1368.0,1035.2375000000002,8
25,1.6963392631424123,1.6963392631424146,1.6963392631424123,1.0,0.135,0.0,1315.75,1368.0,1035.2375000000002,8
1,1.4763137884174622,20.27336103246571,86.6434949895796,1.0,0.06,0.42053633822499836,1315.75,1368.0,1035.2375000000002,8
2,1.4763137884174622,8.969281914586137,58.97356692761259,1.0,0.06,0.3348663522012549,1315.75,1368.0,1035.2375000000002,8
3,1.4763137884174622,2.9546879301542877,26.20727120542424,1.0,0.06,0.17120676100628932,1315.75,1368.0,1035.2375000000002,8
4,1.4763137884174622,1.5197773846841087,8.25381465392825,1.0,0.06,0.024882075471698115,1315.75,1368.0,1035.2375000000002,8
5,1.4763137884174622,1.4763137884174586,1.4763137884174622,1.0,0.06,0.0125,1315.75,1368.0,1035.2375000000002,8
6,1.4763137884174622,1.4763137884174586,1.4763137884174622,1.0,0.06,0.0,1315.75,1368.0,1035.2375000000002,8
7,1.4763137884174622,1.4763137884174586,1.4763137884174622,1.0,0.06,0.0,1315.75,1368.0,1035.2375000000002,8
8,1.4763137884174622,1.4763137884174586,1.4763137884174622,1.0,0.06,0.0,1315.75,1368.0,1035.2375000000002,8
9,1.4763137884174622,1.4763137884174586,1.4763137884174622,1.0,0.06,0.0,1315.75,1368.0,1035.2375000000002,8
10,1.4763137884174622,1.4763137884174586,1.4763137884174622,1.0,0.06,0.0,1315.75,1368.0,1035.2375000000002,8
11,1.4763137884174622,1.7054465077663945,24.301477615724423,1.0,0.09,0.020780922431865752,1315.75,1368.0,1035.2375000000002,8
12,1.4763137884174622,1.4763137884174586,1.4763137884174622,1.0,0.09,0.0,1315.75,1368.0,1035.2375000000002,8
13,1.4763137884174622,1.4763137884174586,1.4763137884174622,1.0,0.09,0.0,1315.75,1368.0,1035.2375000000002,8
14,1.4763137884174622,1.4763137884174586,1.4763137884174622,1.0,0.09,0.0,1315.75,1368.0,1035.2375000000002,8
15,1.4763137884174622,1.4763137884174586,1.4763137884174622,1.0,0.09,0.0,1315.75,1368.0,1035.2375000000002,8
16,1.4763137884174622,1.4763137884174586,1.4763137884174622,1.0,0.09,0.0,1315.75,1368.0,1035.2375000000002,8
17,1.4763137884174622,1.4763137884174586,1.4763137884174622,1.0,0.09,0.0,1315.75,1368.0,1035.2375000000002,8
18,1.4763137884174622,1.4763137884174586,1.4763137884174622,1.0,0.09,0.0,1315.75,1368.0,1035.2375000000002,8
19,1.4763137884174622,1.4763137884174586,1.4763137884174622,1.0,0.09,0.0,1315.75,1368.0,1035.2375000000002,8
20,1.4763137884174622,1.4763137884174586,1.4763137884174622,1.0,0.09,0.0,1315.75,1368.0,1035.2375000000002,8
21,1.4763137884174622,1.4763137884174586,1.4763137884174622,1.0,0.135,0.0,1315.75,1368.0,1035.2375000000002,8
22,1.4763137884174622,1.4763137884174586,1.4763137884174622,1.0,0.135,0.0,1315.75,1368.0,1035.2375000000002,8
23,1.4763137884174622,1.4763137884174586,1.4763137884174622,1.0,0.135,0.0,1315.75,1368.0,1035.2375000000002,8
24,1.4763137884174622,1.4763137884174586,1.4763137884174622,1.0,0.135,0.0,1315.75,1368.0,1035.2375000000002,8
25,1.4763137884174622,1.4763137884174586,1.4763137884174622,1.0,0.135,0.0,1315.75,1368.0,1035.2375000000002,8
1,2.0384127435848898,20.29263594527297,74.17548892758354,1.0,0.06,0.3798820754717082,1315.75,1368.0,1035.2375000000002,8
2,2.0384127435848898,8.79512148050116,57.18250427060154,1.0,0.06,0.33679245283018955,1315.75,1368.0,1035.2375000000002,8
3,2.0384127435848898,3.426025036844584,30.816365335921628,1.0,0.06,0.12775157232704404,1315.75,1368.0,1035.2375000000002,8
4,2.0384127435848898,2.353489834318243,15.795306780393279,1.0,0.06,0.03296645702306088,1315.75,1368.0,1035.2375000000002,8
5,2.0384127435848898,2.234829167865732,2.2465361070612824,1.0,0.06,0.10683962264150944,1315.75,1368.0,1035.2375000000002,8
6,2.0384127435848898,2.2244229996919125,2.2465361070612824,1.0,0.06,0.19111635220125786,1315.75,1368.0,1035.2375000000002,8
7,2.0384127435848898,2.1919037241487276,2.2465361070612824,1.0,0.06,0.389622641509434,1315.75,1368.0,1035.2375000000002,8
8,2.0384127435848898,2.16068521962727,2.2465361070612824,1.0,0.06,0.4877358490566038,1315.75,1368.0,1035.2375000000002,8
9,2.0384127435848898,2.104752065692992,2.2465361070612824,1.0,0.06,0.4370283018867924,1315.75,1368.0,1035.2375000000002,8
10,2.0384127435848898,2.051420453802169,2.2465361070612824,1.0,0.06,0.1179245283018868,1315.75,1368.0,1035.2375000000002,8
11,2.0384127435848898,2.038412743584895,2.0384127435848898,1.0,0.09,0.0,1315.75,1368.0,1035.2375000000002,8
12,2.0384127435848898,2.038412743584895,2.0384127435848898,1.0,0.09,0.0,1315.75,1368.0,1035.2375000000002,8
13,2.0384127435848898,2.038412743584895,2.0384127435848898,1.0,0.09,0.0,1315.75,1368.0,1035.2375000000002,8
14,2.0384127435848898,2.038412743584895,2.0384127435848898,1.0,0.09,0.0,1315.75,1368.0,1035.2375000000002,8
15,2.0384127435848898,2.038412743584895,2.0384127435848898,1.0,0.09,0.0,1315.75,1368.0,1035.2375000000002,8
16,2.0384127435848898,2.038412743584895,2.0384127435848898,1.0,0.09,0.0,1315.75,1368.0,1035.2375000000002,8
17,2.0384127435848898,2.038412743584895,2.0384127435848898,1.0,0.09,0.0,1315.75,1368.0,1035.2375000000002,8
18,2.0384127435848898,2.038412743584895,2.0384127435848898,1.0,0.09,0.0,1315.75,1368.0,1035.2375000000002,8
19,2.0384127435848898,2.038412743584895,2.0384127435848898,1.0,0.09,0.0,1315.75,1368.0,1035.2375000000002,8
20,2.0384127435848898,2.038412743584895,2.0384127435848898,1.0,0.09,0.0,1315.75,1368.0,1035.2375000000002,8
21,2.0384127435848898,2.0980250232213953,11.36825412194856,1.0,0.135,0.024921383647798744,1315.75,1368.0,1035.2375000000002,8
22,2.0384127435848898,2.038412743584895,2.0384127435848898,1.0,0.135,0.0,1315.75,1368.0,1035.2375000000002,8
23,2.0384127435848898,2.038412743584895,2.0384127435848898,1.0,0.135,0.0,1315.75,1368.0,1035.2375000000002,8
24,2.0384127435848898,2.038412743584895,2.0384127435848898,1.0,0.135,0.0,1315.75,1368.0,1035.2375000000002,8
25,2.0384127435848898,2.038412743584895,2.0384127435848898,1.0,0.135,0.0,1315.75,1368.0,1035.2375000000002,8
1,1.4763137884174622,22.457108586259622,106.36372166170568,1.0,0.06,0.33713967505240894,1315.75,1368.0,1035.2375000000002,8
2,1.4763137884174622,10.792936704145058,68.98945535798569,1.0,0.06,0.27672955974842767,1315.75,1368.0,1035.2375000000002,8
3,1.4763137884174622,3.962146356762811,27.716562780490694,1.0,0.06,0.23571802935009747,1315.75,1368.0,1035.2375000000002,8
4,1.4763137884174622,1.7378472168212373,15.568729337902438,1.0,0.06,0.07936320754716981,1315.75,1368.0,1035.2375000000002,8
5,1.4763137884174622,1.4763137884174586,1.4763137884174622,1.0,0.06,0.024842767295597486,1315.75,1368.0,1035.2375000000002,8
6,1.4763137884174622,1.4763137884174586,1.4763137884174622,1.0,0.06,0.024842767295597486,1315.75,1368.0,1035.2375000000002,8
7,1.4763137884174622,1.4763137884174586,1.4763137884174622,1.0,0.06,0.0125,1315.75,1368.0,1035.2375000000002,8
8,1.4763137884174622,1.4763137884174586,1.4763137884174622,1.0,0.06,0.024842767295597486,1315.75,1368.0,1035.2375000000002,8
9,1.4763137884174622,1.4763137884174586,1.4763137884174622,1.0,0.06,0.024842767295597486,1315.75,1368.0,1035.2375000000002,8
10,1.4763137884174622,1.4763137884174586,1.4763137884174622,1.0,0.06,0.024842767295597486,1315.75,1368.0,1035.2375000000002,8
11,1.4763137884174622,1.4763137884174586,1.4763137884174622,1.0,0.09,0.0125,1315.75,1368.0,1035.2375000000002,8
12,1.4763137884174622,1.4763137884174586,1.4763137884174622,1.0,0.09,0.024842767295597486,1315.75,1368.0,1035.2375000000002,8
13,1.4763137884174622,1.4763137884174586,1.4763137884174622,1.0,0.09,0.0,1315.75,1368.0,1035.2375000000002,8
14,1.4763137884174622,1.4763137884174586,1.4763137884174622,1.0,0.09,0.0,1315.75,1368.0,1035.2375000000002,8
15,1.4763137884174622,1.4763137884174586,1.4763137884174622,1.0,0.09,0.0,1315.75,1368.0,1035.2375000000002,8
16,1.4763137884174622,1.4763137884174586,1.4763137884174622,1.0,0.09,0.0,1315.75,1368.0,1035.2375000000002,8
17,1.4763137884174622,1.4763137884174586,1.4763137884174622,1.0,0.09,0.0,1315.75,1368.0,1035.2375000000002,8
18,1.4763137884174622,1.4763137884174586,1.4763137884174622,1.0,0.09,0.0,1315.75,1368.0,1035.2375000000002,8
19,1.4763137884174622,1.4763137884174586,1.4763137884174622,1.0,0.09,0.0,1315.75,1368.0,1035.2375000000002,8
20,1.4763137884174622,1.4763137884174586,1.4763137884174622,1.0,0.09,0.0,1315.75,1368.0,1035.2375000000002,8
21,1.4763137884174622,1.4763137884174586,1.4763137884174622,1.0,0.135,0.0,1315.75,1368.0,1035.2375000000002,8
22,1.4763137884174622,1.4763137884174586,1.4763137884174622,1.0,0.135,0.0,1315.75,1368.0,1035.2375000000002,8
23,1.4763137884174622,1.4763137884174586,1.4763137884174622,1.0,0.135,0.0,1315.75,1368.0,1035.2375000000002,8
24,1.4763137884174622,1.4763137884174586,1.4763137884174622,1.0,0.135,0.0,1315.75,1368.0,1035.2375000000002,8
25,1.4763137884174622,3.0234278544404223,38.49284799599312,1.0,0.135,0.10150943396226429,1315.75,1368.0,1035.2375000000002,8
1,3.7873300143686186,21.81751099168029,90.2747930144864,1.0,0.06,0.4216544374563066,1315.75,1368.0,1035.2375000000002,8
2,3.7873300143686186,8.960807143590328,43.55565595875723,1.0,0.06,0.2590970350404367,1315.75,1368.0,1035.2375000000002,8
3,3.7873300143686186,4.337747647450649,23.71413191930165,1.0,0.06,0.19546645702306154,1315.75,1368.0,1035.2375000000002,8
4,3.7873300143686186,3.787330014368613,3.7873300143686186,1.0,0.06,0.09654088050314466,1315.75,1368.0,1035.2375000000002,8
5,3.7873300143686186,3.787330014368613,3.7873300143686186,1.0,0.06,0.09677672955974843,1315.75,1368.0,1035.2375000000002,8
6,3.7873300143686186,3.787330014368613,3.7873300143686186,1.0,0.06,0.09654088050314466,1315.75,1368.0,1035.2375000000002,8
7,3.7873300143686186,3.787330014368613,3.7873300143686186,1.0,0.06,0.03718553459119497,1315.75,1368.0,1035.2375000000002,8
8,3.7873300143686186,3.787330014368613,3.7873300143686186,1.0,0.06,0.024842767295597486,1315.75,1368.0,1035.2375000000002,8
9,3.7873300143686186,3.787330014368613,3.7873300143686186,1.0,0.06,0.024842767295597486,1315.75,1368.0,1035.2375000000002,8
10,3.7873300143686186,3.787330014368613,3.7873300143686186,1.0,0.06,0.0125,1315.75,1368.0,1035.2375000000002,8
11,3.7873300143686186,3.787330014368613,3.7873300143686186,1.0,0.09,0.0125,1315.75,1368.0,1035.2375000000002,8
12,3.7873300143686186,3.787330014368613,3.7873300143686186,1.0,0.09,0.0,1315.75,1368.0,1035.2375000000002,8
13,3.7873300143686186,3.787330014368613,3.7873300143686186,1.0,0.09,0.0,1315.75,1368.0,1035.2375000000002,8
14,3.7873300143686186,3.787330014368613,3.7873300143686186,1.0,0.09,0.0,1315.75,1368.0,1035.2375000000002,8
15,3.7873300143686186,3.787330014368613,3.7873300143686186,1.0,0.09,0.0,1315.75,1368.0,1035.2375000000002,8
16,3.7873300143686186,3.787330014368613,3.7873300143686186,1.0,0.09,0.0,1315.75,1368.0,1035.2375000000002,8
17,3.7873300143686186,3.787330014368613,3.7873300143686186,1.0,0.09,0.0,1315.75,1368.0,1035.2375000000002,8
18,3.7873300143686186,3.787330014368613,3.7873300143686186,1.0,0.09,0.0,1315.75,1368.0,1035.2375000000002,8
19,3.7873300143686186,3.787330014368613,3.7873300143686186,1.0,0.09,0.0,1315.75,1368.0,1035.2375000000002,8
20,3.7873300143686186,3.787330014368613,3.7873300143686186,1.0,0.09,0.0,1315.75,1368.0,1035.2375000000002,8
21,3.7873300143686186,3.787330014368613,3.7873300143686186,1.0,0.135,0.0125,1315.75,1368.0,1035.2375000000002,8
22,3.7873300143686186,3.787330014368613,3.7873300143686186,1.0,0.135,0.0125,1315.75,1368.0,1035.2375000000002,8
23,3.7873300143686186,3.787330014368613,3.7873300143686186,1.0,0.135,0.024842767295597486,1315.75,1368.0,1035.2375000000002,8
24,3.7873300143686186,4.849601725811391,39.43170760183478,1.0,0.135,0.10787735849056622,1315.75,1368.0,1035.2375000000002,8
25,3.7873300143686186,3.787330014368613,3.7873300143686186,1.0,0.135,0.11988993710691824,1315.75,1368.0,1035.2375000000002,8
1,2.230608772365895,19.410814504554086,82.62063759919181,1.0,0.06,0.4603577044025157,1315.75,1368.0,1035.2375000000002,8
2,2.230608772365895,7.47808384713399,39.629815516831265,1.0,0.06,0.32144654088049396,1315.75,1368.0,1035.2375000000002,8
3,2.230608772365895,3.3898793434142314,28.011676419458574,1.0,0.06,0.13165618448637456,1315.75,1368.0,1035.2375000000002,8
4,2.230608772365895,2.3720603270865097,15.63133641442378,1.0,0.06,0.028983228511530543,1315.75,1368.0,1035.2375000000002,8
5,2.230608772365895,2.2306087723658883,2.230608772365895,1.0,0.06,0.0125,1315.75,1368.0,1035.2375000000002,8
6,2.230608772365895,2.2306087723658883,2.230608772365895,1.0,0.06,0.0,1315.75,1368.0,1035.2375000000002,8
7,2.230608772365895,2.2306087723658883,2.230608772365895,1.0,0.06,0.0,1315.75,1368.0,1035.2375000000002,8
8,2.230608772365895,2.2306087723658883,2.230608772365895,1.0,0.06,0.0,1315.75,1368.0,1035.2375000000002,8
9,2.230608772365895,2.2306087723658883,2.230608772365895,1.0,0.06,0.0,1315.75,1368.0,1035.2375000000002,8
10,2.230608772365895,2.2306087723658883,2.230608772365895,1.0,0.06,0.0,1315.75,1368.0,1035.2375000000002,8
11,2.230608772365895,2.3727677870078,24.976051115071925,1.0,0.09,0.030974842767295598,1315.75,1368.0,1035.2375000000002,8
12,2.230608772365895,2.2306087723658883,2.230608772365895,1.0,0.09,0.07303459119496855,1315.75,1368.0,1035.2375000000002,8
13,2.230608772365895,2.2306087723658883,2.230608772365895,1.0,0.09,0.1179245283018868,1315.75,1368.0,1035.2375000000002,8
14,2.230608772365895,2.2306087723658883,2.230608772365895,1.0,0.09,0.08419811320754716,1315.75,1368.0,1035.2375000000002,8
15,2.230608772365895,2.2306087723658883,2.230608772365895,1.0,0.09,0.09559748427672957,1315.75,1368.0,1035.2375000000002,8
16,2.230608772365895,2.2306087723658883,2.230608772365895,1.0,0.09,0.06092767295597484,1315.75,1368.0,1035.2375000000002,8
17,2.230608772365895,2.2306087723658883,2.230608772365895,1.0,0.09,0.07264150943396226,1315.75,1368.0,1035.2375000000002,8
18,2.230608772365895,2.2306087723658883,2.230608772365895,1.0,0.09,0.10683962264150944,1315.75,1368.0,1035.2375000000002,8
19,2.230608772365895,2.2306087723658883,2.230608772365895,1.0,0.09,0.09559748427672957,1315.75,1368.0,1035.2375000000002,8
20,2.230608772365895,2.2306087723658883,2.230608772365895,1.0,0.09,0.16069182389937106,1315.75,1368.0,1035.2375000000002,8
21,2.230608772365895,2.276338277536313,9.54732959963387,1.0,0.135,0.09229559748427672,1315.75,1368.0,1035.2375000000002,8
22,2.230608772365895,2.2306087723658883,2.230608772365895,1.0,0.135,0.13962264150943396,1315.75,1368.0,1035.2375000000002,8
23,2.230608772365895,2.2306087723658883,2.230608772365895,1.0,0.135,0.16069182389937106,1315.75,1368.0,1035.2375000000002,8
24,2.230608772365895,2.2306087723658883,2.230608772365895,1.0,0.135,0.09559748427672957,1315.75,1368.0,1035.2375000000002,8
25,2.230608772365895,2.2306087723658883,2.230608772365895,1.0,0.135,0.06092767295597484,1315.75,1368.0,1035.2375000000002,8
1,2.321622037666095,20.14283173442875,102.71760258599856,1.0,0.06,0.25067085953881085,1315.75,1368.0,1035.2375000000002,8
2,2.321622037666095,9.2227561378034,51.77692527469482,1.0,0.06,0.30911949685534557,1315.75,1368.0,1035.2375000000002,8
3,2.321622037666095,4.342264800476922,20.379698972904105,1.0,0.06,0.1900000000000093,1315.75,1368.0,1035.2375000000002,8
4,2.321622037666095,2.7883755950561557,12.904627352232028,1.0,0.06,0.1834119496855346,1315.75,1368.0,1035.2375000000002,8
5,2.321622037666095,2.32162203766609,2.321622037666095,1.0,0.06,0.024842767295597486,1315.75,1368.0,1035.2375000000002,8
6,2.321622037666095,2.32162203766609,2.321622037666095,1.0,0.06,0.0125,1315.75,1368.0,1035.2375000000002,8
7,2.321622037666095,2.32162203766609,2.321622037666095,1.0,0.06,0.0,1315.75,1368.0,1035.2375000000002,8
8,2.321622037666095,2.32162203766609,2.321622037666095,1.0,0.06,0.0,1315.75,1368.0,1035.2375000000002,8
9,2.321622037666095,2.32162203766609,2.321622037666095,1.0,0.06,0.0,1315.75,1368.0,1035.2375000000002,8
10,2.321622037666095,2.32162203766609,2.321622037666095,1.0,0.06,0.0,1315.75,1368.0,1035.2375000000002,8
11,2.321622037666095,2.498710097311526,30.65571158093598,1.0,0.09,0.0125,1315.75,1368.0,1035.2375000000002,8
12,2.321622037666095,2.32162203766609,2.321622037666095,1.0,0.09,0.0,1315.75,1368.0,1035.2375000000002,8
13,2.321622037666095,2.32162203766609,2.321622037666095,1.0,0.09,0.0,1315.75,1368.0,1035.2375000000002,8
14,2.321622037666095,2.32162203766609,2.321622037666095,1.0,0.09,0.0,1315.75,1368.0,1035.2375000000002,8
15,2.321622037666095,2.32162203766609,2.321622037666095,1.0,0.09,0.0,1315.75,1368.0,1035.2375000000002,8
16,2.321622037666095,2.32162203766609,2.321622037666095,1.0,0.09,0.0,1315.75,1368.0,1035.2375000000002,8
17,2.321622037666095,2.32162203766609,2.321622037666095,1.0,0.09,0.0,1315.75,1368.0,1035.2375000000002,8
18,2.321622037666095,2.32162203766609,2.321622037666095,1.0,0.09,0.0,1315.75,1368.0,1035.2375000000002,8
19,2.321622037666095,2.32162203766609,2.321622037666095,1.0,0.09,0.0,1315.75,1368.0,1035.2375000000002,8
20,2.321622037666095,2.32162203766609,2.321622037666095,1.0,0.09,0.0,1315.75,1368.0,1035.2375000000002,8
21,2.321622037666095,2.32162203766609,2.321622037666095,1.0,0.135,0.0,1315.75,1368.0,1035.2375000000002,8
22,2.321622037666095,2.32162203766609,2.321622037666095,1.0,0.135,0.0,1315.75,1368.0,1035.2375000000002,8
23,2.321622037666095,2.32162203766609,2.321622037666095,1.0,0.135,0.0,1315.75,1368.0,1035.2375000000002,8
24,2.321622037666095,2.32162203766609,2.321622037666095,1.0,0.135,0.0,1315.75,1368.0,1035.2375000000002,8
25,2.321622037666095,2.32162203766609,2.321622037666095,1.0,0.135,0.0,1315.75,1368.0,1035.2375000000002,8
1,1.3455123365355863,20.758104657584333,69.77287980829156,1.0,0.06,0.47612028301886794,1315.75,1368.0,1035.2375000000002,8
2,1.3455123365355863,8.85198193258563,47.73561103872952,1.0,0.06,0.3009321653189501,1315.75,1368.0,1035.2375000000002,8
3,1.3455123365355863,2.8018182230854065,43.89790784354109,1.0,0.06,0.18753930817610062,1315.75,1368.0,1035.2375000000002,8
4,1.3455123365355863,1.3810491214321443,4.837590149516523,1.0,0.06,0.03301886792452811,1315.75,1368.0,1035.2375000000002,8
5,1.3455123365355863,1.3455123365355897,1.3455123365355863,1.0,0.06,0.0125,1315.75,1368.0,1035.2375000000002,8
6,1.3455123365355863,1.3455123365355897,1.3455123365355863,1.0,0.06,0.0125,1315.75,1368.0,1035.2375000000002,8
7,1.3455123365355863,1.3455123365355897,1.3455123365355863,1.0,0.06,0.03702830188679245,1315.75,1368.0,1035.2375000000002,8
8,1.3455123365355863,1.3455123365355897,1.3455123365355863,1.0,0.06,0.0125,1315.75,1368.0,1035.2375000000002,8
9,1.3455123365355863,1.3455123365355897,1.3455123365355863,1.0,0.06,0.0125,1315.75,1368.0,1035.2375000000002,8
10,1.3455123365355863,1.3455123365355897,1.3455123365355863,1.0,0.06,0.0125,1315.75,1368.0,1035.2375000000002,8
11,1.3455123365355863,1.3455123365355897,1.3455123365355863,1.0,0.09,0.0125,1315.75,1368.0,1035.2375000000002,8
12,1.3455123365355863,1.3455123365355897,1.3455123365355863,1.0,0.09,0.0,1315.75,1368.0,1035.2375000000002,8
13,1.3455123365355863,1.3455123365355897,1.3455123365355863,1.0,0.09,0.0,1315.75,1368.0,1035.2375000000002,8
14,1.3455123365355863,1.3455123365355897,1.3455123365355863,1.0,0.09,0.0,1315.75,1368.0,1035.2375000000002,8
15,1.3455123365355863,1.3455123365355897,1.3455123365355863,1.0,0.09,0.0,1315.75,1368.0,1035.2375000000002,8
16,1.3455123365355863,1.3455123365355897,1.3455123365355863,1.0,0.09,0.0,1315.75,1368.0,1035.2375000000002,8
17,1.3455123365355863,1.3455123365355897,1.3455123365355863,1.0,0.09,0.0,1315.75,1368.0,1035.2375000000002,8
18,1.3455123365355863,1.3455123365355897,1.3455123365355863,1.0,0.09,0.0,1315.75,1368.0,1035.2375000000002,8
19,1.3455123365355863,1.3455123365355897,1.3455123365355863,1.0,0.09,0.0,1315.75,1368.0,1035.2375000000002,8
20,1.3455123365355863,1.3455123365355897,1.3455123365355863,1.0,0.09,0.0,1315.75,1368.0,1035.2375000000002,8
21,1.3455123365355863,1.3455123365355897,1.3455123365355863,1.0,0.135,0.0,1315.75,1368.0,1035.2375000000002,8
22,1.3455123365355863,1.3455123365355897,1.3455123365355863,1.0,0.135,0.0,1315.75,1368.0,1035.2375000000002,8
23,1.3455123365355863,1.3455123365355897,1.3455123365355863,1.0,0.135,0.0,1315.75,1368.0,1035.2375000000002,8
24,1.3455123365355863,1.3455123365355897,1.3455123365355863,1.0,0.135,0.0,1315.75,1368.0,1035.2375000000002,8
25,1.3455123365355863,4.630154605980043,57.69356912116905,1.0,0.135,0.10572916666666667,1315.75,1368.0,1035.2375000000002,8
1,3.048719258521072,22.55299343847935,74.93870050231142,1.0,0.06,0.39768867924527923,1315.75,1368.0,1035.2375000000002,8
2,2.899489569911318,10.723603663096153,56.346910098101745,1.0,0.06,0.3455057651991609,1315.75,1368.0,1035.2375000000002,8
3,2.899489569911318,5.321215722539871,24.834683395871714,1.0,0.041999999999999996,0.2562696540880503,1315.75,1368.0,1035.2375000000002,8
4,2.899489569911318,3.163167894960145,18.816057286092914,1.0,0.041999999999999996,0.16132075471698112,1315.75,1368.0,1035.2375000000002,8
5,2.899489569911318,3.0114118363686395,3.048719258521072,1.0,0.041999999999999996,0.42830188679245285,1315.75,1368.0,1035.2375000000002,8
6,2.899489569911318,2.9824985842005,3.048719258521072,1.0,0.041999999999999996,0.5250786163522012,1315.75,1368.0,1035.2375000000002,8
7,2.899489569911318,2.9386623631713857,3.048719258521072,1.0,0.041999999999999996,0.3927672955974843,1315.75,1368.0,1035.2375000000002,8
8,2.899489569911318,2.9060183687880023,3.048719258521072,1.0,0.041999999999999996,0.08419811320754716,1315.75,1368.0,1035.2375000000002,8
9,2.899489569911318,2.8994895699113257,2.899489569911318,1.0,0.041999999999999996,0.0,1315.75,1368.0,1035.2375000000002,8
10,2.899489569911318,2.8994895699113257,2.899489569911318,1.0,0.041999999999999996,0.0,1315.75,1368.0,1035.2375000000002,8
11,2.899489569911318,2.8994895699113257,2.899489569911318,1.0,0.041999999999999996,0.0,1315.75,1368.0,1035.2375000000002,8
12,2.899489569911318,2.8994895699113257,2.899489569911318,1.0,0.041999999999999996,0.0,1315.75,1368.0,1035.2375000000002,8
13,2.899489569911318,2.900422255465137,3.048719258521072,1.0,0.063,0.0125,1315.75,1368.0,1035.2375000000002,8
14,2.899489569911318,2.8994895699113257,2.899489569911318,1.0,0.063,0.0,1315.75,1368.0,1035.2375000000002,8
15,2.899489569911318,2.8994895699113257,2.899489569911318,1.0,0.063,0.0,1315.75,1368.0,1035.2375000000002,8
16,2.899489569911318,2.8994895699113257,2.899489569911318,1.0,0.063,0.0,1315.75,1368.0,1035.2375000000002,8
17,2.899489569911318,2.8994895699113257,2.899489569911318,1.0,0.063,0.0,1315.75,1368.0,1035.2375000000002,8
18,2.899489569911318,2.8994895699113257,2.899489569911318,1.0,0.063,0.0,1315.75,1368.0,1035.2375000000002,8
19,2.899489569911318,2.8994895699113257,2.899489569911318,1.0,0.063,0.0,1315.75,1368.0,1035.2375000000002,8
20,2.899489569911318,2.8994895699113257,2.899489569911318,1.0,0.063,0.0,1315.75,1368.0,1035.2375000000002,8
21,2.899489569911318,2.8994895699113257,2.899489569911318,1.0,0.063,0.0,1315.75,1368.0,1035.2375000000002,8
22,2.899489569911318,2.8994895699113257,2.899489569911318,1.0,0.063,0.0,1315.75,1368.0,1035.2375000000002,8
23,2.899489569911318,2.8994895699113257,2.899489569911318,1.0,0.0945,0.0,1315.75,1368.0,1035.2375000000002,8
24,2.899489569911318,2.8994895699113257,2.899489569911318,1.0,0.0945,0.0,1315.75,1368.0,1035.2375000000002,8
25,2.899489569911318,2.8994895699113257,2.899489569911318,1.0,0.0945,0.0,1315.75,1368.0,1035.2375000000002,8
26,2.899489569911318,2.8994895699113257,2.899489569911318,1.0,0.0945,0.0,1315.75,1368.0,1035.2375000000002,8
27,2.899489569911318,2.8994895699113257,2.899489569911318,1.0,0.0945,0.0,1315.75,1368.0,1035.2375000000002,8
1,2.7738224947354455,20.281112002731614,92.49848670101981,1.0,0.06,0.3538307604345418,1315.75,1368.0,1035.2375000000002,8
2,2.7738224947354455,10.185204866461739,36.96929083180452,1.0,0.06,0.37806603773585723,1315.75,1368.0,1035.2375000000002,8
3,2.7738224947354455,5.2524718182907595,25.47457366771218,1.0,0.06,0.18402122641509433,1315.75,1368.0,1035.2375000000002,8
4,2.7738224947354455,3.7950841978480674,15.697006824942022,1.0,0.06,0.07924528301886961,1315.75,1368.0,1035.2375000000002,8
5,2.7738224947354455,3.5387085101258244,10.19658636966368,1.0,0.06,0.24944968553459118,1315.75,1368.0,1035.2375000000002,8
6,2.7738224947354455,3.403160078243834,3.612939272746621,1.0,0.06,0.37735849056603776,1315.75,1368.0,1035.2375000000002,8
7,2.7738224947354455,3.2720480816795856,3.612939272746621,1.0,0.06,0.4854559748427673,1315.75,1368.0,1035.2375000000002,8
8,2.7738224947354455,3.098980246214777,3.612939272746621,1.0,0.06,0.4776729559748428,1315.75,1368.0,1035.2375000000002,8
9,2.7738224947354455,2.8787120919868405,3.612939272746621,1.0,0.06,0.22012578616352202,1315.75,1368.0,1035.2375000000002,8
10,2.7738224947354455,2.784311454460582,3.612939272746621,1.0,0.06,0.024842767295597486,1315.75,1368.0,1035.2375000000002,8
11,2.7738224947354455,2.773822494735442,2.7738224947354455,1.0,0.09,0.0,1315.75,1368.0,1035.2375000000002,8
12,2.7738224947354455,2.773822494735442,2.7738224947354455,1.0,0.09,0.0,1315.75,1368.0,1035.2375000000002,8
13,2.7738224947354455,2.773822494735442,2.7738224947354455,1.0,0.09,0.0,1315.75,1368.0,1035.2375000000002,8
14,2.7738224947354455,2.773822494735442,2.7738224947354455,1.0,0.09,0.0,1315.75,1368.0,1035.2375000000002,8
15,2.7738224947354455,2.773822494735442,2.7738224947354455,1.0,0.09,0.0,1315.75,1368.0,1035.2375000000002,8
16,2.7738224947354455,2.773822494735442,2.7738224947354455,1.0,0.09,0.0,1315.75,1368.0,1035.2375000000002,8
17,2.7738224947354455,2.773822494735442,2.7738224947354455,1.0,0.09,0.0,1315.75,1368.0,1035.2375000000002,8
18,2.7738224947354455,2.773822494735442,2.7738224947354455,1.0,0.09,0.0,1315.75,1368.0,1035.2375000000002,8
19,2.7738224947354455,2.773822494735442,2.7738224947354455,1.0,0.09,0.0,1315.75,1368.0,1035.2375000000002,8
20,2.7738224947354455,2.773822494735442,2.7738224947354455,1.0,0.09,0.0,1315.75,1368.0,1035.2375000000002,8
21,2.7738224947354455,2.7790669745980123,3.612939272746621,1.0,0.135,0.0125,1315.75,1368.0,1035.2375000000002,8
22,2.7738224947354455,2.773822494735442,2.7738224947354455,1.0,0.135,0.0,1315.75,1368.0,1035.2375000000002,8
23,2.7738224947354455,2.773822494735442,2.7738224947354455,1.0,0.135,0.0,1315.75,1368.0,1035.2375000000002,8
24,2.7738224947354455,2.773822494735442,2.7738224947354455,1.0,0.135,0.0,1315.75,1368.0,1035.2375000000002,8
25,2.7738224947354455,2.773822494735442,2.7738224947354455,1.0,0.135,0.0,1315.75,1368.0,1035.2375000000002,8
1,2.230608772365895,21.88353952976551,85.87522353616913,1.0,0.06,0.4025628930817613,1315.75,1368.0,1035.2375000000002,8
2,2.230608772365895,9.509317002463899,57.06534536581272,1.0,0.06,0.28066037735848876,1315.75,1368.0,1035.2375000000002,8
3,2.230608772365895,3.7849017192787704,32.32793565923229,1.0,0.06,0.15683962264150944,1315.75,1368.0,1035.2375000000002,8
4,2.230608772365895,2.311473438938227,15.168955423940092,1.0,0.06,0.09937106918238994,1315.75,1368.0,1035.2375000000002,8
5,2.230608772365895,2.2306087723658883,2.230608772365895,1.0,0.06,0.17303459119496856,1315.75,1368.0,1035.2375000000002,8
6,2.230608772365895,2.2306087723658883,2.230608772365895,1.0,0.06,0.15259433962264152,1315.75,1368.0,1035.2375000000002,8
7,2.230608772365895,2.2306087723658883,2.230608772365895,1.0,0.06,0.16328616352201258,1315.75,1368.0,1035.2375000000002,8
8,2.230608772365895,2.2306087723658883,2.230608772365895,1.0,0.06,0.19520440251572327,1315.75,1368.0,1035.2375000000002,8
9,2.230608772365895,2.2306087723658883,2.230608772365895,1.0,0.06,0.20660377358490567,1315.75,1368.0,1035.2375000000002,8
10,2.230608772365895,2.2306087723658883,2.230608772365895,1.0,0.06,0.26761006289308176,1315.75,1368.0,1035.2375000000002,8
11,2.230608772365895,2.2306087723658883,2.230608772365895,1.0,0.09,0.21839622641509435,1315.75,1368.0,1035.2375000000002,8
12,2.230608772365895,2.2306087723658883,2.230608772365895,1.0,0.09,0.1871069182389937,1315.75,1368.0,1035.2375000000002,8
13,2.230608772365895,2.2306087723658883,2.230608772365895,1.0,0.09,0.15306603773584906,1315.75,1368.0,1035.2375000000002,8
14,2.230608772365895,2.2306087723658883,2.230608772365895,1.0,0.09,0.1421383647798742,1315.75,1368.0,1035.2375000000002,8
15,2.230608772365895,2.2306087723658883,2.230608772365895,1.0,0.09,0.1533805031446541,1315.75,1368.0,1035.2375000000002,8
16,2.230608772365895,2.2306087723658883,2.230608772365895,1.0,0.09,0.11957547169811321,1315.75,1368.0,1035.2375000000002,8
17,2.230608772365895,2.2306087723658883,2.230608772365895,1.0,0.09,0.04929245283018868,1315.75,1368.0,1035.2375000000002,8
18,2.230608772365895,2.2306087723658883,2.230608772365895,1.0,0.09,0.04905660377358491,1315.75,1368.0,1035.2375000000002,8
19,2.230608772365895,2.2306087723658883,2.230608772365895,1.0,0.09,0.08419811320754716,1315.75,1368.0,1035.2375000000002,8
20,2.230608772365895,2.2306087723658883,2.230608772365895,1.0,0.09,0.04905660377358491,1315.75,1368.0,1035.2375000000002,8
21,2.230608772365895,2.2306087723658883,2.230608772365895,1.0,0.135,0.06092767295597484,1315.75,1368.0,1035.2375000000002,8
22,2.230608772365895,2.2306087723658883,2.230608772365895,1.0,0.135,0.04905660377358491,1315.75,1368.0,1035.2375000000002,8
23,2.230608772365895,2.2306087723658883,2.230608772365895,1.0,0.135,0.04905660377358491,1315.75,1368.0,1035.2375000000002,8
24,2.230608772365895,2.2306087723658883,2.230608772365895,1.0,0.135,0.09559748427672957,1315.75,1368.0,1035.2375000000002,8
25,2.230608772365895,3.2000268978179975,31.741327052726025,1.0,0.135,0.10717374213836478,1315.75,1368.0,1035.2375000000002,8
1,1.9008223511975815,19.64065113764844,88.13791525943788,1.0,0.06,0.377177672955975,1315.75,1368.0,1035.2375000000002,8
2,1.9008223511975815,8.59210295570752,39.91879456656259,1.0,0.06,0.26814914645102755,1315.75,1368.0,1035.2375000000002,8
3,1.9008223511975815,3.658079848281915,23.022277533539423,1.0,0.06,0.1762185534591195,1315.75,1368.0,1035.2375000000002,8
4,1.9008223511975815,2.2568106950208815,13.348431241699288,1.0,0.06,0.18132861635220127,1315.75,1368.0,1035.2375000000002,8
5,1.9008223511975815,2.144039836809207,2.230608772365895,1.0,0.06,0.48215408805031446,1315.75,1368.0,1035.2375000000002,8
6,1.9008223511975815,2.045103910458713,2.230608772365895,1.0,0.06,0.5424528301886793,1315.75,1368.0,1035.2375000000002,8
7,1.9008223511975815,1.9647184702989375,2.230608772365895,1.0,0.06,0.32287735849056604,1315.75,1368.0,1035.2375000000002,8
8,1.9008223511975815,1.9173116722559929,2.230608772365895,1.0,0.06,0.09654088050314466,1315.75,1368.0,1035.2375000000002,8
9,1.9008223511975815,1.9028835163298794,2.230608772365895,1.0,0.06,0.0125,1315.75,1368.0,1035.2375000000002,8
10,1.9008223511975815,1.900822351197577,1.9008223511975815,1.0,0.06,0.0,1315.75,1368.0,1035.2375000000002,8
11,1.9008223511975815,1.900822351197577,1.9008223511975815,1.0,0.09,0.0,1315.75,1368.0,1035.2375000000002,8
12,1.9008223511975815,1.900822351197577,1.9008223511975815,1.0,0.09,0.0,1315.75,1368.0,1035.2375000000002,8
13,1.9008223511975815,1.900822351197577,1.9008223511975815,1.0,0.09,0.0,1315.75,1368.0,1035.2375000000002,8
14,1.9008223511975815,1.900822351197577,1.9008223511975815,1.0,0.09,0.0,1315.75,1368.0,1035.2375000000002,8
15,1.9008223511975815,1.900822351197577,1.9008223511975815,1.0,0.09,0.0,1315.75,1368.0,1035.2375000000002,8
16,1.9008223511975815,1.900822351197577,1.9008223511975815,1.0,0.09,0.0,1315.75,1368.0,1035.2375000000002,8
17,1.9008223511975815,1.900822351197577,1.9008223511975815,1.0,0.09,0.0,1315.75,1368.0,1035.2375000000002,8
18,1.9008223511975815,1.900822351197577,1.9008223511975815,1.0,0.09,0.0,1315.75,1368.0,1035.2375000000002,8
19,1.9008223511975815,1.900822351197577,1.9008223511975815,1.0,0.09,0.0,1315.75,1368.0,1035.2375000000002,8
20,1.9008223511975815,1.900822351197577,1.9008223511975815,1.0,0.09,0.0,1315.75,1368.0,1035.2375000000002,8
21,1.9008223511975815,1.900822351197577,1.9008223511975815,1.0,0.135,0.0,1315.75,1368.0,1035.2375000000002,8
22,1.9008223511975815,1.900822351197577,1.9008223511975815,1.0,0.135,0.0,1315.75,1368.0,1035.2375000000002,8
23,1.9008223511975815,1.900822351197577,1.9008223511975815,1.0,0.135,0.0,1315.75,1368.0,1035.2375000000002,8
24,1.9008223511975815,1.900822351197577,1.9008223511975815,1.0,0.135,0.0,1315.75,1368.0,1035.2375000000002,8
25,1.9008223511975815,1.900822351197577,1.9008223511975815,1.0,0.135,0.0,1315.75,1368.0,1035.2375000000002,8
1,4.057821925603252,21.35861565176084,75.01419055371332,1.0,0.06,0.46599842767295596,1315.75,1368.0,1035.2375000000002,8
2,4.057821925603252,9.204125131228832,55.31462799780222,1.0,0.06,0.2521750524108938,1315.75,1368.0,1035.2375000000002,8
3,4.057821925603252,5.013829015911607,25.935020794223142,1.0,0.06,0.11957547169811321,1315.75,1368.0,1035.2375000000002,8
4,4.057821925603252,4.151165813527557,16.311265390974256,1.0,0.06,0.024882075471698115,1315.75,1368.0,1035.2375000000002,8
5,4.057821925603252,4.057821925603249,4.057821925603252,1.0,0.06,0.0,1315.75,1368.0,1035.2375000000002,8
6,4.057821925603252,4.057821925603249,4.057821925603252,1.0,0.06,0.0,1315.75,1368.0,1035.2375000000002,8
7,4.057821925603252,4.057821925603249,4.057821925603252,1.0,0.06,0.0,1315.75,1368.0,1035.2375000000002,8
8,4.057821925603252,4.057821925603249,4.057821925603252,1.0,0.06,0.0,1315.75,1368.0,1035.2375000000002,8
9,4.057821925603252,4.057821925603249,4.057821925603252,1.0,0.06,0.0,1315.75,1368.0,1035.2375000000002,8
10,4.057821925603252,4.057821925603249,4.057821925603252,1.0,0.06,0.0,1315.75,1368.0,1035.2375000000002,8
11,4.057821925603252,4.193387853688948,25.74837041931532,1.0,0.09,0.0125,1315.75,1368.0,1035.2375000000002,8
12,4.057821925603252,4.057821925603249,4.057821925603252,1.0,0.09,0.0,1315.75,1368.0,1035.2375000000002,8
13,4.057821925603252,4.057821925603249,4.057821925603252,1.0,0.09,0.0,1315.75,1368.0,1035.2375000000002,8
14,4.057821925603252,4.057821925603249,4.057821925603252,1.0,0.09,0.0,1315.75,1368.0,1035.2375000000002,8
15,4.057821925603252,4.057821925603249,4.057821925603252,1.0,0.09,0.0,1315.75,1368.0,1035.2375000000002,8
16,4.057821925603252,4.057821925603249,4.057821925603252,1.0,0.09,0.0,1315.75,1368.0,1035.2375000000002,8
17,4.057821925603252,4.057821925603249,4.057821925603252,1.0,0.09,0.0,1315.75,1368.0,1035.2375000000002,8
18,4.057821925603252,4.057821925603249,4.057821925603252,1.0,0.09,0.0,1315.75,1368.0,1035.2375000000002,8
19,4.057821925603252,4.057821925603249,4.057821925603252,1.0,0.09,0.0,1315.75,1368.0,1035.2375000000002,8
20,4.057821925603252,4.057821925603249,4.057821925603252,1.0,0.09,0.0,1315.75,1368.0,1035.2375000000002,8
21,4.057821925603252,4.057821925603249,4.057821925603252,1.0,0.135,0.0,1315.75,1368.0,1035.2375000000002,8
22,4.057821925603252,4.057821925603249,4.057821925603252,1.0,0.135,0.0,1315.75,1368.0,1035.2375000000002,8
23,4.057821925603252,4.057821925603249,4.057821925603252,1.0,0.135,0.0,1315.75,1368.0,1035.2375000000002,8
24,4.057821925603252,4.057821925603249,4.057821925603252,1.0,0.135,0.0,1315.75,1368.0,1035.2375000000002,8
25,4.057821925603252,4.057821925603249,4.057821925603252,1.0,0.135,0.0,1315.75,1368.0,1035.2375000000002,8
1,2.377255256849113,21.36957367613454,86.637965959627,1.0,0.06,0.4246069182389806,1315.75,1368.0,1035.2375000000002,8
2,2.377255256849113,8.211035595706296,40.51269732967239,1.0,0.06,0.3309591194968759,1315.75,1368.0,1035.2375000000002,8
3,2.377255256849113,3.6605459434813574,15.544732342462513,1.0,0.06,0.28548218029348427,1315.75,1368.0,1035.2375000000002,8
4,2.377255256849113,3.182778072690439,3.5302773553173616,1.0,0.06,0.5477987421383648,1315.75,1368.0,1035.2375000000002,8
5,2.377255256849113,2.941447655593349,3.5302773553173616,1.0,0.06,0.6165880503144654,1315.75,1368.0,1035.2375000000002,8
6,2.377255256849113,2.6867942729236414,3.5302773553173616,1.0,0.06,0.4814858490566038,1315.75,1368.0,1035.2375000000002,8
7,2.377255256849113,2.4936744780330176,3.5302773553173616,1.0,0.06,0.24791666666666667,1315.75,1368.0,1035.2375000000002,8
8,2.377255256849113,2.400438539792994,2.7481877839510913,1.0,0.06,0.12020440251572327,1315.75,1368.0,1035.2375000000002,8
9,2.377255256849113,2.379573585143508,2.7481877839510913,1.0,0.06,0.0125,1315.75,1368.0,1035.2375000000002,8
10,2.377255256849113,2.3772552568491205,2.377255256849113,1.0,0.06,0.0,1315.75,1368.0,1035.2375000000002,8
11,2.377255256849113,2.384461644964547,3.5302773553173616,1.0,0.09,0.0125,1315.75,1368.0,1035.2375000000002,8
12,2.377255256849113,2.3772552568491205,2.377255256849113,1.0,0.09,0.0,1315.75,1368.0,1035.2375000000002,8
13,2.377255256849113,2.3772552568491205,2.377255256849113,1.0,0.09,0.0,1315.75,1368.0,1035.2375000000002,8
14,2.377255256849113,2.3772552568491205,2.377255256849113,1.0,0.09,0.0,1315.75,1368.0,1035.2375000000002,8
15,2.377255256849113,2.3772552568491205,2.377255256849113,1.0,0.09,0.0,1315.75,1368.0,1035.2375000000002,8
16,2.377255256849113,2.3772552568491205,2.377255256849113,1.0,0.09,0.0,1315.75,1368.0,1035.2375000000002,8
17,2.377255256849113,2.3772552568491205,2.377255256849113,1.0,0.09,0.0,1315.75,1368.0,1035.2375000000002,8
18,2.377255256849113,2.3772552568491205,2.377255256849113,1.0,0.09,0.0,1315.75,1368.0,1035.2375000000002,8
19,2.377255256849113,2.3772552568491205,2.377255256849113,1.0,0.09,0.0,1315.75,1368.0,1035.2375000000002,8
20,2.377255256849113,2.3772552568491205,2.377255256849113,1.0,0.09,0.0,1315.75,1368.0,1035.2375000000002,8
21,2.377255256849113,2.3772552568491205,2.377255256849113,1.0,0.135,0.0,1315.75,1368.0,1035.2375000000002,8
22,2.377255256849113,2.3772552568491205,2.377255256849113,1.0,0.135,0.0,1315.75,1368.0,1035.2375000000002,8
23,2.377255256849113,2.3772552568491205,2.377255256849113,1.0,0.135,0.0,1315.75,1368.0,1035.2375000000002,8
24,2.377255256849113,2.3772552568491205,2.377255256849113,1.0,0.135,0.0,1315.75,1368.0,1035.2375000000002,8
25,2.377255256849113,2.3772552568491205,2.377255256849113,1.0,0.135,0.0,1315.75,1368.0,1035.2375000000002,8
1,1.956327110721995,21.58501810775858,83.86769683558798,1.0,0.06,0.3863522012578733,1315.75,1368.0,1035.2375000000002,8
2,1.956327110721995,10.109096439581057,57.184802057614476,1.0,0.06,0.27689802336029484,1315.75,1368.0,1035.2375000000002,8
3,1.956327110721995,5.276926455479511,26.547945304712076,1.0,0.06,0.17702830188678756,1315.75,1368.0,1035.2375000000002,8
4,1.956327110721995,3.555905914234567,12.53454658408699,1.0,0.06,0.14418238993710691,1315.75,1368.0,1035.2375000000002,8
5,1.956327110721995,3.238029143274622,3.7873300143686186,1.0,0.06,0.4226415094339623,1315.75,1368.0,1035.2375000000002,8
6,1.956327110721995,2.963378707727629,3.7873300143686186,1.0,0.06,0.4981132075471698,1315.75,1368.0,1035.2375000000002,8
7,1.956327110721995,2.436965372929228,3.7873300143686186,1.0,0.06,0.389622641509434,1315.75,1368.0,1035.2375000000002,8
8,1.956327110721995,2.070764792199905,3.7873300143686186,1.0,0.06,0.1179245283018868,1315.75,1368.0,1035.2375000000002,8
9,1.956327110721995,1.9563271107219908,1.956327110721995,1.0,0.06,0.0,1315.75,1368.0,1035.2375000000002,8
10,1.956327110721995,1.9563271107219908,1.956327110721995,1.0,0.06,0.0,1315.75,1368.0,1035.2375000000002,8
11,1.956327110721995,1.967770878869782,3.7873300143686186,1.0,0.09,0.0125,1315.75,1368.0,1035.2375000000002,8
12,1.956327110721995,1.9563271107219908,1.956327110721995,1.0,0.09,0.0,1315.75,1368.0,1035.2375000000002,8
13,1.956327110721995,1.9563271107219908,1.956327110721995,1.0,0.09,0.0,1315.75,1368.0,1035.2375000000002,8
14,1.956327110721995,1.9563271107219908,1.956327110721995,1.0,0.09,0.0,1315.75,1368.0,1035.2375000000002,8
15,1.956327110721995,1.9563271107219908,1.956327110721995,1.0,0.09,0.0,1315.75,1368.0,1035.2375000000002,8
16,1.956327110721995,1.9563271107219908,1.956327110721995,1.0,0.09,0.0,1315.75,1368.0,1035.2375000000002,8
17,1.956327110721995,1.9563271107219908,1.956327110721995,1.0,0.09,0.0,1315.75,1368.0,1035.2375000000002,8
18,1.956327110721995,1.9563271107219908,1.956327110721995,1.0,0.09,0.0,1315.75,1368.0,1035.2375000000002,8
19,1.956327110721995,1.9563271107219908,1.956327110721995,1.0,0.09,0.0,1315.75,1368.0,1035.2375000000002,8
20,1.956327110721995,1.9563271107219908,1.956327110721995,1.0,0.09,0.0,1315.75,1368.0,1035.2375000000002,8
21,1.956327110721995,1.9563271107219908,1.956327110721995,1.0,0.135,0.0,1315.75,1368.0,1035.2375000000002,8
22,1.956327110721995,1.9563271107219908,1.956327110721995,1.0,0.135,0.0,1315.75,1368.0,1035.2375000000002,8
23,1.956327110721995,1.9563271107219908,1.956327110721995,1.0,0.135,0.0,1315.75,1368.0,1035.2375000000002,8
24,1.956327110721995,1.9563271107219908,1.956327110721995,1.0,0.135,0.0,1315.75,1368.0,1035.2375000000002,8
25,1.956327110721995,1.9563271107219908,1.956327110721995,1.0,0.135,0.0,1315.75,1368.0,1035.2375000000002,8
1,0.8832253849650318,20.65490662240005,70.80010666604936,1.0,0.06,0.4496953616352201,1315.75,1368.0,1035.2375000000002,8
2,0.8832253849650318,8.295477975792243,43.98515319774107,1.0,0.06,0.2918763102725435,1315.75,1368.0,1035.2375000000002,8
3,0.8832253849650318,3.114736615869925,30.422406416055477,1.0,0.06,0.21800314465409035,1315.75,1368.0,1035.2375000000002,8
4,0.8832253849650318,1.0885823639042025,10.00207091209248,1.0,0.06,0.04941037735849057,1315.75,1368.0,1035.2375000000002,8
5,0.8832253849650318,0.8832253849650316,0.8832253849650318,1.0,0.06,0.0,1315.75,1368.0,1035.2375000000002,8
6,0.8832253849650318,0.8832253849650316,0.8832253849650318,1.0,0.06,0.0,1315.75,1368.0,1035.2375000000002,8
7,0.8832253849650318,0.8832253849650316,0.8832253849650318,1.0,0.06,0.0,1315.75,1368.0,1035.2375000000002,8
8,0.8832253849650318,0.8832253849650316,0.8832253849650318,1.0,0.06,0.0,1315.75,1368.0,1035.2375000000002,8
9,0.8832253849650318,0.8832253849650316,0.8832253849650318,1.0,0.06,0.0,1315.75,1368.0,1035.2375000000002,8
10,0.8832253849650318,0.8832253849650316,0.8832253849650318,1.0,0.06,0.0,1315.75,1368.0,1035.2375000000002,8
11,0.8832253849650318,0.8832253849650316,0.8832253849650318,1.0,0.09,0.0,1315.75,1368.0,1035.2375000000002,8
12,0.8832253849650318,0.8832253849650316,0.8832253849650318,1.0,0.09,0.0,1315.75,1368.0,1035.2375000000002,8
13,0.8832253849650318,0.8832253849650316,0.8832253849650318,1.0,0.09,0.0,1315.75,1368.0,1035.2375000000002,8
14,0.8832253849650318,0.8832253849650316,0.8832253849650318,1.0,0.09,0.0,1315.75,1368.0,1035.2375000000002,8
15,0.8832253849650318,0.8832253849650316,0.8832253849650318,1.0,0.09,0.0,1315.75,1368.0,1035.2375000000002,8
16,0.8832253849650318,0.8832253849650316,0.8832253849650318,1.0,0.09,0.0,1315.75,1368.0,1035.2375000000002,8
17,0.8832253849650318,0.8832253849650316,0.8832253849650318,1.0,0.09,0.0,1315.75,1368.0,1035.2375000000002,8
18,0.8832253849650318,0.8832253849650316,0.8832253849650318,1.0,0.09,0.0,1315.75,1368.0,1035.2375000000002,8
19,0.8832253849650318,0.8832253849650316,0.8832253849650318,1.0,0.09,0.0,1315.75,1368.0,1035.2375000000002,8
20,0.8832253849650318,0.8832253849650316,0.8832253849650318,1.0,0.09,0.0,1315.75,1368.0,1035.2375000000002,8
21,0.8832253849650318,0.920473335759073,6.842897512011563,1.0,0.135,0.0125,1315.75,1368.0,1035.2375000000002,8
22,0.8832253849650318,0.8832253849650316,0.8832253849650318,1.0,0.135,0.0,1315.75,1368.0,1035.2375000000002,8
23,0.8832253849650318,0.8832253849650316,0.8832253849650318,1.0,0.135,0.0,1315.75,1368.0,1035.2375000000002,8
24,0.8832253849650318,0.8832253849650316,0.8832253849650318,1.0,0.135,0.0,1315.75,1368.0,1035.2375000000002,8
25,0.8832253849650318,0.8832253849650316,0.8832253849650318,1.0,0.135,0.0,1315.75,1368.0,1035.2375000000002,8
1,4.464469131787617,22.121941768487844,92.33111135756877,1.0,0.06,0.4236023759608485,1315.75,1368.0,1035.2375000000002,8
2,4.464469131787617,11.445290341877032,41.91335212882201,1.0,0.06,0.3816037735849047,1315.75,1368.0,1035.2375000000002,8
3,4.464469131787617,6.060809991368695,34.613823155717036,1.0,0.06,0.13114779874213933,1315.75,1368.0,1035.2375000000002,8
4,4.464469131787617,4.5093890982395735,11.651663764101698,1.0,0.06,0.0125,1315.75,1368.0,1035.2375000000002,8
5,4.464469131787617,4.46446913178761,4.464469131787617,1.0,0.06,0.0,1315.75,1368.0,1035.2375000000002,8
6,4.464469131787617,4.46446913178761,4.464469131787617,1.0,0.06,0.0,1315.75,1368.0,1035.2375000000002,8
7,4.464469131787617,4.46446913178761,4.464469131787617,1.0,0.06,0.0,1315.75,1368.0,1035.2375000000002,8
8,4.464469131787617,4.46446913178761,4.464469131787617,1.0,0.06,0.0,1315.75,1368.0,1035.2375000000002,8
9,4.464469131787617,4.46446913178761,4.464469131787617,1.0,0.06,0.0,1315.75,1368.0,1035.2375000000002,8
10,4.464469131787617,4.46446913178761,4.464469131787617,1.0,0.06,0.0,1315.75,1368.0,1035.2375000000002,8
11,4.464469131787617,4.46446913178761,4.464469131787617,1.0,0.09,0.0,1315.75,1368.0,1035.2375000000002,8
12,4.464469131787617,4.46446913178761,4.464469131787617,1.0,0.09,0.0,1315.75,1368.0,1035.2375000000002,8
13,4.464469131787617,4.46446913178761,4.464469131787617,1.0,0.09,0.0,1315.75,1368.0,1035.2375000000002,8
14,4.464469131787617,4.46446913178761,4.464469131787617,1.0,0.09,0.0,1315.75,1368.0,1035.2375000000002,8
15,4.464469131787617,4.46446913178761,4.464469131787617,1.0,0.09,0.0,1315.75,1368.0,1035.2375000000002,8
16,4.464469131787617,4.46446913178761,4.464469131787617,1.0,0.09,0.0,1315.75,1368.0,1035.2375000000002,8
17,4.464469131787617,4.46446913178761,4.464469131787617,1.0,0.09,0.0,1315.75,1368.0,1035.2375000000002,8
18,4.464469131787617,4.46446913178761,4.464469131787617,1.0,0.09,0.0,1315.75,1368.0,1035.2375000000002,8
19,4.464469131787617,4.46446913178761,4.464469131787617,1.0,0.09,0.0,1315.75,1368.0,1035.2375000000002,8
20,4.464469131787617,4.46446913178761,4.464469131787617,1.0,0.09,0.0,1315.75,1368.0,1035.2375000000002,8
21,4.464469131787617,4.46446913178761,4.464469131787617,1.0,0.135,0.0,1315.75,1368.0,1035.2375000000002,8
22,4.464469131787617,4.46446913178761,4.464469131787617,1.0,0.135,0.0,1315.75,1368.0,1035.2375000000002,8
23,4.464469131787617,4.46446913178761,4.464469131787617,1.0,0.135,0.0,1315.75,1368.0,1035.2375000000002,8
24,4.464469131787617,4.46446913178761,4.464469131787617,1.0,0.135,0.0,1315.75,1368.0,1035.2375000000002,8
25,4.464469131787617,6.526919201781871,43.401956098454065,1.0,0.135,0.11627358490566177,1315.75,1368.0,1035.2375000000002,8
1,2.126880994769675,21.57563831414158,72.12923998005806,1.0,0.06,0.4275506638714239,1315.75,1368.0,1035.2375000000002,8
2,2.126880994769675,9.03668704753687,55.665399419994564,1.0,0.06,0.38089622641511206,1315.75,1368.0,1035.2375000000002,8
3,2.126880994769675,4.144854258270876,27.88395424418684,1.0,0.06,0.17305424528301888,1315.75,1368.0,1035.2375000000002,8
4,2.126880994769675,2.3354438386833944,19.754583237958425,1.0,0.06,0.02898322851153033,1315.75,1368.0,1035.2375000000002,8
5,2.126880994769675,2.126880994769676,2.126880994769675,1.0,0.06,0.0125,1315.75,1368.0,1035.2375000000002,8
6,2.126880994769675,2.126880994769676,2.126880994769675,1.0,0.06,0.0125,1315.75,1368.0,1035.2375000000002,8
7,2.126880994769675,2.126880994769676,2.126880994769675,1.0,0.06,0.0125,1315.75,1368.0,1035.2375000000002,8
8,2.126880994769675,2.126880994769676,2.126880994769675,1.0,0.06,0.024842767295597486,1315.75,1368.0,1035.2375000000002,8
9,2.126880994769675,2.126880994769676,2.126880994769675,1.0,0.06,0.06092767295597484,1315.75,1368.0,1035.2375000000002,8
10,2.126880994769675,2.126880994769676,2.126880994769675,1.0,0.06,0.024842767295597486,1315.75,1368.0,1035.2375000000002,8
11,2.126880994769675,2.126880994769676,2.126880994769675,1.0,0.09,0.06092767295597484,1315.75,1368.0,1035.2375000000002,8
12,2.126880994769675,2.126880994769676,2.126880994769675,1.0,0.09,0.024842767295597486,1315.75,1368.0,1035.2375000000002,8
13,2.126880994769675,2.126880994769676,2.126880994769675,1.0,0.09,0.03702830188679245,1315.75,1368.0,1035.2375000000002,8
14,2.126880994769675,2.126880994769676,2.126880994769675,1.0,0.09,0.024842767295597486,1315.75,1368.0,1035.2375000000002,8
15,2.126880994769675,2.126880994769676,2.126880994769675,1.0,0.09,0.03702830188679245,1315.75,1368.0,1035.2375000000002,8
16,2.126880994769675,2.126880994769676,2.126880994769675,1.0,0.09,0.03702830188679245,1315.75,1368.0,1035.2375000000002,8
17,2.126880994769675,2.126880994769676,2.126880994769675,1.0,0.09,0.024842767295597486,1315.75,1368.0,1035.2375000000002,8
18,2.126880994769675,2.126880994769676,2.126880994769675,1.0,0.09,0.0125,1315.75,1368.0,1035.2375000000002,8
19,2.126880994769675,2.126880994769676,2.126880994769675,1.0,0.09,0.0,1315.75,1368.0,1035.2375000000002,8
20,2.126880994769675,2.126880994769676,2.126880994769675,1.0,0.09,0.0,1315.75,1368.0,1035.2375000000002,8
21,2.126880994769675,2.126880994769676,2.126880994769675,1.0,0.135,0.0,1315.75,1368.0,1035.2375000000002,8
22,2.126880994769675,2.126880994769676,2.126880994769675,1.0,0.135,0.0,1315.75,1368.0,1035.2375000000002,8
23,2.126880994769675,2.126880994769676,2.126880994769675,1.0,0.135,0.0,1315.75,1368.0,1035.2375000000002,8
24,2.126880994769675,2.126880994769676,2.126880994769675,1.0,0.135,0.0,1315.75,1368.0,1035.2375000000002,8
25,2.126880994769675,5.298980536389202,63.34981435460265,1.0,0.135,0.12708894878705748,1315.75,1368.0,1035.2375000000002,8
1,4.224424700195767,22.24903027832039,106.66356537863814,1.0,0.06,0.25994234800841015,1315.75,1368.0,1035.2375000000002,8
2,4.224424700195767,11.812811739417473,47.78765488923868,1.0,0.06,0.3497379454926604,1315.75,1368.0,1035.2375000000002,8
3,4.224424700195767,5.474191719814492,28.881586124151248,1.0,0.06,0.13301886792452558,1315.75,1368.0,1035.2375000000002,8
4,4.224424700195767,4.463290867001334,20.031875191631634,1.0,0.06,0.04196540880503127,1315.75,1368.0,1035.2375000000002,8
5,4.224424700195767,4.224424700195757,4.224424700195767,1.0,0.06,0.0,1315.75,1368.0,1035.2375000000002,8
6,4.224424700195767,4.224424700195757,4.224424700195767,1.0,0.06,0.0,1315.75,1368.0,1035.2375000000002,8
7,4.224424700195767,4.224424700195757,4.224424700195767,1.0,0.06,0.0,1315.75,1368.0,1035.2375000000002,8
8,4.224424700195767,4.224424700195757,4.224424700195767,1.0,0.06,0.0,1315.75,1368.0,1035.2375000000002,8
9,4.224424700195767,4.224424700195757,4.224424700195767,1.0,0.06,0.0,1315.75,1368.0,1035.2375000000002,8
10,4.224424700195767,4.224424700195757,4.224424700195767,1.0,0.06,0.0,1315.75,1368.0,1035.2375000000002,8
11,4.224424700195767,4.224424700195757,4.224424700195767,1.0,0.09,0.0,1315.75,1368.0,1035.2375000000002,8
12,4.224424700195767,4.224424700195757,4.224424700195767,1.0,0.09,0.0,1315.75,1368.0,1035.2375000000002,8
13,4.224424700195767,4.224424700195757,4.224424700195767,1.0,0.09,0.0,1315.75,1368.0,1035.2375000000002,8
14,4.224424700195767,4.224424700195757,4.224424700195767,1.0,0.09,0.0,1315.75,1368.0,1035.2375000000002,8
15,4.224424700195767,4.224424700195757,4.224424700195767,1.0,0.09,0.0,1315.75,1368.0,1035.2375000000002,8
16,4.224424700195767,4.224424700195757,4.224424700195767,1.0,0.09,0.0,1315.75,1368.0,1035.2375000000002,8
17,4.224424700195767,4.224424700195757,4.224424700195767,1.0,0.09,0.0,1315.75,1368.0,1035.2375000000002,8
18,4.224424700195767,4.224424700195757,4.224424700195767,1.0,0.09,0.0,1315.75,1368.0,1035.2375000000002,8
19,4.224424700195767,4.224424700195757,4.224424700195767,1.0,0.09,0.0,1315.75,1368.0,1035.2375000000002,8
20,4.224424700195767,4.224424700195757,4.224424700195767,1.0,0.09,0.0,1315.75,1368.0,1035.2375000000002,8
21,4.224424700195767,4.224424700195757,4.224424700195767,1.0,0.135,0.0,1315.75,1368.0,1035.2375000000002,8
22,4.224424700195767,4.224424700195757,4.224424700195767,1.0,0.135,0.0,1315.75,1368.0,1035.2375000000002,8
23,4.224424700195767,4.224424700195757,4.224424700195767,1.0,0.135,0.0,1315.75,1368.0,1035.2375000000002,8
24,4.224424700195767,4.224424700195757,4.224424700195767,1.0,0.135,0.0,1315.75,1368.0,1035.2375000000002,8
25,2.126880994769675,5.719350273796362,45.748451061781466,1.0,0.135,0.13243710691824248,1315.75,1368.0,1035.2375000000002,8
26,2.126880994769675,3.9633359528747056,4.401099237349013,1.0,0.0945,0.2837264150943396,1315.75,1368.0,1035.2375000000002,8
27,2.126880994769675,3.6738194775214104,4.224424700195767,1.0,0.0945,0.41674528301886793,1315.75,1368.0,1035.2375000000002,8
28,2.126880994769675,3.3329686253896753,4.224424700195767,1.0,0.0945,0.5059748427672957,1315.75,1368.0,1035.2375000000002,8
29,2.126880994769675,2.7692537545564173,4.224424700195767,1.0,0.0945,0.43136792452830186,1315.75,1368.0,1035.2375000000002,8
30,2.126880994769675,2.310416068994459,4.224424700195767,1.0,0.0945,0.16069182389937106,1315.75,1368.0,1035.2375000000002,8
31,2.126880994769675,2.139990642928589,4.224424700195767,1.0,0.0945,0.0125,1315.75,1368.0,1035.2375000000002,8
32,2.126880994769675,2.126880994769676,2.126880994769675,1.0,0.0945,0.0,1315.75,1368.0,1035.2375000000002,8
33,2.126880994769675,2.126880994769676,2.126880994769675,1.0,0.0945,0.0,1315.75,1368.0,1035.2375000000002,8
34,2.126880994769675,2.126880994769676,2.126880994769675,1.0,0.0945,0.0,1315.75,1368.0,1035.2375000000002,8
35,2.126880994769675,2.126880994769676,2.126880994769675,1.0,0.0945,0.0,1315.75,1368.0,1035.2375000000002,8
36,2.126880994769675,2.126880994769676,2.126880994769675,1.0,0.14175,0.0,1315.75,1368.0,1035.2375000000002,8
37,2.126880994769675,2.126880994769676,2.126880994769675,1.0,0.14175,0.0,1315.75,1368.0,1035.2375000000002,8
38,2.126880994769675,2.126880994769676,2.126880994769675,1.0,0.14175,0.0,1315.75,1368.0,1035.2375000000002,8
39,2.126880994769675,2.126880994769676,2.126880994769675,1.0,0.14175,0.0,1315.75,1368.0,1035.2375000000002,8
40,2.126880994769675,2.126880994769676,2.126880994769675,1.0,0.14175,0.0,1315.75,1368.0,1035.2375000000002,8
41,2.126880994769675,2.126880994769676,2.126880994769675,1.0,0.14175,0.0,1315.75,1368.0,1035.2375000000002,8
42,2.126880994769675,2.126880994769676,2.126880994769675,1.0,0.14175,0.0,1315.75,1368.0,1035.2375000000002,8
43,2.126880994769675,2.126880994769676,2.126880994769675,1.0,0.14175,0.0,1315.75,1368.0,1035.2375000000002,8
44,2.126880994769675,2.126880994769676,2.126880994769675,1.0,0.14175,0.0,1315.75,1368.0,1035.2375000000002,8
45,2.126880994769675,2.126880994769676,2.126880994769675,1.0,0.14175,0.0,1315.75,1368.0,1035.2375000000002,8
46,2.126880994769675,2.1750891882442587,7.7426482452768655,1.0,0.15,0.01871069182389937,1315.75,1368.0,1035.2375000000002,8
47,2.126880994769675,2.126880994769676,2.126880994769675,1.0,0.15,0.0,1315.75,1368.0,1035.2375000000002,8
48,2.126880994769675,2.126880994769676,2.126880994769675,1.0,0.15,0.0,1315.75,1368.0,1035.2375000000002,8
49,2.126880994769675,2.126880994769676,2.126880994769675,1.0,0.15,0.0,1315.75,1368.0,1035.2375000000002,8
50,2.126880994769675,2.126880994769676,2.126880994769675,1.0,0.15,0.0,1315.75,1368.0,1035.2375000000002,8
1,3.612939272746621,22.67852568529471,79.39427596546366,1.0,0.06,0.4919614779874214,1315.75,1368.0,1035.2375000000002,8
2,3.612939272746621,11.381418356691345,47.437610914684036,1.0,0.06,0.4276415094339769,1315.75,1368.0,1035.2375000000002,8
3,3.612939272746621,6.260171404092363,37.5775344396754,1.0,0.06,0.2024371069182426,1315.75,1368.0,1035.2375000000002,8
4,3.612939272746621,3.815562767332812,13.28314262033524,1.0,0.06,0.04124737945492686,1315.75,1368.0,1035.2375000000002,8
5,3.612939272746621,3.612939272746632,3.612939272746621,1.0,0.06,0.0,1315.75,1368.0,1035.2375000000002,8
6,3.612939272746621,3.612939272746632,3.612939272746621,1.0,0.06,0.0,1315.75,1368.0,1035.2375000000002,8
7,3.612939272746621,3.612939272746632,3.612939272746621,1.0,0.06,0.0,1315.75,1368.0,1035.2375000000002,8
8,3.612939272746621,3.612939272746632,3.612939272746621,1.0,0.06,0.0,1315.75,1368.0,1035.2375000000002,8
9,3.612939272746621,3.612939272746632,3.612939272746621,1.0,0.06,0.0,1315.75,1368.0,1035.2375000000002,8
10,3.612939272746621,3.612939272746632,3.612939272746621,1.0,0.06,0.0,1315.75,1368.0,1035.2375000000002,8
11,2.834135719932028,3.6080717505415407,3.612939272746621,1.0,0.09,0.0125,1315.75,1368.0,1035.2375000000002,8
12,2.834135719932028,3.583734139516084,3.612939272746621,1.0,0.063,0.07264150943396226,1315.75,1368.0,1035.2375000000002,8
13,2.834135719932028,3.5399264396702628,3.612939272746621,1.0,0.063,0.17099056603773585,1315.75,1368.0,1035.2375000000002,8
14,2.834135719932028,3.4620460843888017,3.612939272746621,1.0,0.063,0.3143867924528302,1315.75,1368.0,1035.2375000000002,8
15,2.834135719932028,3.3403580292615187,3.612939272746621,1.0,0.063,0.4578616352201258,1315.75,1368.0,1035.2375000000002,8
16,2.834135719932028,3.16025970767314,3.612939272746621,1.0,0.063,0.48985849056603775,1315.75,1368.0,1035.2375000000002,8
17,2.834135719932028,2.9412212084440306,3.612939272746621,1.0,0.063,0.23867924528301887,1315.75,1368.0,1035.2375000000002,8
18,2.834135719932028,2.8536058087523877,3.612939272746621,1.0,0.063,0.04905660377358491,1315.75,1368.0,1035.2375000000002,8
19,2.834135719932028,2.8341357199320223,2.834135719932028,1.0,0.063,0.0,1315.75,1368.0,1035.2375000000002,8
20,2.834135719932028,2.8341357199320223,2.834135719932028,1.0,0.063,0.0,1315.75,1368.0,1035.2375000000002,8
21,2.834135719932028,2.8341357199320223,2.834135719932028,1.0,0.063,0.0,1315.75,1368.0,1035.2375000000002,8
22,2.834135719932028,2.8341357199320223,2.834135719932028,1.0,0.0945,0.0,1315.75,1368.0,1035.2375000000002,8
23,2.834135719932028,2.8341357199320223,2.834135719932028,1.0,0.0945,0.0,1315.75,1368.0,1035.2375000000002,8
24,2.834135719932028,2.8341357199320223,2.834135719932028,1.0,0.0945,0.0,1315.75,1368.0,1035.2375000000002,8
25,2.834135719932028,2.8341357199320223,2.834135719932028,1.0,0.0945,0.0,1315.75,1368.0,1035.2375000000002,8
26,2.834135719932028,2.8341357199320223,2.834135719932028,1.0,0.0945,0.0,1315.75,1368.0,1035.2375000000002,8
27,2.834135719932028,2.8341357199320223,2.834135719932028,1.0,0.0945,0.0,1315.75,1368.0,1035.2375000000002,8
28,2.834135719932028,2.8341357199320223,2.834135719932028,1.0,0.0945,0.0,1315.75,1368.0,1035.2375000000002,8
29,2.834135719932028,2.8341357199320223,2.834135719932028,1.0,0.0945,0.0,1315.75,1368.0,1035.2375000000002,8
30,2.834135719932028,2.8341357199320223,2.834135719932028,1.0,0.0945,0.0,1315.75,1368.0,1035.2375000000002,8
31,2.834135719932028,2.8341357199320223,2.834135719932028,1.0,0.0945,0.0,1315.75,1368.0,1035.2375000000002,8
32,2.834135719932028,2.8438707643422054,3.612939272746621,1.0,0.14175,0.024842767295597486,1315.75,1368.0,1035.2375000000002,8
33,2.834135719932028,2.8341357199320223,2.834135719932028,1.0,0.14175,0.0,1315.75,1368.0,1035.2375000000002,8
34,2.834135719932028,2.8341357199320223,2.834135719932028,1.0,0.14175,0.0,1315.75,1368.0,1035.2375000000002,8
35,2.834135719932028,2.8341357199320223,2.834135719932028,1.0,0.14175,0.0,1315.75,1368.0,1035.2375000000002,8
36,2.834135719932028,2.8341357199320223,2.834135719932028,1.0,0.14175,0.0,1315.75,1368.0,1035.2375000000002,8
1,3.536215726961822,22.41156327320522,99.44645345347907,1.0,0.06,0.3175798258345455,1315.75,1368.0,1035.2375000000002,8
2,3.536215726961822,11.54157700101831,48.119590437126625,1.0,0.06,0.3645440251572288,1315.75,1368.0,1035.2375000000002,8
3,3.536215726961822,5.645736759625443,36.66306652831535,1.0,0.06,0.20021619496855345,1315.75,1368.0,1035.2375000000002,8
4,3.536215726961822,3.7780771139919542,14.405063751207596,1.0,0.06,0.041247379454926965,1315.75,1368.0,1035.2375000000002,8
5,3.536215726961822,3.5362157269618164,3.536215726961822,1.0,0.06,0.0,1315.75,1368.0,1035.2375000000002,8
6,3.536215726961822,3.5362157269618164,3.536215726961822,1.0,0.06,0.0,1315.75,1368.0,1035.2375000000002,8
7,3.536215726961822,3.5362157269618164,3.536215726961822,1.0,0.06,0.0,1315.75,1368.0,1035.2375000000002,8
8,3.536215726961822,3.5362157269618164,3.536215726961822,1.0,0.06,0.0,1315.75,1368.0,1035.2375000000002,8
9,3.536215726961822,3.5362157269618164,3.536215726961822,1.0,0.06,0.0,1315.75,1368.0,1035.2375000000002,8
10,3.536215726961822,3.5362157269618164,3.536215726961822,1.0,0.06,0.0,1315.75,1368.0,1035.2375000000002,8
11,2.7592079801741094,3.5313594285443934,3.536215726961822,1.0,0.09,0.0125,1315.75,1368.0,1035.2375000000002,8
12,2.7592079801741094,3.52650313012697,3.536215726961822,1.0,0.063,0.024842767295597486,1315.75,1368.0,1035.2375000000002,8
13,2.7592079801741094,3.5119342348747002,3.536215726961822,1.0,0.063,0.06092767295597484,1315.75,1368.0,1035.2375000000002,8
14,2.7592079801741094,3.4682275491178913,3.536215726961822,1.0,0.063,0.16069182389937106,1315.75,1368.0,1035.2375000000002,8
15,2.7592079801741094,3.37595787918685,3.536215726961822,1.0,0.063,0.3294811320754717,1315.75,1368.0,1035.2375000000002,8
16,2.7592079801741094,3.1671370472376514,3.536215726961822,1.0,0.063,0.5018867924528302,1315.75,1368.0,1035.2375000000002,8
17,2.7592079801741094,2.9923103042104153,3.536215726961822,1.0,0.063,0.4226415094339623,1315.75,1368.0,1035.2375000000002,8
18,2.7592079801741094,2.807770964348333,3.536215726961822,1.0,0.063,0.1179245283018868,1315.75,1368.0,1035.2375000000002,8
19,2.7592079801741094,2.759207980174101,2.7592079801741094,1.0,0.063,0.0,1315.75,1368.0,1035.2375000000002,8
20,2.7592079801741094,2.759207980174101,2.7592079801741094,1.0,0.063,0.0,1315.75,1368.0,1035.2375000000002,8
21,2.7592079801741094,2.759207980174101,2.7592079801741094,1.0,0.063,0.0,1315.75,1368.0,1035.2375000000002,8
22,2.7592079801741094,2.759207980174101,2.7592079801741094,1.0,0.0945,0.0,1315.75,1368.0,1035.2375000000002,8
23,2.7592079801741094,2.759207980174101,2.7592079801741094,1.0,0.0945,0.0,1315.75,1368.0,1035.2375000000002,8
24,2.7592079801741094,2.759207980174101,2.7592079801741094,1.0,0.0945,0.0,1315.75,1368.0,1035.2375000000002,8
25,2.7592079801741094,2.759207980174101,2.7592079801741094,1.0,0.0945,0.0,1315.75,1368.0,1035.2375000000002,8
26,2.7592079801741094,2.759207980174101,2.7592079801741094,1.0,0.0945,0.0,1315.75,1368.0,1035.2375000000002,8
27,2.7592079801741094,2.759207980174101,2.7592079801741094,1.0,0.0945,0.0,1315.75,1368.0,1035.2375000000002,8
28,2.7592079801741094,2.759207980174101,2.7592079801741094,1.0,0.0945,0.0,1315.75,1368.0,1035.2375000000002,8
29,2.7592079801741094,2.759207980174101,2.7592079801741094,1.0,0.0945,0.0,1315.75,1368.0,1035.2375000000002,8
30,2.7592079801741094,2.759207980174101,2.7592079801741094,1.0,0.0945,0.0,1315.75,1368.0,1035.2375000000002,8
31,2.7592079801741094,2.759207980174101,2.7592079801741094,1.0,0.0945,0.0,1315.75,1368.0,1035.2375000000002,8
32,2.7592079801741094,2.9828606454026865,26.282758655362112,1.0,0.14175,0.01871069182389937,1315.75,1368.0,1035.2375000000002,8
33,2.7592079801741094,2.759207980174101,2.7592079801741094,1.0,0.14175,0.0,1315.75,1368.0,1035.2375000000002,8
34,2.7592079801741094,2.759207980174101,2.7592079801741094,1.0,0.14175,0.0,1315.75,1368.0,1035.2375000000002,8
35,2.7592079801741094,2.759207980174101,2.7592079801741094,1.0,0.14175,0.0,1315.75,1368.0,1035.2375000000002,8
36,2.7592079801741094,2.759207980174101,2.7592079801741094,1.0,0.14175,0.0,1315.75,1368.0,1035.2375000000002,8
1,3.4614010289577517,19.88177057185715,78.21870925386412,1.0,0.06,0.3755031446540995,1315.75,1368.0,1035.2375000000002,8
2,3.4614010289577517,9.004367080654887,59.01025901694954,1.0,0.06,0.21997838050314467,1315.75,1368.0,1035.2375000000002,8
3,3.4614010289577517,5.371168311916984,21.974048276302504,1.0,0.06,0.1872051886792453,1315.75,1368.0,1035.2375000000002,8
4,3.4614010289577517,4.337438261134862,7.994130997040471,1.0,0.06,0.29422169811320753,1315.75,1368.0,1035.2375000000002,8
5,3.4614010289577517,4.128691280229821,4.553141790206227,1.0,0.06,0.36501572327044024,1315.75,1368.0,1035.2375000000002,8
6,3.4614010289577517,3.8135445330854965,4.553141790206227,1.0,0.06,0.34941037735849056,1315.75,1368.0,1035.2375000000002,8
7,3.4614010289577517,3.5466284325766715,4.553141790206227,1.0,0.06,0.15656446540880503,1315.75,1368.0,1035.2375000000002,8
8,3.4614010289577517,3.4626723072431416,3.664805554619411,1.0,0.06,0.0125,1315.75,1368.0,1035.2375000000002,8
9,3.4614010289577517,3.4614010289577566,3.4614010289577517,1.0,0.06,0.0,1315.75,1368.0,1035.2375000000002,8
10,3.4614010289577517,3.4614010289577566,3.4614010289577517,1.0,0.06,0.0,1315.75,1368.0,1035.2375000000002,8
11,3.4614010289577517,3.4614010289577566,3.4614010289577517,1.0,0.09,0.0,1315.75,1368.0,1035.2375000000002,8
12,3.4614010289577517,3.4614010289577566,3.4614010289577517,1.0,0.09,0.0,1315.75,1368.0,1035.2375000000002,8
13,3.4614010289577517,3.4614010289577566,3.4614010289577517,1.0,0.09,0.0,1315.75,1368.0,1035.2375000000002,8
14,3.4614010289577517,3.4614010289577566,3.4614010289577517,1.0,0.09,0.0,1315.75,1368.0,1035.2375000000002,8
15,3.4614010289577517,3.4614010289577566,3.4614010289577517,1.0,0.09,0.0,1315.75,1368.0,1035.2375000000002,8
16,3.4614010289577517,3.4614010289577566,3.4614010289577517,1.0,0.09,0.0,1315.75,1368.0,1035.2375000000002,8
17,3.4614010289577517,3.4614010289577566,3.4614010289577517,1.0,0.09,0.0,1315.75,1368.0,1035.2375000000002,8
18,3.4614010289577517,3.4614010289577566,3.4614010289577517,1.0,0.09,0.0,1315.75,1368.0,1035.2375000000002,8
19,3.4614010289577517,3.4614010289577566,3.4614010289577517,1.0,0.09,0.0,1315.75,1368.0,1035.2375000000002,8
20,3.4614010289577517,3.4614010289577566,3.4614010289577517,1.0,0.09,0.0,1315.75,1368.0,1035.2375000000002,8
21,3.4614010289577517,3.4614010289577566,3.4614010289577517,1.0,0.135,0.0,1315.75,1368.0,1035.2375000000002,8
22,3.4614010289577517,3.4614010289577566,3.4614010289577517,1.0,0.135,0.0,1315.75,1368.0,1035.2375000000002,8
23,3.4614010289577517,3.4614010289577566,3.4614010289577517,1.0,0.135,0.0,1315.75,1368.0,1035.2375000000002,8
24,3.4614010289577517,3.4614010289577566,3.4614010289577517,1.0,0.135,0.0,1315.75,1368.0,1035.2375000000002,8
25,3.4614010289577517,3.4614010289577566,3.4614010289577517,1.0,0.135,0.0,1315.75,1368.0,1035.2375000000002,8
1,1.2963253989938304,19.409784826931592,91.20802808328865,1.0,0.06,0.30940120545073174,1315.75,1368.0,1035.2375000000002,8
2,1.2963253989938304,10.379816180150563,45.72246657917004,1.0,0.06,0.38760482180293554,1315.75,1368.0,1035.2375000000002,8
3,1.2963253989938304,3.984369456148477,25.20597803262762,1.0,0.06,0.20264150943395723,1315.75,1368.0,1035.2375000000002,8
4,1.2963253989938304,1.6035685834691926,21.994810915777535,1.0,0.06,0.11063941299789981,1315.75,1368.0,1035.2375000000002,8
5,1.2963253989938304,1.3589430818197945,1.3857792316023456,1.0,0.06,0.439937106918239,1315.75,1368.0,1035.2375000000002,8
6,1.2963253989938304,1.3393750559366822,1.3857792316023456,1.0,0.06,0.5084119496855346,1315.75,1368.0,1035.2375000000002,8
7,1.2963253989938304,1.3164525113307506,1.3857792316023456,1.0,0.06,0.35094339622641507,1315.75,1368.0,1035.2375000000002,8
8,1.2963253989938304,1.2996799177166543,1.3857792316023456,1.0,0.06,0.07264150943396226,1315.75,1368.0,1035.2375000000002,8
9,1.2963253989938304,1.2968844854476382,1.3857792316023456,1.0,0.06,0.0125,1315.75,1368.0,1035.2375000000002,8
10,1.2963253989938304,1.296325398993835,1.2963253989938304,1.0,0.06,0.0,1315.75,1368.0,1035.2375000000002,8
11,1.2963253989938304,1.296325398993835,1.2963253989938304,1.0,0.09,0.0,1315.75,1368.0,1035.2375000000002,8
12,1.2963253989938304,1.296325398993835,1.2963253989938304,1.0,0.09,0.0,1315.75,1368.0,1035.2375000000002,8
13,1.2963253989938304,1.296325398993835,1.2963253989938304,1.0,0.09,0.0,1315.75,1368.0,1035.2375000000002,8
14,1.2963253989938304,1.296325398993835,1.2963253989938304,1.0,0.09,0.0,1315.75,1368.0,1035.2375000000002,8
15,1.2963253989938304,1.296325398993835,1.2963253989938304,1.0,0.09,0.0,1315.75,1368.0,1035.2375000000002,8
16,1.2963253989938304,1.296325398993835,1.2963253989938304,1.0,0.09,0.0,1315.75,1368.0,1035.2375000000002,8
17,1.2963253989938304,1.296325398993835,1.2963253989938304,1.0,0.09,0.0,1315.75,1368.0,1035.2375000000002,8
18,1.2963253989938304,1.296325398993835,1.2963253989938304,1.0,0.09,0.0,1315.75,1368.0,1035.2375000000002,8
19,1.2963253989938304,1.296325398993835,1.2963253989938304,1.0,0.09,0.0,1315.75,1368.0,1035.2375000000002,8
20,1.2963253989938304,1.296325398993835,1.2963253989938304,1.0,0.09,0.0,1315.75,1368.0,1035.2375000000002,8
21,1.2963253989938304,1.296325398993835,1.2963253989938304,1.0,0.135,0.0,1315.75,1368.0,1035.2375000000002,8
22,1.2963253989938304,1.296325398993835,1.2963253989938304,1.0,0.135,0.0,1315.75,1368.0,1035.2375000000002,8
23,1.2963253989938304,1.296325398993835,1.2963253989938304,1.0,0.135,0.0,1315.75,1368.0,1035.2375000000002,8
24,1.2963253989938304,1.296325398993835,1.2963253989938304,1.0,0.135,0.0,1315.75,1368.0,1035.2375000000002,8
25,1.2963253989938304,1.296325398993835,1.2963253989938304,1.0,0.135,0.0,1315.75,1368.0,1035.2375000000002,8
1,2.2465361070612824,20.047542076176676,76.37386982592562,1.0,0.06,0.4724744496855346,1315.75,1368.0,1035.2375000000002,8
2,2.2465361070612824,8.446586355576411,50.11335593666557,1.0,0.06,0.2364878144654088,1315.75,1368.0,1035.2375000000002,8
3,2.2465361070612824,2.919545969400499,28.849454784200898,1.0,0.06,0.09345518867924528,1315.75,1368.0,1035.2375000000002,8
4,2.2465361070612824,2.385200025129729,12.512939789516796,1.0,0.06,0.05322327044025179,1315.75,1368.0,1035.2375000000002,8
5,2.2465361070612824,2.2465361070612784,2.2465361070612824,1.0,0.06,0.07264150943396226,1315.75,1368.0,1035.2375000000002,8
6,2.2465361070612824,2.2465361070612784,2.2465361070612824,1.0,0.06,0.08419811320754716,1315.75,1368.0,1035.2375000000002,8
7,2.2465361070612824,2.2465361070612784,2.2465361070612824,1.0,0.06,0.10683962264150944,1315.75,1368.0,1035.2375000000002,8
8,2.2465361070612824,2.2465361070612784,2.2465361070612824,1.0,0.06,0.08419811320754716,1315.75,1368.0,1035.2375000000002,8
9,2.2465361070612824,2.2465361070612784,2.2465361070612824,1.0,0.06,0.06092767295597484,1315.75,1368.0,1035.2375000000002,8
10,2.2465361070612824,2.2465361070612784,2.2465361070612824,1.0,0.06,0.07264150943396226,1315.75,1368.0,1035.2375000000002,8
11,2.2465361070612824,2.2465361070612784,2.2465361070612824,1.0,0.09,0.08466981132075471,1315.75,1368.0,1035.2375000000002,8
12,2.2465361070612824,2.2465361070612784,2.2465361070612824,1.0,0.09,0.1074685534591195,1315.75,1368.0,1035.2375000000002,8
13,2.2465361070612824,2.2465361070612784,2.2465361070612824,1.0,0.09,0.1084119496855346,1315.75,1368.0,1035.2375000000002,8
14,2.2465361070612824,2.2465361070612784,2.2465361070612824,1.0,0.09,0.07303459119496855,1315.75,1368.0,1035.2375000000002,8
15,2.2465361070612824,2.2465361070612784,2.2465361070612824,1.0,0.09,0.04937106918238994,1315.75,1368.0,1035.2375000000002,8
16,2.2465361070612824,2.2465361070612784,2.2465361070612824,1.0,0.09,0.024842767295597486,1315.75,1368.0,1035.2375000000002,8
17,2.2465361070612824,2.2465361070612784,2.2465361070612824,1.0,0.09,0.0125,1315.75,1368.0,1035.2375000000002,8
18,2.2465361070612824,2.2465361070612784,2.2465361070612824,1.0,0.09,0.024842767295597486,1315.75,1368.0,1035.2375000000002,8
19,2.2465361070612824,2.2465361070612784,2.2465361070612824,1.0,0.09,0.0125,1315.75,1368.0,1035.2375000000002,8
20,2.2465361070612824,2.2465361070612784,2.2465361070612824,1.0,0.09,0.04905660377358491,1315.75,1368.0,1035.2375000000002,8
21,2.2465361070612824,2.506665362091719,43.86721691193186,1.0,0.135,0.019858490566037824,1315.75,1368.0,1035.2375000000002,8
22,2.2465361070612824,2.2465361070612784,2.2465361070612824,1.0,0.135,0.024842767295597486,1315.75,1368.0,1035.2375000000002,8
23,2.2465361070612824,2.2465361070612784,2.2465361070612824,1.0,0.135,0.06092767295597484,1315.75,1368.0,1035.2375000000002,8
24,2.2465361070612824,2.2465361070612784,2.2465361070612824,1.0,0.135,0.08419811320754716,1315.75,1368.0,1035.2375000000002,8
25,2.2465361070612824,2.2465361070612784,2.2465361070612824,1.0,0.135,0.04905660377358491,1315.75,1368.0,1035.2375000000002,8
1,1.3857792316023456,21.593628617768086,91.68106061664048,1.0,0.06,0.41851851851850885,1315.75,1368.0,1035.2375000000002,8
2,1.3857792316023456,10.001360887531666,42.188234449337564,1.0,0.06,0.4202987421383744,1315.75,1368.0,1035.2375000000002,8
3,1.3857792316023456,5.082948733998945,31.11234355924608,1.0,0.06,0.2346540880503206,1315.75,1368.0,1035.2375000000002,8
4,1.3857792316023456,2.7523419683908346,24.288600545794868,1.0,0.06,0.18199685534591195,1315.75,1368.0,1035.2375000000002,8
5,1.3857792316023456,1.6573622988602743,10.625174971155731,1.0,0.06,0.2577044025157233,1315.75,1368.0,1035.2375000000002,8
6,1.3857792316023456,1.47588051381171,1.6042065824129161,1.0,0.06,0.4877358490566038,1315.75,1368.0,1035.2375000000002,8
7,1.3857792316023456,1.4158129923388025,1.6042065824129161,1.0,0.06,0.23867924528301887,1315.75,1368.0,1035.2375000000002,8
8,1.3857792316023456,1.391239915372613,1.6042065824129161,1.0,0.06,0.04905660377358491,1315.75,1368.0,1035.2375000000002,8
9,1.3857792316023456,1.3871444025449147,1.6042065824129161,1.0,0.06,0.0125,1315.75,1368.0,1035.2375000000002,8
10,1.3857792316023456,1.3857792316023487,1.3857792316023456,1.0,0.06,0.0,1315.75,1368.0,1035.2375000000002,8
11,1.3857792316023456,1.3857792316023487,1.3857792316023456,1.0,0.09,0.0,1315.75,1368.0,1035.2375000000002,8
12,1.3857792316023456,1.3857792316023487,1.3857792316023456,1.0,0.09,0.0,1315.75,1368.0,1035.2375000000002,8
13,1.3857792316023456,1.3857792316023487,1.3857792316023456,1.0,0.09,0.0,1315.75,1368.0,1035.2375000000002,8
14,1.3857792316023456,1.3857792316023487,1.3857792316023456,1.0,0.09,0.0,1315.75,1368.0,1035.2375000000002,8
15,1.3857792316023456,1.3857792316023487,1.3857792316023456,1.0,0.09,0.0,1315.75,1368.0,1035.2375000000002,8
16,1.3857792316023456,1.3857792316023487,1.3857792316023456,1.0,0.09,0.0,1315.75,1368.0,1035.2375000000002,8
17,1.3857792316023456,1.3857792316023487,1.3857792316023456,1.0,0.09,0.0,1315.75,1368.0,1035.2375000000002,8
18,1.3857792316023456,1.3857792316023487,1.3857792316023456,1.0,0.09,0.0,1315.75,1368.0,1035.2375000000002,8
19,1.3857792316023456,1.3857792316023487,1.3857792316023456,1.0,0.09,0.0,1315.75,1368.0,1035.2375000000002,8
20,1.3857792316023456,1.3857792316023487,1.3857792316023456,1.0,0.09,0.0,1315.75,1368.0,1035.2375000000002,8
21,1.3857792316023456,1.3857792316023487,1.3857792316023456,1.0,0.135,0.0,1315.75,1368.0,1035.2375000000002,8
22,1.3857792316023456,1.3857792316023487,1.3857792316023456,1.0,0.135,0.0,1315.75,1368.0,1035.2375000000002,8
23,1.3857792316023456,1.3857792316023487,1.3857792316023456,1.0,0.135,0.0,1315.75,1368.0,1035.2375000000002,8
24,1.3857792316023456,1.3857792316023487,1.3857792316023456,1.0,0.135,0.0,1315.75,1368.0,1035.2375000000002,8
25,1.3857792316023456,1.3857792316023487,1.3857792316023456,1.0,0.135,0.0,1315.75,1368.0,1035.2375000000002,8
1,1.7102713763811062,20.686253317614774,76.95301216448901,1.0,0.06,0.3354130931961234,1315.75,1368.0,1035.2375000000002,8
2,1.7102713763811062,8.844530726153724,63.64296955874902,1.0,0.06,0.24033018867924527,1315.75,1368.0,1035.2375000000002,8
3,1.7102713763811062,3.721027606658158,31.654191534086763,1.0,0.06,0.15614779874213622,1315.75,1368.0,1035.2375000000002,8
4,1.7102713763811062,1.8131015700478361,9.265680352801317,1.0,0.06,0.02900943396226412,1315.75,1368.0,1035.2375000000002,8
5,1.7102713763811062,1.71027137638111,1.7102713763811062,1.0,0.06,0.0,1315.75,1368.0,1035.2375000000002,8
6,1.7102713763811062,1.71027137638111,1.7102713763811062,1.0,0.06,0.0,1315.75,1368.0,1035.2375000000002,8
7,1.7102713763811062,1.71027137638111,1.7102713763811062,1.0,0.06,0.0,1315.75,1368.0,1035.2375000000002,8
8,1.7102713763811062,1.71027137638111,1.7102713763811062,1.0,0.06,0.0,1315.75,1368.0,1035.2375000000002,8
9,1.7102713763811062,1.71027137638111,1.7102713763811062,1.0,0.06,0.0,1315.75,1368.0,1035.2375000000002,8
10,1.7102713763811062,1.71027137638111,1.7102713763811062,1.0,0.06,0.0,1315.75,1368.0,1035.2375000000002,8
11,1.7102713763811062,1.71027137638111,1.7102713763811062,1.0,0.09,0.0,1315.75,1368.0,1035.2375000000002,8
12,1.7102713763811062,1.71027137638111,1.7102713763811062,1.0,0.09,0.0,1315.75,1368.0,1035.2375000000002,8
13,1.7102713763811062,1.71027137638111,1.7102713763811062,1.0,0.09,0.0,1315.75,1368.0,1035.2375000000002,8
14,1.7102713763811062,1.71027137638111,1.7102713763811062,1.0,0.09,0.0,1315.75,1368.0,1035.2375000000002,8
15,1.7102713763811062,1.71027137638111,1.7102713763811062,1.0,0.09,0.0,1315.75,1368.0,1035.2375000000002,8
16,1.7102713763811062,1.71027137638111,1.7102713763811062,1.0,0.09,0.0,1315.75,1368.0,1035.2375000000002,8
17,1.7102713763811062,1.71027137638111,1.7102713763811062,1.0,0.09,0.0,1315.75,1368.0,1035.2375000000002,8
18,1.7102713763811062,1.71027137638111,1.7102713763811062,1.0,0.09,0.0,1315.75,1368.0,1035.2375000000002,8
19,1.7102713763811062,1.71027137638111,1.7102713763811062,1.0,0.09,0.0,1315.75,1368.0,1035.2375000000002,8
20,1.7102713763811062,1.71027137638111,1.7102713763811062,1.0,0.09,0.0,1315.75,1368.0,1035.2375000000002,8
21,1.7102713763811062,1.71027137638111,1.7102713763811062,1.0,0.135,0.0,1315.75,1368.0,1035.2375000000002,8
22,1.7102713763811062,1.71027137638111,1.7102713763811062,1.0,0.135,0.0,1315.75,1368.0,1035.2375000000002,8
23,1.7102713763811062,1.71027137638111,1.7102713763811062,1.0,0.135,0.0,1315.75,1368.0,1035.2375000000002,8
24,1.7102713763811062,1.71027137638111,1.7102713763811062,1.0,0.135,0.0,1315.75,1368.0,1035.2375000000002,8
25,1.7102713763811062,3.8629504518220097,47.18128114094124,1.0,0.135,0.13455974842767038,1315.75,1368.0,1035.2375000000002,8
1,1.2041484003014757,21.966749653939925,100.87067977455294,1.0,0.06,0.3651515151515023,1315.75,1368.0,1035.2375000000002,8
2,1.2041484003014757,9.264914186321937,54.28717904062496,1.0,0.06,0.31940513626834477,1315.75,1368.0,1035.2375000000002,8
3,1.2041484003014757,2.479731341937737,32.623047005450495,1.0,0.06,0.10809748427673338,1315.75,1368.0,1035.2375000000002,8
4,1.2041484003014757,1.3425083728510967,4.681704425337774,1.0,0.06,0.16281446540880504,1315.75,1368.0,1035.2375000000002,8
5,1.2041484003014757,1.300452581860966,1.3455123365355863,1.0,0.06,0.4370283018867924,1315.75,1368.0,1035.2375000000002,8
6,1.2041484003014757,1.27394684381707,1.3455123365355863,1.0,0.06,0.503066037735849,1315.75,1368.0,1035.2375000000002,8
7,1.2041484003014757,1.237722335157079,1.3455123365355863,1.0,0.06,0.3644654088050314,1315.75,1368.0,1035.2375000000002,8
8,1.2041484003014757,1.2094495479102563,1.3455123365355863,1.0,0.06,0.07264150943396226,1315.75,1368.0,1035.2375000000002,8
9,1.2041484003014757,1.204148400301477,1.2041484003014757,1.0,0.06,0.0,1315.75,1368.0,1035.2375000000002,8
10,1.2041484003014757,1.204148400301477,1.2041484003014757,1.0,0.06,0.0,1315.75,1368.0,1035.2375000000002,8
11,1.2041484003014757,1.204148400301477,1.2041484003014757,1.0,0.09,0.0,1315.75,1368.0,1035.2375000000002,8
12,1.2041484003014757,1.204148400301477,1.2041484003014757,1.0,0.09,0.0,1315.75,1368.0,1035.2375000000002,8
13,1.2041484003014757,1.204148400301477,1.2041484003014757,1.0,0.09,0.0,1315.75,1368.0,1035.2375000000002,8
14,1.2041484003014757,1.204148400301477,1.2041484003014757,1.0,0.09,0.0,1315.75,1368.0,1035.2375000000002,8
15,1.2041484003014757,1.204148400301477,1.2041484003014757,1.0,0.09,0.0,1315.75,1368.0,1035.2375000000002,8
16,1.2041484003014757,1.204148400301477,1.2041484003014757,1.0,0.09,0.0,1315.75,1368.0,1035.2375000000002,8
17,1.2041484003014757,1.204148400301477,1.2041484003014757,1.0,0.09,0.0,1315.75,1368.0,1035.2375000000002,8
18,1.2041484003014757,1.204148400301477,1.2041484003014757,1.0,0.09,0.0,1315.75,1368.0,1035.2375000000002,8
19,1.2041484003014757,1.204148400301477,1.2041484003014757,1.0,0.09,0.0,1315.75,1368.0,1035.2375000000002,8
20,1.2041484003014757,1.204148400301477,1.2041484003014757,1.0,0.09,0.0,1315.75,1368.0,1035.2375000000002,8
21,1.2041484003014757,1.2050319249029404,1.3455123365355863,1.0,0.135,0.0125,1315.75,1368.0,1035.2375000000002,8
22,1.2041484003014757,1.204148400301477,1.2041484003014757,1.0,0.135,0.0,1315.75,1368.0,1035.2375000000002,8
23,1.2041484003014757,1.204148400301477,1.2041484003014757,1.0,0.135,0.0,1315.75,1368.0,1035.2375000000002,8
24,1.2041484003014757,1.204148400301477,1.2041484003014757,1.0,0.135,0.0,1315.75,1368.0,1035.2375000000002,8
25,1.2041484003014757,1.204148400301477,1.2041484003014757,1.0,0.135,0.0,1315.75,1368.0,1035.2375000000002,8
1,1.4763137884174622,18.869477096450016,108.18803847283635,1.0,0.06,0.31457975986280623,1315.75,1368.0,1035.2375000000002,8
2,1.4763137884174622,9.177198448384164,71.80891468386008,1.0,0.06,0.1909276729559765,1315.75,1368.0,1035.2375000000002,8
3,1.4763137884174622,2.6785970156038643,21.663211596452786,1.0,0.06,0.1133254716981132,1315.75,1368.0,1035.2375000000002,8
4,1.4763137884174622,1.4763137884174586,1.4763137884174622,1.0,0.06,0.0,1315.75,1368.0,1035.2375000000002,8
5,1.4763137884174622,1.4763137884174586,1.4763137884174622,1.0,0.06,0.0,1315.75,1368.0,1035.2375000000002,8
6,1.4763137884174622,1.4763137884174586,1.4763137884174622,1.0,0.06,0.0,1315.75,1368.0,1035.2375000000002,8
7,1.4763137884174622,1.4763137884174586,1.4763137884174622,1.0,0.06,0.0,1315.75,1368.0,1035.2375000000002,8
8,1.4763137884174622,1.4763137884174586,1.4763137884174622,1.0,0.06,0.0,1315.75,1368.0,1035.2375000000002,8
9,1.4763137884174622,1.4763137884174586,1.4763137884174622,1.0,0.06,0.0,1315.75,1368.0,1035.2375000000002,8
10,1.4763137884174622,1.4763137884174586,1.4763137884174622,1.0,0.06,0.0,1315.75,1368.0,1035.2375000000002,8
11,1.4763137884174622,1.4763137884174586,1.4763137884174622,1.0,0.09,0.0,1315.75,1368.0,1035.2375000000002,8
12,1.4763137884174622,1.4763137884174586,1.4763137884174622,1.0,0.09,0.0,1315.75,1368.0,1035.2375000000002,8
13,1.4763137884174622,1.4763137884174586,1.4763137884174622,1.0,0.09,0.0,1315.75,1368.0,1035.2375000000002,8
14,1.4763137884174622,1.4763137884174586,1.4763137884174622,1.0,0.09,0.0,1315.75,1368.0,1035.2375000000002,8
15,1.4763137884174622,1.4763137884174586,1.4763137884174622,1.0,0.09,0.0,1315.75,1368.0,1035.2375000000002,8
16,1.4763137884174622,1.4763137884174586,1.4763137884174622,1.0,0.09,0.0,1315.75,1368.0,1035.2375000000002,8
17,1.4763137884174622,1.4763137884174586,1.4763137884174622,1.0,0.09,0.0,1315.75,1368.0,1035.2375000000002,8
18,1.4763137884174622,1.4763137884174586,1.4763137884174622,1.0,0.09,0.0,1315.75,1368.0,1035.2375000000002,8
19,1.4763137884174622,1.4763137884174586,1.4763137884174622,1.0,0.09,0.0,1315.75,1368.0,1035.2375000000002,8
20,1.4763137884174622,1.4763137884174586,1.4763137884174622,1.0,0.09,0.0,1315.75,1368.0,1035.2375000000002,8
21,1.4763137884174622,1.6340251333375797,26.710128975636714,1.0,0.135,0.0125,1315.75,1368.0,1035.2375000000002,8
22,1.4763137884174622,1.4763137884174586,1.4763137884174622,1.0,0.135,0.0,1315.75,1368.0,1035.2375000000002,8
23,1.4763137884174622,1.4763137884174586,1.4763137884174622,1.0,0.135,0.0,1315.75,1368.0,1035.2375000000002,8
24,1.4763137884174622,1.4763137884174586,1.4763137884174622,1.0,0.135,0.0,1315.75,1368.0,1035.2375000000002,8
25,1.4763137884174622,1.4763137884174586,1.4763137884174622,1.0,0.135,0.0,1315.75,1368.0,1035.2375000000002,8
1,1.4763137884174622,22.451920250414858,100.93489910479309,1.0,0.06,0.35271226415094126,1315.75,1368.0,1035.2375000000002,8
2,1.4763137884174622,9.208316653699814,53.958723890613484,1.0,0.06,0.3332771787960496,1315.75,1368.0,1035.2375000000002,8
3,1.4763137884174622,4.329271933697103,34.7634046839835,1.0,0.06,0.22720125786164086,1315.75,1368.0,1035.2375000000002,8
4,1.4763137884174622,2.108066235706006,20.625867004635356,1.0,0.06,0.09595125786163522,1315.75,1368.0,1035.2375000000002,8
5,1.4763137884174622,1.4763137884174586,1.4763137884174622,1.0,0.06,0.06092767295597484,1315.75,1368.0,1035.2375000000002,8
6,1.4763137884174622,1.4763137884174586,1.4763137884174622,1.0,0.06,0.06092767295597484,1315.75,1368.0,1035.2375000000002,8
7,1.4763137884174622,1.4763137884174586,1.4763137884174622,1.0,0.06,0.07264150943396226,1315.75,1368.0,1035.2375000000002,8
8,1.4763137884174622,1.4763137884174586,1.4763137884174622,1.0,0.06,0.0125,1315.75,1368.0,1035.2375000000002,8
9,1.4763137884174622,1.4763137884174586,1.4763137884174622,1.0,0.06,0.0125,1315.75,1368.0,1035.2375000000002,8
10,1.4763137884174622,1.4763137884174586,1.4763137884174622,1.0,0.06,0.0125,1315.75,1368.0,1035.2375000000002,8
11,1.4763137884174622,1.4763137884174586,1.4763137884174622,1.0,0.09,0.0125,1315.75,1368.0,1035.2375000000002,8
12,1.4763137884174622,1.4763137884174586,1.4763137884174622,1.0,0.09,0.024842767295597486,1315.75,1368.0,1035.2375000000002,8
13,1.4763137884174622,1.4763137884174586,1.4763137884174622,1.0,0.09,0.0125,1315.75,1368.0,1035.2375000000002,8
14,1.4763137884174622,1.4763137884174586,1.4763137884174622,1.0,0.09,0.0,1315.75,1368.0,1035.2375000000002,8
15,1.4763137884174622,1.4763137884174586,1.4763137884174622,1.0,0.09,0.0,1315.75,1368.0,1035.2375000000002,8
16,1.4763137884174622,1.4763137884174586,1.4763137884174622,1.0,0.09,0.0,1315.75,1368.0,1035.2375000000002,8
17,1.4763137884174622,1.4763137884174586,1.4763137884174622,1.0,0.09,0.0,1315.75,1368.0,1035.2375000000002,8
18,1.4763137884174622,1.4763137884174586,1.4763137884174622,1.0,0.09,0.0,1315.75,1368.0,1035.2375000000002,8
19,1.4763137884174622,1.4763137884174586,1.4763137884174622,1.0,0.09,0.0,1315.75,1368.0,1035.2375000000002,8
20,1.4763137884174622,1.4763137884174586,1.4763137884174622,1.0,0.09,0.0,1315.75,1368.0,1035.2375000000002,8
21,1.4763137884174622,1.4763137884174586,1.4763137884174622,1.0,0.135,0.0,1315.75,1368.0,1035.2375000000002,8
22,1.4763137884174622,1.4763137884174586,1.4763137884174622,1.0,0.135,0.0,1315.75,1368.0,1035.2375000000002,8
23,1.4763137884174622,1.4763137884174586,1.4763137884174622,1.0,0.135,0.0,1315.75,1368.0,1035.2375000000002,8
24,1.4763137884174622,1.4763137884174586,1.4763137884174622,1.0,0.135,0.0,1315.75,1368.0,1035.2375000000002,8
25,1.4763137884174622,4.38747331967895,40.454412211752654,1.0,0.135,0.16056079664570438,1315.75,1368.0,1035.2375000000002,8
1,2.4741821930864463,21.0751294125916,91.40800166336264,1.0,0.06,0.4049790356393963,1315.75,1368.0,1035.2375000000002,8
2,2.4741821930864463,10.839770658104603,53.32125482917726,1.0,0.06,0.3533962264150961,1315.75,1368.0,1035.2375000000002,8
3,2.4741821930864463,5.18200514687375,29.877077589887584,1.0,0.06,0.17470518867924528,1315.75,1368.0,1035.2375000000002,8
4,2.4741821930864463,3.8364803709925495,9.746702455502625,1.0,0.06,0.17154088050314464,1315.75,1368.0,1035.2375000000002,8
5,2.4741821930864463,3.523899014143094,4.057821925603252,1.0,0.06,0.506996855345912,1315.75,1368.0,1035.2375000000002,8
6,2.4741821930864463,3.138109028647828,4.057821925603252,1.0,0.06,0.5663522012578617,1315.75,1368.0,1035.2375000000002,8
7,2.4741821930864463,2.816043359195368,4.057821925603252,1.0,0.06,0.3815251572327044,1315.75,1368.0,1035.2375000000002,8
8,2.4741821930864463,2.513884286052221,4.057821925603252,1.0,0.06,0.06139937106918239,1315.75,1368.0,1035.2375000000002,8
9,2.4741821930864463,2.4741821930864485,2.4741821930864463,1.0,0.06,0.0,1315.75,1368.0,1035.2375000000002,8
10,2.4741821930864463,2.4741821930864485,2.4741821930864463,1.0,0.06,0.0,1315.75,1368.0,1035.2375000000002,8
11,2.4741821930864463,2.4741821930864485,2.4741821930864463,1.0,0.09,0.0,1315.75,1368.0,1035.2375000000002,8
12,2.4741821930864463,2.4741821930864485,2.4741821930864463,1.0,0.09,0.0,1315.75,1368.0,1035.2375000000002,8
13,2.4741821930864463,2.4741821930864485,2.4741821930864463,1.0,0.09,0.0,1315.75,1368.0,1035.2375000000002,8
14,2.4741821930864463,2.4741821930864485,2.4741821930864463,1.0,0.09,0.0,1315.75,1368.0,1035.2375000000002,8
15,2.4741821930864463,2.4741821930864485,2.4741821930864463,1.0,0.09,0.0,1315.75,1368.0,1035.2375000000002,8
16,2.4741821930864463,2.4741821930864485,2.4741821930864463,1.0,0.09,0.0,1315.75,1368.0,1035.2375000000002,8
17,2.4741821930864463,2.4741821930864485,2.4741821930864463,1.0,0.09,0.0,1315.75,1368.0,1035.2375000000002,8
18,2.4741821930864463,2.4741821930864485,2.4741821930864463,1.0,0.09,0.0,1315.75,1368.0,1035.2375000000002,8
19,2.4741821930864463,2.4741821930864485,2.4741821930864463,1.0,0.09,0.0,1315.75,1368.0,1035.2375000000002,8
20,2.4741821930864463,2.4741821930864485,2.4741821930864463,1.0,0.09,0.0,1315.75,1368.0,1035.2375000000002,8
21,2.4741821930864463,2.4741821930864485,2.4741821930864463,1.0,0.135,0.0,1315.75,1368.0,1035.2375000000002,8
22,2.4741821930864463,2.4741821930864485,2.4741821930864463,1.0,0.135,0.0,1315.75,1368.0,1035.2375000000002,8
23,2.4741821930864463,2.4741821930864485,2.4741821930864463,1.0,0.135,0.0,1315.75,1368.0,1035.2375000000002,8
24,2.4741821930864463,2.4741821930864485,2.4741821930864463,1.0,0.135,0.0,1315.75,1368.0,1035.2375000000002,8
25,2.4741821930864463,2.4741821930864485,2.4741821930864463,1.0,0.135,0.0,1315.75,1368.0,1035.2375000000002,8
1,2.6534502159455666,22.027398434275046,78.30813818992783,1.0,0.06,0.39429245283019265,1315.75,1368.0,1035.2375000000002,8
2,2.6534502159455666,8.531603232115653,49.46224447351615,1.0,0.06,0.2954009433962281,1315.75,1368.0,1035.2375000000002,8
3,2.6534502159455666,3.4737211683953837,29.479429130486693,1.0,0.06,0.09677672955974843,1315.75,1368.0,1035.2375000000002,8
4,2.6534502159455666,2.6814304220909833,7.130283199213495,1.0,0.06,0.028747379454926506,1315.75,1368.0,1035.2375000000002,8
5,2.6534502159455666,2.6534502159455586,2.6534502159455666,1.0,0.06,0.06092767295597484,1315.75,1368.0,1035.2375000000002,8
6,2.6534502159455666,2.6534502159455586,2.6534502159455666,1.0,0.06,0.10683962264150944,1315.75,1368.0,1035.2375000000002,8
7,2.6534502159455666,2.6534502159455586,2.6534502159455666,1.0,0.06,0.13962264150943396,1315.75,1368.0,1035.2375000000002,8
8,2.6534502159455666,2.6534502159455586,2.6534502159455666,1.0,0.06,0.15023584905660378,1315.75,1368.0,1035.2375000000002,8
9,2.6534502159455666,2.6534502159455586,2.6534502159455666,1.0,0.06,0.13962264150943396,1315.75,1368.0,1035.2375000000002,8
10,2.6534502159455666,2.6534502159455586,2.6534502159455666,1.0,0.06,0.15023584905660378,1315.75,1368.0,1035.2375000000002,8
11,2.6534502159455666,2.6534502159455586,2.6534502159455666,1.0,0.09,0.13962264150943396,1315.75,1368.0,1035.2375000000002,8
12,2.6534502159455666,2.6534502159455586,2.6534502159455666,1.0,0.09,0.1179245283018868,1315.75,1368.0,1035.2375000000002,8
13,2.6534502159455666,2.6534502159455586,2.6534502159455666,1.0,0.09,0.1179245283018868,1315.75,1368.0,1035.2375000000002,8
14,2.6534502159455666,2.6534502159455586,2.6534502159455666,1.0,0.09,0.13962264150943396,1315.75,1368.0,1035.2375000000002,8
15,2.6534502159455666,2.6534502159455586,2.6534502159455666,1.0,0.09,0.16069182389937106,1315.75,1368.0,1035.2375000000002,8
16,2.6534502159455666,2.6534502159455586,2.6534502159455666,1.0,0.09,0.13962264150943396,1315.75,1368.0,1035.2375000000002,8
17,2.6534502159455666,2.6534502159455586,2.6534502159455666,1.0,0.09,0.16069182389937106,1315.75,1368.0,1035.2375000000002,8
18,2.6534502159455666,2.6534502159455586,2.6534502159455666,1.0,0.09,0.12885220125786165,1315.75,1368.0,1035.2375000000002,8
19,2.6534502159455666,2.6534502159455586,2.6534502159455666,1.0,0.09,0.09559748427672957,1315.75,1368.0,1035.2375000000002,8
20,2.6534502159455666,2.6534502159455586,2.6534502159455666,1.0,0.09,0.16069182389937106,1315.75,1368.0,1035.2375000000002,8
21,2.6534502159455666,2.6534502159455586,2.6534502159455666,1.0,0.135,0.17099056603773585,1315.75,1368.0,1035.2375000000002,8
22,2.6534502159455666,2.6534502159455586,2.6534502159455666,1.0,0.135,0.15023584905660378,1315.75,1368.0,1035.2375000000002,8
23,2.6534502159455666,2.6534502159455586,2.6534502159455666,1.0,0.135,0.16069182389937106,1315.75,1368.0,1035.2375000000002,8
24,2.6534502159455666,2.6534502159455586,2.6534502159455666,1.0,0.135,0.16069182389937106,1315.75,1368.0,1035.2375000000002,8
25,2.4374219201708165,4.544934254393696,34.63988289971117,1.0,0.135,0.1071990116801417,1315.75,1368.0,1035.2375000000002,8
26,2.4374219201708165,2.761755774929274,16.580433024022305,1.0,0.0945,0.05264675052410948,1315.75,1368.0,1035.2375000000002,8
27,2.4374219201708165,2.642648801156821,2.6534502159455666,1.0,0.0945,0.1421383647798742,1315.75,1368.0,1035.2375000000002,8
28,2.4374219201708165,2.625096502125124,2.6534502159455666,1.0,0.0945,0.28215408805031444,1315.75,1368.0,1035.2375000000002,8
29,2.4374219201708165,2.5872915503645446,2.6534502159455666,1.0,0.0945,0.4447327044025157,1315.75,1368.0,1035.2375000000002,8
30,2.4374219201708165,2.542735714361006,2.6534502159455666,1.0,0.0945,0.5088836477987422,1315.75,1368.0,1035.2375000000002,8
31,2.4374219201708165,2.496829701508873,2.6534502159455666,1.0,0.0945,0.4046383647798742,1315.75,1368.0,1035.2375000000002,8
32,2.4374219201708165,2.452273865505333,2.6534502159455666,1.0,0.0945,0.12885220125786165,1315.75,1368.0,1035.2375000000002,8
33,2.4374219201708165,2.4374219201708196,2.4374219201708165,1.0,0.0945,0.0,1315.75,1368.0,1035.2375000000002,8
34,2.4374219201708165,2.4374219201708196,2.4374219201708165,1.0,0.0945,0.0,1315.75,1368.0,1035.2375000000002,8
35,2.4374219201708165,2.4374219201708196,2.4374219201708165,1.0,0.0945,0.0,1315.75,1368.0,1035.2375000000002,8
36,2.4374219201708165,2.5279860181014406,16.92767758907007,1.0,0.14175,0.0125,1315.75,1368.0,1035.2375000000002,8
37,2.4374219201708165,2.4374219201708196,2.4374219201708165,1.0,0.14175,0.0,1315.75,1368.0,1035.2375000000002,8
38,2.4374219201708165,2.4374219201708196,2.4374219201708165,1.0,0.14175,0.0,1315.75,1368.0,1035.2375000000002,8
39,2.4374219201708165,2.4374219201708196,2.4374219201708165,1.0,0.14175,0.0,1315.75,1368.0,1035.2375000000002,8
40,2.4374219201708165,2.4374219201708196,2.4374219201708165,1.0,0.14175,0.0,1315.75,1368.0,1035.2375000000002,8
41,2.4374219201708165,2.4374219201708196,2.4374219201708165,1.0,0.14175,0.0,1315.75,1368.0,1035.2375000000002,8
42,2.4374219201708165,2.4374219201708196,2.4374219201708165,1.0,0.14175,0.0,1315.75,1368.0,1035.2375000000002,8
43,2.4374219201708165,2.4374219201708196,2.4374219201708165,1.0,0.14175,0.0,1315.75,1368.0,1035.2375000000002,8
44,2.4374219201708165,2.4374219201708196,2.4374219201708165,1.0,0.14175,0.0,1315.75,1368.0,1035.2375000000002,8
45,2.4374219201708165,2.4374219201708196,2.4374219201708165,1.0,0.14175,0.0,1315.75,1368.0,1035.2375000000002,8
46,2.4374219201708165,2.4374219201708196,2.4374219201708165,1.0,0.15,0.0,1315.75,1368.0,1035.2375000000002,8
47,2.4374219201708165,2.4374219201708196,2.4374219201708165,1.0,0.15,0.0,1315.75,1368.0,1035.2375000000002,8
48,2.4374219201708165,2.4374219201708196,2.4374219201708165,1.0,0.15,0.0,1315.75,1368.0,1035.2375000000002,8
49,2.4374219201708165,2.4374219201708196,2.4374219201708165,1.0,0.15,0.0,1315.75,1368.0,1035.2375000000002,8
50,2.4374219201708165,2.4374219201708196,2.4374219201708165,1.0,0.15,0.0,1315.75,1368.0,1035.2375000000002,8
1,0.8832253849650318,22.92086649561566,91.98278760263429,1.0,0.06,0.3649799885648923,1315.75,1368.0,1035.2375000000002,8
2,0.8832253849650318,10.751203984757046,56.701338238002684,1.0,0.06,0.31791329739444474,1315.75,1368.0,1035.2375000000002,8
3,0.8832253849650318,3.9865113609084197,37.261005146519445,1.0,0.06,0.21627358490566037,1315.75,1368.0,1035.2375000000002,8
4,0.8832253849650318,1.162280249933902,19.626615936669587,1.0,0.06,0.052751572327043535,1315.75,1368.0,1035.2375000000002,8
5,0.8832253849650318,0.8832253849650316,0.8832253849650318,1.0,0.06,0.08419811320754716,1315.75,1368.0,1035.2375000000002,8
6,0.8832253849650318,0.8832253849650316,0.8832253849650318,1.0,0.06,0.13962264150943396,1315.75,1368.0,1035.2375000000002,8
7,0.8832253849650318,0.8832253849650316,0.8832253849650318,1.0,0.06,0.10683962264150944,1315.75,1368.0,1035.2375000000002,8
8,0.8832253849650318,0.8832253849650316,0.8832253849650318,1.0,0.06,0.12885220125786165,1315.75,1368.0,1035.2375000000002,8
9,0.8832253849650318,0.8832253849650316,0.8832253849650318,1.0,0.06,0.15023584905660378,1315.75,1368.0,1035.2375000000002,8
10,0.8832253849650318,0.8832253849650316,0.8832253849650318,1.0,0.06,0.13962264150943396,1315.75,1368.0,1035.2375000000002,8
11,0.8832253849650318,0.8832253849650316,0.8832253849650318,1.0,0.09,0.10683962264150944,1315.75,1368.0,1035.2375000000002,8
12,0.8832253849650318,0.8832253849650316,0.8832253849650318,1.0,0.09,0.12885220125786165,1315.75,1368.0,1035.2375000000002,8
13,0.8832253849650318,0.8832253849650316,0.8832253849650318,1.0,0.09,0.12885220125786165,1315.75,1368.0,1035.2375000000002,8
14,0.8832253849650318,0.8832253849650316,0.8832253849650318,1.0,0.09,0.09559748427672957,1315.75,1368.0,1035.2375000000002,8
15,0.8832253849650318,0.8832253849650316,0.8832253849650318,1.0,0.09,0.15023584905660378,1315.75,1368.0,1035.2375000000002,8
16,0.8832253849650318,0.8832253849650316,0.8832253849650318,1.0,0.09,0.2106132075471698,1315.75,1368.0,1035.2375000000002,8
17,0.8832253849650318,0.8832253849650316,0.8832253849650318,1.0,0.09,0.2294811320754717,1315.75,1368.0,1035.2375000000002,8
18,0.8832253849650318,0.8832253849650316,0.8832253849650318,1.0,0.09,0.2294811320754717,1315.75,1368.0,1035.2375000000002,8
19,0.8832253849650318,0.8832253849650316,0.8832253849650318,1.0,0.09,0.25660377358490566,1315.75,1368.0,1035.2375000000002,8
20,0.8832253849650318,0.8832253849650316,0.8832253849650318,1.0,0.09,0.16069182389937106,1315.75,1368.0,1035.2375000000002,8
21,0.8832253849650318,0.8832253849650316,0.8832253849650318,1.0,0.135,0.2009433962264151,1315.75,1368.0,1035.2375000000002,8
22,0.8832253849650318,0.8832253849650316,0.8832253849650318,1.0,0.135,0.2653301886792453,1315.75,1368.0,1035.2375000000002,8
23,0.8832253849650318,0.8832253849650316,0.8832253849650318,1.0,0.135,0.2738993710691824,1315.75,1368.0,1035.2375000000002,8
24,0.8832253849650318,0.8832253849650316,0.8832253849650318,1.0,0.135,0.25660377358490566,1315.75,1368.0,1035.2375000000002,8
25,0.8832253849650318,3.3945252064660827,48.79277886139872,1.0,0.135,0.16500262054507828,1315.75,1368.0,1035.2375000000002,8
1,0.8832253849650318,22.174297018610783,98.65970414235402,1.0,0.06,0.3505931961120624,1315.75,1368.0,1035.2375000000002,8
2,0.8832253849650318,8.999181705178554,56.96593592254387,1.0,0.06,0.3259958071278784,1315.75,1368.0,1035.2375000000002,8
3,0.8832253849650318,2.669985115508142,25.797329180164784,1.0,0.06,0.22227463312368642,1315.75,1368.0,1035.2375000000002,8
4,0.8832253849650318,0.8880364033438172,1.6529883255707094,1.0,0.06,0.0125,1315.75,1368.0,1035.2375000000002,8
5,0.8832253849650318,0.8832253849650316,0.8832253849650318,1.0,0.06,0.0,1315.75,1368.0,1035.2375000000002,8
6,0.8832253849650318,0.8832253849650316,0.8832253849650318,1.0,0.06,0.0,1315.75,1368.0,1035.2375000000002,8
7,0.8832253849650318,0.8832253849650316,0.8832253849650318,1.0,0.06,0.0,1315.75,1368.0,1035.2375000000002,8
8,0.8832253849650318,0.8832253849650316,0.8832253849650318,1.0,0.06,0.0,1315.75,1368.0,1035.2375000000002,8
9,0.8832253849650318,0.8832253849650316,0.8832253849650318,1.0,0.06,0.0,1315.75,1368.0,1035.2375000000002,8
10,0.8832253849650318,0.8832253849650316,0.8832253849650318,1.0,0.06,0.0,1315.75,1368.0,1035.2375000000002,8
11,0.8832253849650318,1.0539705434449682,28.20245074175442,1.0,0.09,0.0125,1315.75,1368.0,1035.2375000000002,8
12,0.8832253849650318,0.8832253849650316,0.8832253849650318,1.0,0.09,0.0,1315.75,1368.0,1035.2375000000002,8
13,0.8832253849650318,0.8832253849650316,0.8832253849650318,1.0,0.09,0.0,1315.75,1368.0,1035.2375000000002,8
14,0.8832253849650318,0.8832253849650316,0.8832253849650318,1.0,0.09,0.0,1315.75,1368.0,1035.2375000000002,8
15,0.8832253849650318,0.8832253849650316,0.8832253849650318,1.0,0.09,0.0,1315.75,1368.0,1035.2375000000002,8
16,0.8832253849650318,0.8832253849650316,0.8832253849650318,1.0,0.09,0.0,1315.75,1368.0,1035.2375000000002,8
17,0.8832253849650318,0.8832253849650316,0.8832253849650318,1.0,0.09,0.0,1315.75,1368.0,1035.2375000000002,8
18,0.8832253849650318,0.8832253849650316,0.8832253849650318,1.0,0.09,0.0,1315.75,1368.0,1035.2375000000002,8
19,0.8832253849650318,0.8832253849650316,0.8832253849650318,1.0,0.09,0.0,1315.75,1368.0,1035.2375000000002,8
20,0.8832253849650318,0.8832253849650316,0.8832253849650318,1.0,0.09,0.0,1315.75,1368.0,1035.2375000000002,8
21,0.8832253849650318,1.1354893828101293,41.24546504018047,1.0,0.135,0.0125,1315.75,1368.0,1035.2375000000002,8
22,0.8832253849650318,0.8832253849650316,0.8832253849650318,1.0,0.135,0.0,1315.75,1368.0,1035.2375000000002,8
23,0.8832253849650318,0.8832253849650316,0.8832253849650318,1.0,0.135,0.0,1315.75,1368.0,1035.2375000000002,8
24,0.8832253849650318,0.8832253849650316,0.8832253849650318,1.0,0.135,0.0,1315.75,1368.0,1035.2375000000002,8
25,0.8832253849650318,0.8832253849650316,0.8832253849650318,1.0,0.135,0.0,1315.75,1368.0,1035.2375000000002,8
1,2.239259603413837,20.69695801436915,76.37088012018326,1.0,0.06,0.40544199860236274,1315.75,1368.0,1035.2375000000002,8
2,2.239259603413837,10.121957596367167,59.857800333071204,1.0,0.06,0.272061713836478,1315.75,1368.0,1035.2375000000002,8
3,2.239259603413837,4.373526769402485,32.34534305012914,1.0,0.06,0.22236635220125786,1315.75,1368.0,1035.2375000000002,8
4,2.239259603413837,2.452372606770315,16.496445929663626,1.0,0.06,0.11137316561844528,1315.75,1368.0,1035.2375000000002,8
5,2.239259603413837,2.294339481320029,2.321622037666095,1.0,0.06,0.44583333333333336,1315.75,1368.0,1035.2375000000002,8
6,2.239259603413837,2.2763226988273493,2.321622037666095,1.0,0.06,0.4981132075471698,1315.75,1368.0,1035.2375000000002,8
7,2.239259603413837,2.2526434989798245,2.321622037666095,1.0,0.06,0.2738993710691824,1315.75,1368.0,1035.2375000000002,8
8,2.239259603413837,2.2408038990560626,2.321622037666095,1.0,0.06,0.03702830188679245,1315.75,1368.0,1035.2375000000002,8
9,2.239259603413837,2.239259603413833,2.239259603413837,1.0,0.06,0.0,1315.75,1368.0,1035.2375000000002,8
10,2.239259603413837,2.239259603413833,2.239259603413837,1.0,0.06,0.0,1315.75,1368.0,1035.2375000000002,8
11,2.239259603413837,2.2397743686279097,2.321622037666095,1.0,0.09,0.0125,1315.75,1368.0,1035.2375000000002,8
12,2.239259603413837,2.239259603413833,2.239259603413837,1.0,0.09,0.0,1315.75,1368.0,1035.2375000000002,8
13,2.239259603413837,2.239259603413833,2.239259603413837,1.0,0.09,0.0,1315.75,1368.0,1035.2375000000002,8
14,2.239259603413837,2.239259603413833,2.239259603413837,1.0,0.09,0.0,1315.75,1368.0,1035.2375000000002,8
15,2.239259603413837,2.239259603413833,2.239259603413837,1.0,0.09,0.0,1315.75,1368.0,1035.2375000000002,8
16,2.239259603413837,2.239259603413833,2.239259603413837,1.0,0.09,0.0,1315.75,1368.0,1035.2375000000002,8
17,2.239259603413837,2.239259603413833,2.239259603413837,1.0,0.09,0.0,1315.75,1368.0,1035.2375000000002,8
18,2.239259603413837,2.239259603413833,2.239259603413837,1.0,0.09,0.0,1315.75,1368.0,1035.2375000000002,8
19,2.239259603413837,2.239259603413833,2.239259603413837,1.0,0.09,0.0,1315.75,1368.0,1035.2375000000002,8
20,2.239259603413837,2.239259603413833,2.239259603413837,1.0,0.09,0.0,1315.75,1368.0,1035.2375000000002,8
21,2.239259603413837,2.239259603413833,2.239259603413837,1.0,0.135,0.0,1315.75,1368.0,1035.2375000000002,8
22,2.239259603413837,2.239259603413833,2.239259603413837,1.0,0.135,0.0,1315.75,1368.0,1035.2375000000002,8
23,2.239259603413837,2.239259603413833,2.239259603413837,1.0,0.135,0.0,1315.75,1368.0,1035.2375000000002,8
24,2.239259603413837,2.239259603413833,2.239259603413837,1.0,0.135,0.0,1315.75,1368.0,1035.2375000000002,8
25,2.239259603413837,2.239259603413833,2.239259603413837,1.0,0.135,0.0,1315.75,1368.0,1035.2375000000002,8
1,2.7140684678808524,19.52189167452988,82.10713197978436,1.0,0.06,0.39659329140459654,1315.75,1368.0,1035.2375000000002,8
2,2.7140684678808524,9.174569446287517,45.70972267721677,1.0,0.06,0.4015408805031526,1315.75,1368.0,1035.2375000000002,8
3,2.7140684678808524,4.3562658501785885,27.58041725958445,1.0,0.06,0.21373820754716982,1315.75,1368.0,1035.2375000000002,8
4,2.7140684678808524,2.7803368347622572,12.216019888139503,1.0,0.06,0.06011530398322965,1315.75,1368.0,1035.2375000000002,8
5,2.7140684678808524,2.71406846788085,2.7140684678808524,1.0,0.06,0.09685534591194969,1315.75,1368.0,1035.2375000000002,8
6,2.7140684678808524,2.71406846788085,2.7140684678808524,1.0,0.06,0.07334905660377358,1315.75,1368.0,1035.2375000000002,8
7,2.7140684678808524,2.71406846788085,2.7140684678808524,1.0,0.06,0.09654088050314466,1315.75,1368.0,1035.2375000000002,8
8,2.7140684678808524,2.71406846788085,2.7140684678808524,1.0,0.06,0.07327044025157232,1315.75,1368.0,1035.2375000000002,8
9,2.7140684678808524,2.71406846788085,2.7140684678808524,1.0,0.06,0.06139937106918239,1315.75,1368.0,1035.2375000000002,8
10,2.7140684678808524,2.71406846788085,2.7140684678808524,1.0,0.06,0.04929245283018868,1315.75,1368.0,1035.2375000000002,8
11,2.7140684678808524,2.71406846788085,2.7140684678808524,1.0,0.09,0.03718553459119497,1315.75,1368.0,1035.2375000000002,8
12,2.7140684678808524,2.71406846788085,2.7140684678808524,1.0,0.09,0.061242138364779874,1315.75,1368.0,1035.2375000000002,8
13,2.7140684678808524,2.71406846788085,2.7140684678808524,1.0,0.09,0.04905660377358491,1315.75,1368.0,1035.2375000000002,8
14,2.7140684678808524,2.71406846788085,2.7140684678808524,1.0,0.09,0.03702830188679245,1315.75,1368.0,1035.2375000000002,8
15,2.7140684678808524,2.71406846788085,2.7140684678808524,1.0,0.09,0.024842767295597486,1315.75,1368.0,1035.2375000000002,8
16,2.7140684678808524,2.71406846788085,2.7140684678808524,1.0,0.09,0.03702830188679245,1315.75,1368.0,1035.2375000000002,8
17,2.7140684678808524,2.71406846788085,2.7140684678808524,1.0,0.09,0.03702830188679245,1315.75,1368.0,1035.2375000000002,8
18,2.7140684678808524,2.71406846788085,2.7140684678808524,1.0,0.09,0.0125,1315.75,1368.0,1035.2375000000002,8
19,2.7140684678808524,2.71406846788085,2.7140684678808524,1.0,0.09,0.024842767295597486,1315.75,1368.0,1035.2375000000002,8
20,2.7140684678808524,2.71406846788085,2.7140684678808524,1.0,0.09,0.0,1315.75,1368.0,1035.2375000000002,8
21,2.7140684678808524,2.71406846788085,2.7140684678808524,1.0,0.135,0.0,1315.75,1368.0,1035.2375000000002,8
22,2.7140684678808524,2.71406846788085,2.7140684678808524,1.0,0.135,0.0,1315.75,1368.0,1035.2375000000002,8
23,2.7140684678808524,2.71406846788085,2.7140684678808524,1.0,0.135,0.0,1315.75,1368.0,1035.2375000000002,8
24,2.7140684678808524,2.71406846788085,2.7140684678808524,1.0,0.135,0.0,1315.75,1368.0,1035.2375000000002,8
25,2.7140684678808524,4.663209139197793,53.743680156628756,1.0,0.135,0.09152908805031447,1315.75,1368.0,1035.2375000000002,8
1,2.499718388840674,20.42629259824897,73.76939316936452,1.0,0.06,0.40396575821103164,1315.75,1368.0,1035.2375000000002,8
2,2.499718388840674,9.59776829714831,44.095024258156116,1.0,0.06,0.35446540880503885,1315.75,1368.0,1035.2375000000002,8
3,2.499718388840674,5.14899928237454,37.311530225843256,1.0,0.06,0.19372641509433056,1315.75,1368.0,1035.2375000000002,8
4,2.499718388840674,3.2245483775215407,14.752415903360955,1.0,0.06,0.16732180293500495,1315.75,1368.0,1035.2375000000002,8
5,2.499718388840674,2.8488440728639794,2.9940556405550938,1.0,0.06,0.44363207547169814,1315.75,1368.0,1035.2375000000002,8
6,2.499718388840674,2.746887014697882,2.9940556405550938,1.0,0.06,0.5093553459119496,1315.75,1368.0,1035.2375000000002,8
7,2.499718388840674,2.6171234861228494,2.9940556405550938,1.0,0.06,0.367374213836478,1315.75,1368.0,1035.2375000000002,8
8,2.499718388840674,2.521345643603182,2.9940556405550938,1.0,0.06,0.08466981132075471,1315.75,1368.0,1035.2375000000002,8
9,2.499718388840674,2.499718388840676,2.499718388840674,1.0,0.06,0.0,1315.75,1368.0,1035.2375000000002,8
10,2.499718388840674,2.499718388840676,2.499718388840674,1.0,0.06,0.0,1315.75,1368.0,1035.2375000000002,8
11,2.499718388840674,2.499718388840676,2.499718388840674,1.0,0.09,0.0,1315.75,1368.0,1035.2375000000002,8
12,2.499718388840674,2.499718388840676,2.499718388840674,1.0,0.09,0.0,1315.75,1368.0,1035.2375000000002,8
13,2.499718388840674,2.499718388840676,2.499718388840674,1.0,0.09,0.0,1315.75,1368.0,1035.2375000000002,8
14,2.499718388840674,2.499718388840676,2.499718388840674,1.0,0.09,0.0,1315.75,1368.0,1035.2375000000002,8
15,2.499718388840674,2.499718388840676,2.499718388840674,1.0,0.09,0.0,1315.75,1368.0,1035.2375000000002,8
16,2.499718388840674,2.499718388840676,2.499718388840674,1.0,0.09,0.0,1315.75,1368.0,1035.2375000000002,8
17,2.499718388840674,2.499718388840676,2.499718388840674,1.0,0.09,0.0,1315.75,1368.0,1035.2375000000002,8
18,2.499718388840674,2.499718388840676,2.499718388840674,1.0,0.09,0.0,1315.75,1368.0,1035.2375000000002,8
19,2.499718388840674,2.499718388840676,2.499718388840674,1.0,0.09,0.0,1315.75,1368.0,1035.2375000000002,8
20,2.499718388840674,2.499718388840676,2.499718388840674,1.0,0.09,0.0,1315.75,1368.0,1035.2375000000002,8
21,2.499718388840674,2.499718388840676,2.499718388840674,1.0,0.135,0.0,1315.75,1368.0,1035.2375000000002,8
22,2.499718388840674,2.499718388840676,2.499718388840674,1.0,0.135,0.0,1315.75,1368.0,1035.2375000000002,8
23,2.499718388840674,2.499718388840676,2.499718388840674,1.0,0.135,0.0,1315.75,1368.0,1035.2375000000002,8
24,2.499718388840674,2.499718388840676,2.499718388840674,1.0,0.135,0.0,1315.75,1368.0,1035.2375000000002,8
25,2.499718388840674,2.499718388840676,2.499718388840674,1.0,0.135,0.0,1315.75,1368.0,1035.2375000000002,8
1,3.7466460263623924,21.280760195628517,73.63682078298694,1.0,0.06,0.41192348008384605,1315.75,1368.0,1035.2375000000002,8
2,3.7466460263623924,8.955250487375107,45.41036903702271,1.0,0.06,0.32481132075472086,1315.75,1368.0,1035.2375000000002,8
3,3.7466460263623924,4.36864799902078,23.220664581961255,1.0,0.06,0.15935534591194464,1315.75,1368.0,1035.2375000000002,8
4,3.7466460263623924,3.75198708230767,4.424540440453157,1.0,0.06,0.024921383647798744,1315.75,1368.0,1035.2375000000002,8
5,3.7466460263623924,3.746646026362395,3.7466460263623924,1.0,0.06,0.0,1315.75,1368.0,1035.2375000000002,8
6,3.7466460263623924,3.746646026362395,3.7466460263623924,1.0,0.06,0.0,1315.75,1368.0,1035.2375000000002,8
7,3.7466460263623924,3.746646026362395,3.7466460263623924,1.0,0.06,0.0,1315.75,1368.0,1035.2375000000002,8
8,3.7466460263623924,3.746646026362395,3.7466460263623924,1.0,0.06,0.0,1315.75,1368.0,1035.2375000000002,8
9,3.7466460263623924,3.746646026362395,3.7466460263623924,1.0,0.06,0.0,1315.75,1368.0,1035.2375000000002,8
10,3.7466460263623924,3.746646026362395,3.7466460263623924,1.0,0.06,0.0,1315.75,1368.0,1035.2375000000002,8
11,3.7466460263623924,3.8342010378230382,17.75544786006509,1.0,0.09,0.0125,1315.75,1368.0,1035.2375000000002,8
12,3.7466460263623924,3.746646026362395,3.7466460263623924,1.0,0.09,0.0,1315.75,1368.0,1035.2375000000002,8
13,3.7466460263623924,3.746646026362395,3.7466460263623924,1.0,0.09,0.0,1315.75,1368.0,1035.2375000000002,8
14,3.7466460263623924,3.746646026362395,3.7466460263623924,1.0,0.09,0.0,1315.75,1368.0,1035.2375000000002,8
15,3.7466460263623924,3.746646026362395,3.7466460263623924,1.0,0.09,0.0,1315.75,1368.0,1035.2375000000002,8
16,3.7466460263623924,3.746646026362395,3.7466460263623924,1.0,0.09,0.0,1315.75,1368.0,1035.2375000000002,8
17,3.7466460263623924,3.746646026362395,3.7466460263623924,1.0,0.09,0.0,1315.75,1368.0,1035.2375000000002,8
18,3.7466460263623924,3.746646026362395,3.7466460263623924,1.0,0.09,0.0,1315.75,1368.0,1035.2375000000002,8
19,3.7466460263623924,3.746646026362395,3.7466460263623924,1.0,0.09,0.0,1315.75,1368.0,1035.2375000000002,8
20,3.7466460263623924,3.746646026362395,3.7466460263623924,1.0,0.09,0.0,1315.75,1368.0,1035.2375000000002,8
21,3.7466460263623924,3.746646026362395,3.7466460263623924,1.0,0.135,0.0,1315.75,1368.0,1035.2375000000002,8
22,3.7466460263623924,3.746646026362395,3.7466460263623924,1.0,0.135,0.0,1315.75,1368.0,1035.2375000000002,8
23,3.7466460263623924,3.746646026362395,3.7466460263623924,1.0,0.135,0.0,1315.75,1368.0,1035.2375000000002,8
24,3.7466460263623924,3.746646026362395,3.7466460263623924,1.0,0.135,0.0,1315.75,1368.0,1035.2375000000002,8
25,3.7466460263623924,3.746646026362395,3.7466460263623924,1.0,0.135,0.0,1315.75,1368.0,1035.2375000000002,8
1,2.6710056998728007,22.516054956223822,91.73735320702278,1.0,0.06,0.4069811320754795,1315.75,1368.0,1035.2375000000002,8
2,2.6710056998728007,10.883498873832089,52.404134904482916,1.0,0.06,0.37790880503145385,1315.75,1368.0,1035.2375000000002,8
3,2.6710056998728007,4.536446247775732,44.71802124446085,1.0,0.06,0.12953354297693626,1315.75,1368.0,1035.2375000000002,8
4,2.6710056998728007,3.134669379716265,21.717080935155295,1.0,0.06,0.06543501048218066,1315.75,1368.0,1035.2375000000002,8
5,2.6710056998728007,2.671005699872807,2.6710056998728007,1.0,0.06,0.0,1315.75,1368.0,1035.2375000000002,8
6,2.6710056998728007,2.671005699872807,2.6710056998728007,1.0,0.06,0.0,1315.75,1368.0,1035.2375000000002,8
7,2.6710056998728007,2.671005699872807,2.6710056998728007,1.0,0.06,0.0,1315.75,1368.0,1035.2375000000002,8
8,2.6710056998728007,2.671005699872807,2.6710056998728007,1.0,0.06,0.0,1315.75,1368.0,1035.2375000000002,8
9,2.6710056998728007,2.671005699872807,2.6710056998728007,1.0,0.06,0.0,1315.75,1368.0,1035.2375000000002,8
10,2.6710056998728007,2.671005699872807,2.6710056998728007,1.0,0.06,0.0,1315.75,1368.0,1035.2375000000002,8
11,2.6710056998728007,2.671005699872807,2.6710056998728007,1.0,0.09,0.0,1315.75,1368.0,1035.2375000000002,8
12,2.6710056998728007,2.671005699872807,2.6710056998728007,1.0,0.09,0.0,1315.75,1368.0,1035.2375000000002,8
13,2.6710056998728007,2.671005699872807,2.6710056998728007,1.0,0.09,0.0,1315.75,1368.0,1035.2375000000002,8
14,2.6710056998728007,2.671005699872807,2.6710056998728007,1.0,0.09,0.0,1315.75,1368.0,1035.2375000000002,8
15,2.6710056998728007,2.671005699872807,2.6710056998728007,1.0,0.09,0.0,1315.75,1368.0,1035.2375000000002,8
16,2.6710056998728007,2.671005699872807,2.6710056998728007,1.0,0.09,0.0,1315.75,1368.0,1035.2375000000002,8
17,2.6710056998728007,2.671005699872807,2.6710056998728007,1.0,0.09,0.0,1315.75,1368.0,1035.2375000000002,8
18,2.6710056998728007,2.671005699872807,2.6710056998728007,1.0,0.09,0.0,1315.75,1368.0,1035.2375000000002,8
19,2.6710056998728007,2.671005699872807,2.6710056998728007,1.0,0.09,0.0,1315.75,1368.0,1035.2375000000002,8
20,2.6710056998728007,2.671005699872807,2.6710056998728007,1.0,0.09,0.0,1315.75,1368.0,1035.2375000000002,8
21,2.6710056998728007,2.671005699872807,2.6710056998728007,1.0,0.135,0.0,1315.75,1368.0,1035.2375000000002,8
22,2.6710056998728007,2.671005699872807,2.6710056998728007,1.0,0.135,0.0,1315.75,1368.0,1035.2375000000002,8
23,2.6710056998728007,2.671005699872807,2.6710056998728007,1.0,0.135,0.0,1315.75,1368.0,1035.2375000000002,8
24,2.6710056998728007,2.671005699872807,2.6710056998728007,1.0,0.135,0.0,1315.75,1368.0,1035.2375000000002,8
25,2.6710056998728007,4.2411374636144465,39.49424103756119,1.0,0.135,0.11937106918238934,1315.75,1368.0,1035.2375000000002,8
1,3.098215494419763,23.53530291425938,73.1220342407673,1.0,0.06,0.44213836477986335,1315.75,1368.0,1035.2375000000002,8
2,3.098215494419763,12.528575440165692,52.12773846613514,1.0,0.06,0.3786818658280852,1315.75,1368.0,1035.2375000000002,8
3,3.098215494419763,5.216421298153151,38.23274903500596,1.0,0.06,0.1320099580712759,1315.75,1368.0,1035.2375000000002,8
4,3.098215494419763,3.1679988223967035,6.714060133710455,1.0,0.06,0.05554245283018868,1315.75,1368.0,1035.2375000000002,8
5,3.098215494419763,3.0982154944197724,3.098215494419763,1.0,0.06,0.0,1315.75,1368.0,1035.2375000000002,8
6,3.098215494419763,3.0982154944197724,3.098215494419763,1.0,0.06,0.0,1315.75,1368.0,1035.2375000000002,8
7,3.098215494419763,3.0982154944197724,3.098215494419763,1.0,0.06,0.0,1315.75,1368.0,1035.2375000000002,8
8,3.098215494419763,3.0982154944197724,3.098215494419763,1.0,0.06,0.0,1315.75,1368.0,1035.2375000000002,8
9,3.098215494419763,3.0982154944197724,3.098215494419763,1.0,0.06,0.0,1315.75,1368.0,1035.2375000000002,8
10,3.098215494419763,3.0982154944197724,3.098215494419763,1.0,0.06,0.0,1315.75,1368.0,1035.2375000000002,8
11,3.098215494419763,3.0982154944197724,3.098215494419763,1.0,0.09,0.0,1315.75,1368.0,1035.2375000000002,8
12,3.098215494419763,3.0982154944197724,3.098215494419763,1.0,0.09,0.0,1315.75,1368.0,1035.2375000000002,8
13,3.098215494419763,3.0982154944197724,3.098215494419763,1.0,0.09,0.0,1315.75,1368.0,1035.2375000000002,8
14,3.098215494419763,3.0982154944197724,3.098215494419763,1.0,0.09,0.0,1315.75,1368.0,1035.2375000000002,8
15,3.098215494419763,3.0982154944197724,3.098215494419763,1.0,0.09,0.0,1315.75,1368.0,1035.2375000000002,8
16,3.098215494419763,3.0982154944197724,3.098215494419763,1.0,0.09,0.0,1315.75,1368.0,1035.2375000000002,8
17,3.098215494419763,3.0982154944197724,3.098215494419763,1.0,0.09,0.0,1315.75,1368.0,1035.2375000000002,8
18,3.098215494419763,3.0982154944197724,3.098215494419763,1.0,0.09,0.0,1315.75,1368.0,1035.2375000000002,8
19,3.098215494419763,3.0982154944197724,3.098215494419763,1.0,0.09,0.0,1315.75,1368.0,1035.2375000000002,8
20,3.098215494419763,3.0982154944197724,3.098215494419763,1.0,0.09,0.0,1315.75,1368.0,1035.2375000000002,8
21,3.098215494419763,3.0982154944197724,3.098215494419763,1.0,0.135,0.0,1315.75,1368.0,1035.2375000000002,8
22,3.098215494419763,3.0982154944197724,3.098215494419763,1.0,0.135,0.0,1315.75,1368.0,1035.2375000000002,8
23,3.098215494419763,3.0982154944197724,3.098215494419763,1.0,0.135,0.0,1315.75,1368.0,1035.2375000000002,8
24,3.098215494419763,3.0982154944197724,3.098215494419763,1.0,0.135,0.0,1315.75,1368.0,1035.2375000000002,8
25,3.098215494419763,4.019771656598678,41.48707377086049,1.0,0.135,0.07273977987421383,1315.75,1368.0,1035.2375000000002,8
1,1.1345876740044296,20.99290346939883,98.58161408858238,1.0,0.06,0.4188242487770723,1315.75,1368.0,1035.2375000000002,8
2,1.1345876740044296,7.731194966567825,41.93471952150999,1.0,0.06,0.3486635220125724,1315.75,1368.0,1035.2375000000002,8
3,1.1345876740044296,2.5750562663475485,26.378435518209702,1.0,0.06,0.1845649895178164,1315.75,1368.0,1035.2375000000002,8
4,1.1345876740044296,1.6552869326366255,4.96185234213186,1.0,0.06,0.1580188679245283,1315.75,1368.0,1035.2375000000002,8
5,1.1345876740044296,1.56426784965078,1.7102713763811062,1.0,0.06,0.3867138364779874,1315.75,1368.0,1035.2375000000002,8
6,1.1345876740044296,1.468636646878411,1.7102713763811062,1.0,0.06,0.5022012578616353,1315.75,1368.0,1035.2375000000002,8
7,1.1345876740044296,1.3355097907038034,1.7102713763811062,1.0,0.06,0.47020440251572326,1315.75,1368.0,1035.2375000000002,8
8,1.1345876740044296,1.2080635588052095,1.7102713763811062,1.0,0.06,0.23105345911949685,1315.75,1368.0,1035.2375000000002,8
9,1.1345876740044296,1.145381743423992,1.7102713763811062,1.0,0.06,0.03702830188679245,1315.75,1368.0,1035.2375000000002,8
10,1.1345876740044296,1.1345876740044294,1.1345876740044296,1.0,0.06,0.0,1315.75,1368.0,1035.2375000000002,8
11,1.1345876740044296,1.1345876740044294,1.1345876740044296,1.0,0.09,0.0,1315.75,1368.0,1035.2375000000002,8
12,1.1345876740044296,1.1345876740044294,1.1345876740044296,1.0,0.09,0.0,1315.75,1368.0,1035.2375000000002,8
13,1.1345876740044296,1.1345876740044294,1.1345876740044296,1.0,0.09,0.0,1315.75,1368.0,1035.2375000000002,8
14,1.1345876740044296,1.1345876740044294,1.1345876740044296,1.0,0.09,0.0,1315.75,1368.0,1035.2375000000002,8
15,1.1345876740044296,1.1345876740044294,1.1345876740044296,1.0,0.09,0.0,1315.75,1368.0,1035.2375000000002,8
16,1.1345876740044296,1.1345876740044294,1.1345876740044296,1.0,0.09,0.0,1315.75,1368.0,1035.2375000000002,8
17,1.1345876740044296,1.1345876740044294,1.1345876740044296,1.0,0.09,0.0,1315.75,1368.0,1035.2375000000002,8
18,1.1345876740044296,1.1345876740044294,1.1345876740044296,1.0,0.09,0.0,1315.75,1368.0,1035.2375000000002,8
19,1.1345876740044296,1.1345876740044294,1.1345876740044296,1.0,0.09,0.0,1315.75,1368.0,1035.2375000000002,8
20,1.1345876740044296,1.1345876740044294,1.1345876740044296,1.0,0.09,0.0,1315.75,1368.0,1035.2375000000002,8
21,1.1345876740044296,1.1381856971442836,1.7102713763811062,1.0,0.135,0.0125,1315.75,1368.0,1035.2375000000002,8
22,1.1345876740044296,1.1345876740044294,1.1345876740044296,1.0,0.135,0.0,1315.75,1368.0,1035.2375000000002,8
23,1.1345876740044296,1.1345876740044294,1.1345876740044296,1.0,0.135,0.0,1315.75,1368.0,1035.2375000000002,8
24,1.1345876740044296,1.1345876740044294,1.1345876740044296,1.0,0.135,0.0,1315.75,1368.0,1035.2375000000002,8
25,1.1345876740044296,1.1345876740044294,1.1345876740044296,1.0,0.135,0.0,1315.75,1368.0,1035.2375000000002,8
1,1.3455123365355863,22.053434147484698,97.92337594904193,1.0,0.06,0.48742138364779874,1315.75,1368.0,1035.2375000000002,8
2,1.3455123365355863,8.682094514924268,62.194828296540365,1.0,0.06,0.3194444444444565,1315.75,1368.0,1035.2375000000002,8
3,1.3455123365355863,2.963982189421162,25.97938577072485,1.0,0.06,0.15241745283018868,1315.75,1368.0,1035.2375000000002,8
4,1.3455123365355863,1.3722864991496804,5.629378354790081,1.0,0.06,0.06556603773584906,1315.75,1368.0,1035.2375000000002,8
5,1.3455123365355863,1.3455123365355897,1.3455123365355863,1.0,0.06,0.10683962264150944,1315.75,1368.0,1035.2375000000002,8
6,1.3455123365355863,1.3455123365355897,1.3455123365355863,1.0,0.06,0.09559748427672957,1315.75,1368.0,1035.2375000000002,8
7,1.3455123365355863,1.3455123365355897,1.3455123365355863,1.0,0.06,0.07264150943396226,1315.75,1368.0,1035.2375000000002,8
8,1.3455123365355863,1.3455123365355897,1.3455123365355863,1.0,0.06,0.06092767295597484,1315.75,1368.0,1035.2375000000002,8
9,1.3455123365355863,1.3455123365355897,1.3455123365355863,1.0,0.06,0.10683962264150944,1315.75,1368.0,1035.2375000000002,8
10,1.3455123365355863,1.3455123365355897,1.3455123365355863,1.0,0.06,0.07264150943396226,1315.75,1368.0,1035.2375000000002,8
11,1.3455123365355863,1.3455123365355897,1.3455123365355863,1.0,0.09,0.03702830188679245,1315.75,1368.0,1035.2375000000002,8
12,1.3455123365355863,1.3455123365355897,1.3455123365355863,1.0,0.09,0.04905660377358491,1315.75,1368.0,1035.2375000000002,8
13,1.3455123365355863,1.3455123365355897,1.3455123365355863,1.0,0.09,0.04905660377358491,1315.75,1368.0,1035.2375000000002,8
14,1.3455123365355863,1.3455123365355897,1.3455123365355863,1.0,0.09,0.04905660377358491,1315.75,1368.0,1035.2375000000002,8
15,1.3455123365355863,1.3455123365355897,1.3455123365355863,1.0,0.09,0.03702830188679245,1315.75,1368.0,1035.2375000000002,8
16,1.3455123365355863,1.3455123365355897,1.3455123365355863,1.0,0.09,0.024842767295597486,1315.75,1368.0,1035.2375000000002,8
17,1.3455123365355863,1.3455123365355897,1.3455123365355863,1.0,0.09,0.0125,1315.75,1368.0,1035.2375000000002,8
18,1.3455123365355863,1.3455123365355897,1.3455123365355863,1.0,0.09,0.024842767295597486,1315.75,1368.0,1035.2375000000002,8
19,1.3455123365355863,1.3455123365355897,1.3455123365355863,1.0,0.09,0.0125,1315.75,1368.0,1035.2375000000002,8
20,1.3455123365355863,1.3455123365355897,1.3455123365355863,1.0,0.09,0.0,1315.75,1368.0,1035.2375000000002,8
21,1.3455123365355863,1.3455123365355897,1.3455123365355863,1.0,0.135,0.0,1315.75,1368.0,1035.2375000000002,8
22,1.3455123365355863,1.3455123365355897,1.3455123365355863,1.0,0.135,0.0,1315.75,1368.0,1035.2375000000002,8
23,1.3455123365355863,1.3455123365355897,1.3455123365355863,1.0,0.135,0.0,1315.75,1368.0,1035.2375000000002,8
24,1.3455123365355863,1.3455123365355897,1.3455123365355863,1.0,0.135,0.0,1315.75,1368.0,1035.2375000000002,8
25,1.3455123365355863,4.169570467674439,60.56329239255796,1.0,0.135,0.11780098831985282,1315.75,1368.0,1035.2375000000002,8
1,1.3857792316023456,19.92007560055718,79.89714791932388,1.0,0.06,0.4574685534591195,1315.75,1368.0,1035.2375000000002,8
2,1.3857792316023456,8.479728121436883,54.19036716968415,1.0,0.06,0.3133647798742147,1315.75,1368.0,1035.2375000000002,8
3,1.3857792316023456,2.5415563456580927,28.184258383323563,1.0,0.06,0.14217767295597483,1315.75,1368.0,1035.2375000000002,8
4,1.3857792316023456,1.6059118414277562,13.212283801790393,1.0,0.06,0.07513102725367059,1315.75,1368.0,1035.2375000000002,8
5,1.3857792316023456,1.3857792316023487,1.3857792316023456,1.0,0.06,0.10683962264150944,1315.75,1368.0,1035.2375000000002,8
6,1.3857792316023456,1.3857792316023487,1.3857792316023456,1.0,0.06,0.06092767295597484,1315.75,1368.0,1035.2375000000002,8
7,1.3857792316023456,1.3857792316023487,1.3857792316023456,1.0,0.06,0.07264150943396226,1315.75,1368.0,1035.2375000000002,8
8,1.3857792316023456,1.3857792316023487,1.3857792316023456,1.0,0.06,0.04905660377358491,1315.75,1368.0,1035.2375000000002,8
9,1.3857792316023456,1.3857792316023487,1.3857792316023456,1.0,0.06,0.07264150943396226,1315.75,1368.0,1035.2375000000002,8
10,1.3857792316023456,1.3857792316023487,1.3857792316023456,1.0,0.06,0.03702830188679245,1315.75,1368.0,1035.2375000000002,8
11,1.3857792316023456,1.3857792316023487,1.3857792316023456,1.0,0.09,0.03702830188679245,1315.75,1368.0,1035.2375000000002,8
12,1.3857792316023456,1.3857792316023487,1.3857792316023456,1.0,0.09,0.0125,1315.75,1368.0,1035.2375000000002,8
13,1.3857792316023456,1.3857792316023487,1.3857792316023456,1.0,0.09,0.0125,1315.75,1368.0,1035.2375000000002,8
14,1.3857792316023456,1.3857792316023487,1.3857792316023456,1.0,0.09,0.0125,1315.75,1368.0,1035.2375000000002,8
15,1.3857792316023456,1.3857792316023487,1.3857792316023456,1.0,0.09,0.0,1315.75,1368.0,1035.2375000000002,8
16,1.3857792316023456,1.3857792316023487,1.3857792316023456,1.0,0.09,0.0,1315.75,1368.0,1035.2375000000002,8
17,1.3857792316023456,1.3857792316023487,1.3857792316023456,1.0,0.09,0.0,1315.75,1368.0,1035.2375000000002,8
18,1.3857792316023456,1.3857792316023487,1.3857792316023456,1.0,0.09,0.0,1315.75,1368.0,1035.2375000000002,8
19,1.3857792316023456,1.3857792316023487,1.3857792316023456,1.0,0.09,0.0,1315.75,1368.0,1035.2375000000002,8
20,1.3857792316023456,1.3857792316023487,1.3857792316023456,1.0,0.09,0.0,1315.75,1368.0,1035.2375000000002,8
21,1.3857792316023456,1.6711466736450546,24.291358249706274,1.0,0.135,0.021816037735849055,1315.75,1368.0,1035.2375000000002,8
22,1.3857792316023456,1.3857792316023487,1.3857792316023456,1.0,0.135,0.0,1315.75,1368.0,1035.2375000000002,8
23,1.3857792316023456,1.3857792316023487,1.3857792316023456,1.0,0.135,0.0,1315.75,1368.0,1035.2375000000002,8
24,1.3857792316023456,1.3857792316023487,1.3857792316023456,1.0,0.135,0.0,1315.75,1368.0,1035.2375000000002,8
25,1.3857792316023456,1.3857792316023487,1.3857792316023456,1.0,0.135,0.0,1315.75,1368.0,1035.2375000000002,8
1,1.7808811195661631,21.765960281183077,98.3929198670966,1.0,0.06,0.39575471698113796,1315.75,1368.0,1035.2375000000002,8
2,1.7808811195661631,9.746857084295247,62.049829728068964,1.0,0.06,0.26239190251572325,1315.75,1368.0,1035.2375000000002,8
3,1.7808811195661631,3.9363495844962757,45.16519328744843,1.0,0.06,0.18659591194968553,1315.75,1368.0,1035.2375000000002,8
4,1.7808811195661631,2.179598202608856,2.2465361070612824,1.0,0.06,0.3744496855345912,1315.75,1368.0,1035.2375000000002,8
5,1.7808811195661631,2.0835568614379905,2.2465361070612824,1.0,0.06,0.5250786163522012,1315.75,1368.0,1035.2375000000002,8
6,1.7808811195661631,1.9642327708923681,2.2465361070612824,1.0,0.06,0.5112421383647798,1315.75,1368.0,1035.2375000000002,8
7,1.7808811195661631,1.8623707423778129,2.2465361070612824,1.0,0.06,0.2964622641509434,1315.75,1368.0,1035.2375000000002,8
8,1.7808811195661631,1.7925224942535465,2.2465361070612824,1.0,0.06,0.04905660377358491,1315.75,1368.0,1035.2375000000002,8
9,1.7808811195661631,1.7808811195661687,1.7808811195661631,1.0,0.06,0.0,1315.75,1368.0,1035.2375000000002,8
10,1.7808811195661631,1.7808811195661687,1.7808811195661631,1.0,0.06,0.0,1315.75,1368.0,1035.2375000000002,8
11,1.7808811195661631,1.904445574967109,20.619884008726284,1.0,0.09,0.01743710691823882,1315.75,1368.0,1035.2375000000002,8
12,1.7808811195661631,1.7808811195661687,1.7808811195661631,1.0,0.09,0.0,1315.75,1368.0,1035.2375000000002,8
13,1.7808811195661631,1.7808811195661687,1.7808811195661631,1.0,0.09,0.0,1315.75,1368.0,1035.2375000000002,8
14,1.7808811195661631,1.7808811195661687,1.7808811195661631,1.0,0.09,0.0,1315.75,1368.0,1035.2375000000002,8
15,1.7808811195661631,1.7808811195661687,1.7808811195661631,1.0,0.09,0.0,1315.75,1368.0,1035.2375000000002,8
16,1.7808811195661631,1.7808811195661687,1.7808811195661631,1.0,0.09,0.0,1315.75,1368.0,1035.2375000000002,8
17,1.7808811195661631,1.7808811195661687,1.7808811195661631,1.0,0.09,0.0,1315.75,1368.0,1035.2375000000002,8
18,1.7808811195661631,1.7808811195661687,1.7808811195661631,1.0,0.09,0.0,1315.75,1368.0,1035.2375000000002,8
19,1.7808811195661631,1.7808811195661687,1.7808811195661631,1.0,0.09,0.0,1315.75,1368.0,1035.2375000000002,8
20,1.7808811195661631,1.7808811195661687,1.7808811195661631,1.0,0.09,0.0,1315.75,1368.0,1035.2375000000002,8
21,1.7808811195661631,1.7808811195661687,1.7808811195661631,1.0,0.135,0.0,1315.75,1368.0,1035.2375000000002,8
22,1.7808811195661631,1.7808811195661687,1.7808811195661631,1.0,0.135,0.0,1315.75,1368.0,1035.2375000000002,8
23,1.7808811195661631,1.7808811195661687,1.7808811195661631,1.0,0.135,0.0,1315.75,1368.0,1035.2375000000002,8
24,1.7808811195661631,1.7808811195661687,1.7808811195661631,1.0,0.135,0.0,1315.75,1368.0,1035.2375000000002,8
25,1.7808811195661631,1.7808811195661687,1.7808811195661631,1.0,0.135,0.0,1315.75,1368.0,1035.2375000000002,8
1,1.6042065824129161,22.294990936681014,111.19792601611275,1.0,0.06,0.3719196683819342,1315.75,1368.0,1035.2375000000002,8
2,1.6042065824129161,10.261360569236516,53.79377537812399,1.0,0.06,0.37575995807127693,1315.75,1368.0,1035.2375000000002,8
3,1.6042065824129161,3.5680625402364776,52.86561054992191,1.0,0.06,0.12871069182389983,1315.75,1368.0,1035.2375000000002,8
4,1.6042065824129161,1.6042065824129215,1.6042065824129161,1.0,0.06,0.0,1315.75,1368.0,1035.2375000000002,8
5,1.6042065824129161,1.6042065824129215,1.6042065824129161,1.0,0.06,0.0,1315.75,1368.0,1035.2375000000002,8
6,1.6042065824129161,1.6042065824129215,1.6042065824129161,1.0,0.06,0.0,1315.75,1368.0,1035.2375000000002,8
7,1.6042065824129161,1.6042065824129215,1.6042065824129161,1.0,0.06,0.0,1315.75,1368.0,1035.2375000000002,8
8,1.6042065824129161,1.6042065824129215,1.6042065824129161,1.0,0.06,0.0,1315.75,1368.0,1035.2375000000002,8
9,1.6042065824129161,1.6042065824129215,1.6042065824129161,1.0,0.06,0.0,1315.75,1368.0,1035.2375000000002,8
10,1.6042065824129161,1.6042065824129215,1.6042065824129161,1.0,0.06,0.0,1315.75,1368.0,1035.2375000000002,8
11,1.6042065824129161,1.6946531867782952,16.075663280872753,1.0,0.09,0.0125,1315.75,1368.0,1035.2375000000002,8
12,1.6042065824129161,1.6042065824129215,1.6042065824129161,1.0,0.09,0.0,1315.75,1368.0,1035.2375000000002,8
13,1.6042065824129161,1.6042065824129215,1.6042065824129161,1.0,0.09,0.0,1315.75,1368.0,1035.2375000000002,8
14,1.6042065824129161,1.6042065824129215,1.6042065824129161,1.0,0.09,0.0,1315.75,1368.0,1035.2375000000002,8
15,1.6042065824129161,1.6042065824129215,1.6042065824129161,1.0,0.09,0.0,1315.75,1368.0,1035.2375000000002,8
16,1.6042065824129161,1.6042065824129215,1.6042065824129161,1.0,0.09,0.0,1315.75,1368.0,1035.2375000000002,8
17,1.6042065824129161,1.6042065824129215,1.6042065824129161,1.0,0.09,0.0,1315.75,1368.0,1035.2375000000002,8
18,1.6042065824129161,1.6042065824129215,1.6042065824129161,1.0,0.09,0.0,1315.75,1368.0,1035.2375000000002,8
19,1.6042065824129161,1.6042065824129215,1.6042065824129161,1.0,0.09,0.0,1315.75,1368.0,1035.2375000000002,8
20,1.6042065824129161,1.6042065824129215,1.6042065824129161,1.0,0.09,0.0,1315.75,1368.0,1035.2375000000002,8
21,1.6042065824129161,1.6042065824129215,1.6042065824129161,1.0,0.135,0.0,1315.75,1368.0,1035.2375000000002,8
22,1.6042065824129161,1.6042065824129215,1.6042065824129161,1.0,0.135,0.0,1315.75,1368.0,1035.2375000000002,8
23,1.6042065824129161,1.6042065824129215,1.6042065824129161,1.0,0.135,0.0,1315.75,1368.0,1035.2375000000002,8
24,1.6042065824129161,1.6042065824129215,1.6042065824129161,1.0,0.135,0.0,1315.75,1368.0,1035.2375000000002,8
25,1.6042065824129161,1.6042065824129215,1.6042065824129161,1.0,0.135,0.0,1315.75,1368.0,1035.2375000000002,8
1,2.321622037666095,19.860015255949563,79.17222094482386,1.0,0.06,0.4405856918238994,1315.75,1368.0,1035.2375000000002,8
2,2.321622037666095,9.55708266597858,46.707670108604816,1.0,0.06,0.3042583857442334,1315.75,1368.0,1035.2375000000002,8
3,2.321622037666095,5.131213460258244,34.77033728904564,1.0,0.06,0.2521816037735849,1315.75,1368.0,1035.2375000000002,8
4,2.321622037666095,2.486856311702669,14.655861737469554,1.0,0.06,0.0494496855345912,1315.75,1368.0,1035.2375000000002,8
5,2.321622037666095,2.3531773410807344,7.370470584009205,1.0,0.06,0.0125,1315.75,1368.0,1035.2375000000002,8
6,2.321622037666095,2.32162203766609,2.321622037666095,1.0,0.06,0.0,1315.75,1368.0,1035.2375000000002,8
7,2.321622037666095,2.32162203766609,2.321622037666095,1.0,0.06,0.0,1315.75,1368.0,1035.2375000000002,8
8,2.321622037666095,2.32162203766609,2.321622037666095,1.0,0.06,0.0,1315.75,1368.0,1035.2375000000002,8
9,2.321622037666095,2.32162203766609,2.321622037666095,1.0,0.06,0.0,1315.75,1368.0,1035.2375000000002,8
10,2.321622037666095,2.32162203766609,2.321622037666095,1.0,0.06,0.0,1315.75,1368.0,1035.2375000000002,8
11,2.321622037666095,2.4675154052684687,25.664560854046705,1.0,0.09,0.0125,1315.75,1368.0,1035.2375000000002,8
12,2.321622037666095,2.32162203766609,2.321622037666095,1.0,0.09,0.0,1315.75,1368.0,1035.2375000000002,8
13,2.321622037666095,2.32162203766609,2.321622037666095,1.0,0.09,0.0,1315.75,1368.0,1035.2375000000002,8
14,2.321622037666095,2.32162203766609,2.321622037666095,1.0,0.09,0.0,1315.75,1368.0,1035.2375000000002,8
15,2.321622037666095,2.32162203766609,2.321622037666095,1.0,0.09,0.0,1315.75,1368.0,1035.2375000000002,8
16,2.321622037666095,2.32162203766609,2.321622037666095,1.0,0.09,0.0,1315.75,1368.0,1035.2375000000002,8
17,2.321622037666095,2.32162203766609,2.321622037666095,1.0,0.09,0.0,1315.75,1368.0,1035.2375000000002,8
18,2.321622037666095,2.32162203766609,2.321622037666095,1.0,0.09,0.0,1315.75,1368.0,1035.2375000000002,8
19,2.321622037666095,2.32162203766609,2.321622037666095,1.0,0.09,0.0,1315.75,1368.0,1035.2375000000002,8
20,2.321622037666095,2.32162203766609,2.321622037666095,1.0,0.09,0.0,1315.75,1368.0,1035.2375000000002,8
21,2.321622037666095,2.32162203766609,2.321622037666095,1.0,0.135,0.0,1315.75,1368.0,1035.2375000000002,8
22,2.321622037666095,2.32162203766609,2.321622037666095,1.0,0.135,0.0,1315.75,1368.0,1035.2375000000002,8
23,2.321622037666095,2.32162203766609,2.321622037666095,1.0,0.135,0.0,1315.75,1368.0,1035.2375000000002,8
24,2.321622037666095,2.32162203766609,2.321622037666095,1.0,0.135,0.0,1315.75,1368.0,1035.2375000000002,8
25,2.321622037666095,2.32162203766609,2.321622037666095,1.0,0.135,0.0,1315.75,1368.0,1035.2375000000002,8
1,1.4763137884174622,19.87715558648352,101.44546330705694,1.0,0.06,0.342145511720995,1315.75,1368.0,1035.2375000000002,8
2,1.4763137884174622,8.614608788488995,46.33994435996535,1.0,0.06,0.2548447327044025,1315.75,1368.0,1035.2375000000002,8
3,1.4763137884174622,3.4732544767007854,31.57623938190056,1.0,0.06,0.16883647798742638,1315.75,1368.0,1035.2375000000002,8
4,1.4763137884174622,1.5966876684884084,9.214088083820036,1.0,0.06,0.049528301886792456,1315.75,1368.0,1035.2375000000002,8
5,1.4763137884174622,1.4763137884174586,1.4763137884174622,1.0,0.06,0.0,1315.75,1368.0,1035.2375000000002,8
6,1.4763137884174622,1.4763137884174586,1.4763137884174622,1.0,0.06,0.0,1315.75,1368.0,1035.2375000000002,8
7,1.4763137884174622,1.4763137884174586,1.4763137884174622,1.0,0.06,0.0,1315.75,1368.0,1035.2375000000002,8
8,1.4763137884174622,1.4763137884174586,1.4763137884174622,1.0,0.06,0.0,1315.75,1368.0,1035.2375000000002,8
9,1.4763137884174622,1.4763137884174586,1.4763137884174622,1.0,0.06,0.0,1315.75,1368.0,1035.2375000000002,8
10,1.4763137884174622,1.4763137884174586,1.4763137884174622,1.0,0.06,0.0,1315.75,1368.0,1035.2375000000002,8
11,1.4763137884174622,1.4763137884174586,1.4763137884174622,1.0,0.09,0.0,1315.75,1368.0,1035.2375000000002,8
12,1.4763137884174622,1.4763137884174586,1.4763137884174622,1.0,0.09,0.0,1315.75,1368.0,1035.2375000000002,8
13,1.4763137884174622,1.4763137884174586,1.4763137884174622,1.0,0.09,0.0,1315.75,1368.0,1035.2375000000002,8
14,1.4763137884174622,1.4763137884174586,1.4763137884174622,1.0,0.09,0.0,1315.75,1368.0,1035.2375000000002,8
15,1.4763137884174622,1.4763137884174586,1.4763137884174622,1.0,0.09,0.0,1315.75,1368.0,1035.2375000000002,8
16,1.4763137884174622,1.4763137884174586,1.4763137884174622,1.0,0.09,0.0,1315.75,1368.0,1035.2375000000002,8
17,1.4763137884174622,1.4763137884174586,1.4763137884174622,1.0,0.09,0.0,1315.75,1368.0,1035.2375000000002,8
18,1.4763137884174622,1.4763137884174586,1.4763137884174622,1.0,0.09,0.0,1315.75,1368.0,1035.2375000000002,8
19,1.4763137884174622,1.4763137884174586,1.4763137884174622,1.0,0.09,0.0,1315.75,1368.0,1035.2375000000002,8
20,1.4763137884174622,1.4763137884174586,1.4763137884174622,1.0,0.09,0.0,1315.75,1368.0,1035.2375000000002,8
21,1.4763137884174622,1.4763137884174586,1.4763137884174622,1.0,0.135,0.0,1315.75,1368.0,1035.2375000000002,8
22,1.4763137884174622,1.4763137884174586,1.4763137884174622,1.0,0.135,0.0,1315.75,1368.0,1035.2375000000002,8
23,1.4763137884174622,1.4763137884174586,1.4763137884174622,1.0,0.135,0.0,1315.75,1368.0,1035.2375000000002,8
24,1.4763137884174622,1.4763137884174586,1.4763137884174622,1.0,0.135,0.0,1315.75,1368.0,1035.2375000000002,8
25,1.4763137884174622,4.911967469789518,48.03046260944135,1.0,0.135,0.1264712488769072,1315.75,1368.0,1035.2375000000002,8
1,4.057821925603252,22.98714479284438,101.31313091262426,1.0,0.06,0.43393605870020013,1315.75,1368.0,1035.2375000000002,8
2,2.4672986831398402,10.38781585160656,54.45131907373283,1.0,0.06,0.3001441299790397,1315.75,1368.0,1035.2375000000002,8
3,2.4672986831398402,5.960686286524213,41.016335676827914,1.0,0.041999999999999996,0.1886949685534606,1315.75,1368.0,1035.2375000000002,8
4,2.4672986831398402,4.203114979385032,15.207544423836621,1.0,0.041999999999999996,0.08875786163522024,1315.75,1368.0,1035.2375000000002,8
5,2.4672986831398402,3.9285919121530988,4.057821925603252,1.0,0.041999999999999996,0.15023584905660378,1315.75,1368.0,1035.2375000000002,8
6,2.4672986831398402,3.809302668968344,4.057821925603252,1.0,0.041999999999999996,0.2653301886792453,1315.75,1368.0,1035.2375000000002,8
7,2.4672986831398402,3.6204280339258164,4.057821925603252,1.0,0.041999999999999996,0.40125786163522015,1315.75,1368.0,1035.2375000000002,8
8,2.4672986831398402,3.212856453044574,4.057821925603252,1.0,0.041999999999999996,0.5011792452830188,1315.75,1368.0,1035.2375000000002,8
9,2.4672986831398402,2.825166412694114,4.057821925603252,1.0,0.041999999999999996,0.35094339622641507,1315.75,1368.0,1035.2375000000002,8
10,2.4672986831398402,2.546824845263015,4.057821925603252,1.0,0.041999999999999996,0.09559748427672957,1315.75,1368.0,1035.2375000000002,8
11,2.4672986831398402,2.4672986831398442,2.4672986831398402,1.0,0.041999999999999996,0.0,1315.75,1368.0,1035.2375000000002,8
12,2.4672986831398402,2.4672986831398442,2.4672986831398402,1.0,0.041999999999999996,0.0,1315.75,1368.0,1035.2375000000002,8
13,2.4672986831398402,2.4672986831398442,2.4672986831398402,1.0,0.063,0.0,1315.75,1368.0,1035.2375000000002,8
14,2.4672986831398402,2.4672986831398442,2.4672986831398402,1.0,0.063,0.0,1315.75,1368.0,1035.2375000000002,8
15,2.4672986831398402,2.4672986831398442,2.4672986831398402,1.0,0.063,0.0,1315.75,1368.0,1035.2375000000002,8
16,2.4672986831398402,2.4672986831398442,2.4672986831398402,1.0,0.063,0.0,1315.75,1368.0,1035.2375000000002,8
17,2.4672986831398402,2.4672986831398442,2.4672986831398402,1.0,0.063,0.0,1315.75,1368.0,1035.2375000000002,8
18,2.4672986831398402,2.4672986831398442,2.4672986831398402,1.0,0.063,0.0,1315.75,1368.0,1035.2375000000002,8
19,2.4672986831398402,2.4672986831398442,2.4672986831398402,1.0,0.063,0.0,1315.75,1368.0,1035.2375000000002,8
20,2.4672986831398402,2.4672986831398442,2.4672986831398402,1.0,0.063,0.0,1315.75,1368.0,1035.2375000000002,8
21,2.4672986831398402,2.4672986831398442,2.4672986831398402,1.0,0.063,0.0,1315.75,1368.0,1035.2375000000002,8
22,2.4672986831398402,2.4672986831398442,2.4672986831398402,1.0,0.063,0.0,1315.75,1368.0,1035.2375000000002,8
23,2.4672986831398402,2.4772394534052404,4.057821925603252,1.0,0.0945,0.0125,1315.75,1368.0,1035.2375000000002,8
24,2.4672986831398402,2.4672986831398442,2.4672986831398402,1.0,0.0945,0.0,1315.75,1368.0,1035.2375000000002,8
25,2.4672986831398402,2.4672986831398442,2.4672986831398402,1.0,0.0945,0.0,1315.75,1368.0,1035.2375000000002,8
26,2.4672986831398402,2.4672986831398442,2.4672986831398402,1.0,0.0945,0.0,1315.75,1368.0,1035.2375000000002,8
27,2.4672986831398402,2.4672986831398442,2.4672986831398402,1.0,0.0945,0.0,1315.75,1368.0,1035.2375000000002,8
1,4.057821925603252,20.95967566254318,75.76816491090726,1.0,0.06,0.455562106918239,1315.75,1368.0,1035.2375000000002,8
2,4.057821925603252,11.062754708733383,57.55838212736447,1.0,0.06,0.2975179694519307,1315.75,1368.0,1035.2375000000002,8
3,4.057821925603252,5.14281361764703,31.872753534553507,1.0,0.06,0.145499213836478,1315.75,1368.0,1035.2375000000002,8
4,4.057821925603252,4.101240890179861,10.651507183554605,1.0,0.06,0.020728511530398355,1315.75,1368.0,1035.2375000000002,8
5,4.057821925603252,4.057821925603249,4.057821925603252,1.0,0.06,0.0,1315.75,1368.0,1035.2375000000002,8
6,4.057821925603252,4.057821925603249,4.057821925603252,1.0,0.06,0.0,1315.75,1368.0,1035.2375000000002,8
7,4.057821925603252,4.057821925603249,4.057821925603252,1.0,0.06,0.0,1315.75,1368.0,1035.2375000000002,8
8,4.057821925603252,4.057821925603249,4.057821925603252,1.0,0.06,0.0,1315.75,1368.0,1035.2375000000002,8
9,4.057821925603252,4.057821925603249,4.057821925603252,1.0,0.06,0.0,1315.75,1368.0,1035.2375000000002,8
10,4.057821925603252,4.057821925603249,4.057821925603252,1.0,0.06,0.0,1315.75,1368.0,1035.2375000000002,8
11,3.1280379378843497,4.052010775680006,4.057821925603252,1.0,0.09,0.0125,1315.75,1368.0,1035.2375000000002,8
12,3.1280379378843497,4.028766175987034,4.057821925603252,1.0,0.063,0.06092767295597484,1315.75,1368.0,1035.2375000000002,8
13,3.1280379378843497,3.993899276447576,4.057821925603252,1.0,0.063,0.12885220125786165,1315.75,1368.0,1035.2375000000002,8
14,3.1280379378843497,3.9009208776756856,4.057821925603252,1.0,0.063,0.282311320754717,1315.75,1368.0,1035.2375000000002,8
15,3.1280379378843497,3.726586379978393,4.057821925603252,1.0,0.063,0.46155660377358493,1315.75,1368.0,1035.2375000000002,8
16,3.1280379378843497,3.5406295824346143,4.057821925603252,1.0,0.063,0.49677672955974844,1315.75,1368.0,1035.2375000000002,8
17,3.1280379378843497,3.308183585504891,4.057821925603252,1.0,0.063,0.3143867924528302,1315.75,1368.0,1035.2375000000002,8
18,3.1280379378843497,3.157093687500571,4.057821925603252,1.0,0.063,0.06092767295597484,1315.75,1368.0,1035.2375000000002,8
19,3.1280379378843497,3.128037937884355,3.1280379378843497,1.0,0.063,0.0,1315.75,1368.0,1035.2375000000002,8
20,3.1280379378843497,3.128037937884355,3.1280379378843497,1.0,0.063,0.0,1315.75,1368.0,1035.2375000000002,8
21,3.1280379378843497,3.128037937884355,3.1280379378843497,1.0,0.063,0.0,1315.75,1368.0,1035.2375000000002,8
22,3.1280379378843497,3.133849087807598,4.057821925603252,1.0,0.0945,0.0125,1315.75,1368.0,1035.2375000000002,8
23,3.1280379378843497,3.128037937884355,3.1280379378843497,1.0,0.0945,0.0,1315.75,1368.0,1035.2375000000002,8
24,3.1280379378843497,3.128037937884355,3.1280379378843497,1.0,0.0945,0.0,1315.75,1368.0,1035.2375000000002,8
25,3.1280379378843497,3.128037937884355,3.1280379378843497,1.0,0.0945,0.0,1315.75,1368.0,1035.2375000000002,8
26,3.1280379378843497,3.128037937884355,3.1280379378843497,1.0,0.0945,0.0,1315.75,1368.0,1035.2375000000002,8
27,3.1280379378843497,3.128037937884355,3.1280379378843497,1.0,0.0945,0.0,1315.75,1368.0,1035.2375000000002,8
28,3.1280379378843497,3.128037937884355,3.1280379378843497,1.0,0.0945,0.0,1315.75,1368.0,1035.2375000000002,8
29,3.1280379378843497,3.128037937884355,3.1280379378843497,1.0,0.0945,0.0,1315.75,1368.0,1035.2375000000002,8
30,3.1280379378843497,3.128037937884355,3.1280379378843497,1.0,0.0945,0.0,1315.75,1368.0,1035.2375000000002,8
31,3.1280379378843497,3.128037937884355,3.1280379378843497,1.0,0.0945,0.0,1315.75,1368.0,1035.2375000000002,8
32,3.1280379378843497,3.128037937884355,3.1280379378843497,1.0,0.14175,0.0,1315.75,1368.0,1035.2375000000002,8
33,3.1280379378843497,3.128037937884355,3.1280379378843497,1.0,0.14175,0.0,1315.75,1368.0,1035.2375000000002,8
34,3.1280379378843497,3.128037937884355,3.1280379378843497,1.0,0.14175,0.0,1315.75,1368.0,1035.2375000000002,8
35,3.1280379378843497,3.128037937884355,3.1280379378843497,1.0,0.14175,0.0,1315.75,1368.0,1035.2375000000002,8
36,3.1280379378843497,3.128037937884355,3.1280379378843497,1.0,0.14175,0.0,1315.75,1368.0,1035.2375000000002,8
1,2.6534502159455666,21.277415088001753,97.15285053264152,1.0,0.06,0.38386006289309066,1315.75,1368.0,1035.2375000000002,8
2,2.6534502159455666,10.46180036462484,48.43087350405921,1.0,0.06,0.3491221174004155,1315.75,1368.0,1035.2375000000002,8
3,2.6534502159455666,4.280743703117949,28.756519636596117,1.0,0.06,0.18252751572327044,1315.75,1368.0,1035.2375000000002,8
4,2.6534502159455666,2.868083755544994,13.961616268693927,1.0,0.06,0.05728511530398425,1315.75,1368.0,1035.2375000000002,8
5,2.6534502159455666,2.6534502159455586,2.6534502159455666,1.0,0.06,0.0,1315.75,1368.0,1035.2375000000002,8
6,2.6534502159455666,2.6534502159455586,2.6534502159455666,1.0,0.06,0.0,1315.75,1368.0,1035.2375000000002,8
7,2.6534502159455666,2.6534502159455586,2.6534502159455666,1.0,0.06,0.0,1315.75,1368.0,1035.2375000000002,8
8,2.6534502159455666,2.6534502159455586,2.6534502159455666,1.0,0.06,0.0,1315.75,1368.0,1035.2375000000002,8
9,2.6534502159455666,2.6534502159455586,2.6534502159455666,1.0,0.06,0.0,1315.75,1368.0,1035.2375000000002,8
10,2.6534502159455666,2.6534502159455586,2.6534502159455666,1.0,0.06,0.0,1315.75,1368.0,1035.2375000000002,8
11,2.6534502159455666,2.6534502159455586,2.6534502159455666,1.0,0.09,0.0,1315.75,1368.0,1035.2375000000002,8
12,2.6534502159455666,2.6534502159455586,2.6534502159455666,1.0,0.09,0.0,1315.75,1368.0,1035.2375000000002,8
13,2.6534502159455666,2.6534502159455586,2.6534502159455666,1.0,0.09,0.0,1315.75,1368.0,1035.2375000000002,8
14,2.6534502159455666,2.6534502159455586,2.6534502159455666,1.0,0.09,0.0,1315.75,1368.0,1035.2375000000002,8
15,2.6534502159455666,2.6534502159455586,2.6534502159455666,1.0,0.09,0.0,1315.75,1368.0,1035.2375000000002,8
16,2.6534502159455666,2.6534502159455586,2.6534502159455666,1.0,0.09,0.0,1315.75,1368.0,1035.2375000000002,8
17,2.6534502159455666,2.6534502159455586,2.6534502159455666,1.0,0.09,0.0,1315.75,1368.0,1035.2375000000002,8
18,2.6534502159455666,2.6534502159455586,2.6534502159455666,1.0,0.09,0.0,1315.75,1368.0,1035.2375000000002,8
19,2.6534502159455666,2.6534502159455586,2.6534502159455666,1.0,0.09,0.0,1315.75,1368.0,1035.2375000000002,8
20,2.6534502159455666,2.6534502159455586,2.6534502159455666,1.0,0.09,0.0,1315.75,1368.0,1035.2375000000002,8
21,2.6534502159455666,2.6534502159455586,2.6534502159455666,1.0,0.135,0.0,1315.75,1368.0,1035.2375000000002,8
22,2.6534502159455666,2.6534502159455586,2.6534502159455666,1.0,0.135,0.0,1315.75,1368.0,1035.2375000000002,8
23,2.6534502159455666,2.6534502159455586,2.6534502159455666,1.0,0.135,0.0,1315.75,1368.0,1035.2375000000002,8
24,2.6534502159455666,2.6534502159455586,2.6534502159455666,1.0,0.135,0.0,1315.75,1368.0,1035.2375000000002,8
25,2.6534502159455666,5.1022567728756405,36.23464149375905,1.0,0.135,0.14751572327043905,1315.75,1368.0,1035.2375000000002,8
1,0.8832253849650318,22.609983500064637,84.03546654981633,1.0,0.06,0.43871418588399,1315.75,1368.0,1035.2375000000002,8
2,0.8832253849650318,11.956300463256357,50.99597040998773,1.0,0.06,0.4848584905660842,1315.75,1368.0,1035.2375000000002,8
3,0.8832253849650318,3.471235292541043,34.545276783712744,1.0,0.06,0.21607704402515723,1315.75,1368.0,1035.2375000000002,8
4,0.8832253849650318,1.0302802971623082,13.768124404807468,1.0,0.06,0.032887840670859314,1315.75,1368.0,1035.2375000000002,8
5,0.8832253849650318,0.8832253849650316,0.8832253849650318,1.0,0.06,0.0,1315.75,1368.0,1035.2375000000002,8
6,0.8832253849650318,0.8832253849650316,0.8832253849650318,1.0,0.06,0.0,1315.75,1368.0,1035.2375000000002,8
7,0.8832253849650318,0.8832253849650316,0.8832253849650318,1.0,0.06,0.0,1315.75,1368.0,1035.2375000000002,8
8,0.8832253849650318,0.8832253849650316,0.8832253849650318,1.0,0.06,0.0,1315.75,1368.0,1035.2375000000002,8
9,0.8832253849650318,0.8832253849650316,0.8832253849650318,1.0,0.06,0.0,1315.75,1368.0,1035.2375000000002,8
10,0.8832253849650318,0.8832253849650316,0.8832253849650318,1.0,0.06,0.0,1315.75,1368.0,1035.2375000000002,8
11,0.8832253849650318,0.8832253849650316,0.8832253849650318,1.0,0.09,0.0,1315.75,1368.0,1035.2375000000002,8
12,0.8832253849650318,0.8832253849650316,0.8832253849650318,1.0,0.09,0.0,1315.75,1368.0,1035.2375000000002,8
13,0.8832253849650318,0.8832253849650316,0.8832253849650318,1.0,0.09,0.0,1315.75,1368.0,1035.2375000000002,8
14,0.8832253849650318,0.8832253849650316,0.8832253849650318,1.0,0.09,0.0,1315.75,1368.0,1035.2375000000002,8
15,0.8832253849650318,0.8832253849650316,0.8832253849650318,1.0,0.09,0.0,1315.75,1368.0,1035.2375000000002,8
16,0.8832253849650318,0.8832253849650316,0.8832253849650318,1.0,0.09,0.0,1315.75,1368.0,1035.2375000000002,8
17,0.8832253849650318,0.8832253849650316,0.8832253849650318,1.0,0.09,0.0,1315.75,1368.0,1035.2375000000002,8
18,0.8832253849650318,0.8832253849650316,0.8832253849650318,1.0,0.09,0.0,1315.75,1368.0,1035.2375000000002,8
19,0.8832253849650318,0.8832253849650316,0.8832253849650318,1.0,0.09,0.0,1315.75,1368.0,1035.2375000000002,8
20,0.8832253849650318,0.8832253849650316,0.8832253849650318,1.0,0.09,0.0,1315.75,1368.0,1035.2375000000002,8
21,0.8832253849650318,0.8832253849650316,0.8832253849650318,1.0,0.135,0.0,1315.75,1368.0,1035.2375000000002,8
22,0.8832253849650318,0.8832253849650316,0.8832253849650318,1.0,0.135,0.0,1315.75,1368.0,1035.2375000000002,8
23,0.8832253849650318,0.8832253849650316,0.8832253849650318,1.0,0.135,0.0,1315.75,1368.0,1035.2375000000002,8
24,0.8832253849650318,0.8832253849650316,0.8832253849650318,1.0,0.135,0.0,1315.75,1368.0,1035.2375000000002,8
25,0.8832253849650318,2.4669314542739884,39.41022803252449,1.0,0.135,0.12957940251572328,1315.75,1368.0,1035.2375000000002,8
1,2.5262892987941994,23.76861312347752,98.83096016774383,1.0,0.06,0.40805817610062994,1315.75,1368.0,1035.2375000000002,8
2,2.5262892987941994,12.090252295583234,73.95680699039416,1.0,0.06,0.2756376659678557,1315.75,1368.0,1035.2375000000002,8
3,2.5262892987941994,4.911086214619154,30.261191173831023,1.0,0.06,0.18515723270440226,1315.75,1368.0,1035.2375000000002,8
4,2.5262892987941994,2.730214406657042,15.472876010158377,1.0,0.06,0.0944706498951791,1315.75,1368.0,1035.2375000000002,8
5,2.5262892987941994,2.634826599603156,2.6710056998728007,1.0,0.06,0.37735849056603776,1315.75,1368.0,1035.2375000000002,8
6,2.5262892987941994,2.6113101844278837,2.6710056998728007,1.0,0.06,0.4877358490566038,1315.75,1368.0,1035.2375000000002,8
7,2.5262892987941994,2.569704219117786,2.6710056998728007,1.0,0.06,0.4226415094339623,1315.75,1368.0,1035.2375000000002,8
8,2.5262892987941994,2.5335251188481367,2.6710056998728007,1.0,0.06,0.09559748427672957,1315.75,1368.0,1035.2375000000002,8
9,2.5262892987941994,2.527193776300948,2.6710056998728007,1.0,0.06,0.0125,1315.75,1368.0,1035.2375000000002,8
10,2.5262892987941994,2.5262892987942065,2.5262892987941994,1.0,0.06,0.0,1315.75,1368.0,1035.2375000000002,8
11,2.5262892987941994,2.527193776300948,2.6710056998728007,1.0,0.09,0.0125,1315.75,1368.0,1035.2375000000002,8
12,2.5262892987941994,2.5262892987942065,2.5262892987941994,1.0,0.09,0.0,1315.75,1368.0,1035.2375000000002,8
13,2.5262892987941994,2.5262892987942065,2.5262892987941994,1.0,0.09,0.0,1315.75,1368.0,1035.2375000000002,8
14,2.5262892987941994,2.5262892987942065,2.5262892987941994,1.0,0.09,0.0,1315.75,1368.0,1035.2375000000002,8
15,2.5262892987941994,2.5262892987942065,2.5262892987941994,1.0,0.09,0.0,1315.75,1368.0,1035.2375000000002,8
16,2.5262892987941994,2.5262892987942065,2.5262892987941994,1.0,0.09,0.0,1315.75,1368.0,1035.2375000000002,8
17,2.5262892987941994,2.5262892987942065,2.5262892987941994,1.0,0.09,0.0,1315.75,1368.0,1035.2375000000002,8
18,2.5262892987941994,2.5262892987942065,2.5262892987941994,1.0,0.09,0.0,1315.75,1368.0,1035.2375000000002,8
19,2.5262892987941994,2.5262892987942065,2.5262892987941994,1.0,0.09,0.0,1315.75,1368.0,1035.2375000000002,8
20,2.5262892987941994,2.5262892987942065,2.5262892987941994,1.0,0.09,0.0,1315.75,1368.0,1035.2375000000002,8
21,2.5262892987941994,2.527193776300948,2.6710056998728007,1.0,0.135,0.0125,1315.75,1368.0,1035.2375000000002,8
22,2.5262892987941994,2.5262892987942065,2.5262892987941994,1.0,0.135,0.0,1315.75,1368.0,1035.2375000000002,8
23,2.5262892987941994,2.5262892987942065,2.5262892987941994,1.0,0.135,0.0,1315.75,1368.0,1035.2375000000002,8
24,2.5262892987941994,2.5262892987942065,2.5262892987941994,1.0,0.135,0.0,1315.75,1368.0,1035.2375000000002,8
25,2.5262892987941994,2.5262892987942065,2.5262892987941994,1.0,0.135,0.0,1315.75,1368.0,1035.2375000000002,8
1,1.6029780364155006,21.30342385454461,91.24419660108315,1.0,0.06,0.4165880503144537,1315.75,1368.0,1035.2375000000002,8
2,1.6029780364155006,8.880481445842724,56.30021410974884,1.0,0.06,0.35778301886791797,1315.75,1368.0,1035.2375000000002,8
3,1.6029780364155006,4.425576424285775,34.22122570489377,1.0,0.06,0.1840998427672956,1315.75,1368.0,1035.2375000000002,8
4,1.6029780364155006,2.7303174695701076,3.27489003157301,1.0,0.06,0.47735849056603774,1315.75,1368.0,1035.2375000000002,8
5,1.6029780364155006,2.427172393313463,3.098215494419763,1.0,0.06,0.6101415094339623,1315.75,1368.0,1035.2375000000002,8
6,1.6029780364155006,2.032808540294553,3.098215494419763,1.0,0.06,0.5034591194968554,1315.75,1368.0,1035.2375000000002,8
7,1.6029780364155006,1.7375267882521546,3.098215494419763,1.0,0.06,0.20731132075471698,1315.75,1368.0,1035.2375000000002,8
8,1.6029780364155006,1.6179278977306826,3.098215494419763,1.0,0.06,0.024921383647798744,1315.75,1368.0,1035.2375000000002,8
9,1.6029780364155006,1.6029780364154984,1.6029780364155006,1.0,0.06,0.0,1315.75,1368.0,1035.2375000000002,8
10,1.6029780364155006,1.6029780364154984,1.6029780364155006,1.0,0.06,0.0,1315.75,1368.0,1035.2375000000002,8
11,1.6029780364155006,1.6029780364154984,1.6029780364155006,1.0,0.09,0.0,1315.75,1368.0,1035.2375000000002,8
12,1.6029780364155006,1.6029780364154984,1.6029780364155006,1.0,0.09,0.0,1315.75,1368.0,1035.2375000000002,8
13,1.6029780364155006,1.6029780364154984,1.6029780364155006,1.0,0.09,0.0,1315.75,1368.0,1035.2375000000002,8
14,1.6029780364155006,1.6029780364154984,1.6029780364155006,1.0,0.09,0.0,1315.75,1368.0,1035.2375000000002,8
15,1.6029780364155006,1.6029780364154984,1.6029780364155006,1.0,0.09,0.0,1315.75,1368.0,1035.2375000000002,8
16,1.6029780364155006,1.6029780364154984,1.6029780364155006,1.0,0.09,0.0,1315.75,1368.0,1035.2375000000002,8
17,1.6029780364155006,1.6029780364154984,1.6029780364155006,1.0,0.09,0.0,1315.75,1368.0,1035.2375000000002,8
18,1.6029780364155006,1.6029780364154984,1.6029780364155006,1.0,0.09,0.0,1315.75,1368.0,1035.2375000000002,8
19,1.6029780364155006,1.6029780364154984,1.6029780364155006,1.0,0.09,0.0,1315.75,1368.0,1035.2375000000002,8
20,1.6029780364155006,1.6029780364154984,1.6029780364155006,1.0,0.09,0.0,1315.75,1368.0,1035.2375000000002,8
21,1.6029780364155006,1.6029780364154984,1.6029780364155006,1.0,0.135,0.0,1315.75,1368.0,1035.2375000000002,8
22,1.6029780364155006,1.6029780364154984,1.6029780364155006,1.0,0.135,0.0,1315.75,1368.0,1035.2375000000002,8
23,1.6029780364155006,1.6029780364154984,1.6029780364155006,1.0,0.135,0.0,1315.75,1368.0,1035.2375000000002,8
24,1.6029780364155006,1.6029780364154984,1.6029780364155006,1.0,0.135,0.0,1315.75,1368.0,1035.2375000000002,8
25,1.6029780364155006,1.6029780364154984,1.6029780364155006,1.0,0.135,0.0,1315.75,1368.0,1035.2375000000002,8
1,2.9940556405550938,22.041511281528155,113.1109324944347,1.0,0.06,0.30977463312369086,1315.75,1368.0,1035.2375000000002,8
2,2.9940556405550938,9.480087259766714,46.048339712402395,1.0,0.06,0.31202830188679365,1315.75,1368.0,1035.2375000000002,8
3,2.9940556405550938,4.356638971674291,20.967431311248546,1.0,0.06,0.18393605870020807,1315.75,1368.0,1035.2375000000002,8
4,2.9940556405550938,3.305617599368676,19.038191074944358,1.0,0.06,0.06485849056603787,1315.75,1368.0,1035.2375000000002,8
5,2.9940556405550938,2.994055640555087,2.9940556405550938,1.0,0.06,0.024842767295597486,1315.75,1368.0,1035.2375000000002,8
6,2.9940556405550938,2.994055640555087,2.9940556405550938,1.0,0.06,0.024842767295597486,1315.75,1368.0,1035.2375000000002,8
7,2.9940556405550938,2.994055640555087,2.9940556405550938,1.0,0.06,0.03702830188679245,1315.75,1368.0,1035.2375000000002,8
8,2.9940556405550938,2.994055640555087,2.9940556405550938,1.0,0.06,0.07264150943396226,1315.75,1368.0,1035.2375000000002,8
9,2.9940556405550938,2.994055640555087,2.9940556405550938,1.0,0.06,0.09559748427672957,1315.75,1368.0,1035.2375000000002,8
10,2.9940556405550938,2.994055640555087,2.9940556405550938,1.0,0.06,0.13962264150943396,1315.75,1368.0,1035.2375000000002,8
11,2.9940556405550938,2.994055640555087,2.9940556405550938,1.0,0.09,0.09559748427672957,1315.75,1368.0,1035.2375000000002,8
12,2.9940556405550938,2.994055640555087,2.9940556405550938,1.0,0.09,0.17099056603773585,1315.75,1368.0,1035.2375000000002,8
13,2.9940556405550938,2.994055640555087,2.9940556405550938,1.0,0.09,0.16069182389937106,1315.75,1368.0,1035.2375000000002,8
14,2.9940556405550938,2.994055640555087,2.9940556405550938,1.0,0.09,0.12885220125786165,1315.75,1368.0,1035.2375000000002,8
15,2.9940556405550938,2.994055640555087,2.9940556405550938,1.0,0.09,0.17099056603773585,1315.75,1368.0,1035.2375000000002,8
16,2.9940556405550938,2.994055640555087,2.9940556405550938,1.0,0.09,0.1179245283018868,1315.75,1368.0,1035.2375000000002,8
17,2.9940556405550938,2.994055640555087,2.9940556405550938,1.0,0.09,0.10683962264150944,1315.75,1368.0,1035.2375000000002,8
18,2.9940556405550938,2.994055640555087,2.9940556405550938,1.0,0.09,0.03702830188679245,1315.75,1368.0,1035.2375000000002,8
19,2.9940556405550938,2.994055640555087,2.9940556405550938,1.0,0.09,0.024842767295597486,1315.75,1368.0,1035.2375000000002,8
20,2.9940556405550938,2.994055640555087,2.9940556405550938,1.0,0.09,0.06092767295597484,1315.75,1368.0,1035.2375000000002,8
21,2.9940556405550938,2.994055640555087,2.9940556405550938,1.0,0.135,0.08419811320754716,1315.75,1368.0,1035.2375000000002,8
22,2.9940556405550938,2.994055640555087,2.9940556405550938,1.0,0.135,0.10683962264150944,1315.75,1368.0,1035.2375000000002,8
23,2.9940556405550938,2.994055640555087,2.9940556405550938,1.0,0.135,0.13962264150943396,1315.75,1368.0,1035.2375000000002,8
24,2.9940556405550938,2.994055640555087,2.9940556405550938,1.0,0.135,0.1179245283018868,1315.75,1368.0,1035.2375000000002,8
25,2.9940556405550938,5.891974725349344,41.558121857178975,1.0,0.135,0.19870283018867912,1315.75,1368.0,1035.2375000000002,8
1,2.7140684678808524,25.32511769244914,93.36504893519555,1.0,0.06,0.48590146750523167,1315.75,1368.0,1035.2375000000002,8
2,2.7140684678808524,11.087643719267415,56.95315955871005,1.0,0.06,0.31326370170710166,1315.75,1368.0,1035.2375000000002,8
3,2.7140684678808524,4.635842650367424,40.084366005274916,1.0,0.06,0.12462002096436212,1315.75,1368.0,1035.2375000000002,8
4,2.7140684678808524,2.8006242597323183,16.562995164115744,1.0,0.06,0.04300314465408805,1315.75,1368.0,1035.2375000000002,8
5,2.7140684678808524,2.71406846788085,2.7140684678808524,1.0,0.06,0.07327044025157232,1315.75,1368.0,1035.2375000000002,8
6,2.7140684678808524,2.71406846788085,2.7140684678808524,1.0,0.06,0.0,1315.75,1368.0,1035.2375000000002,8
7,2.7140684678808524,2.71406846788085,2.7140684678808524,1.0,0.06,0.0,1315.75,1368.0,1035.2375000000002,8
8,2.7140684678808524,2.71406846788085,2.7140684678808524,1.0,0.06,0.0,1315.75,1368.0,1035.2375000000002,8
9,2.7140684678808524,2.71406846788085,2.7140684678808524,1.0,0.06,0.0,1315.75,1368.0,1035.2375000000002,8
10,2.7140684678808524,2.71406846788085,2.7140684678808524,1.0,0.06,0.0,1315.75,1368.0,1035.2375000000002,8
11,2.7140684678808524,2.71406846788085,2.7140684678808524,1.0,0.09,0.0,1315.75,1368.0,1035.2375000000002,8
12,2.7140684678808524,2.71406846788085,2.7140684678808524,1.0,0.09,0.0,1315.75,1368.0,1035.2375000000002,8
13,2.7140684678808524,2.71406846788085,2.7140684678808524,1.0,0.09,0.0,1315.75,1368.0,1035.2375000000002,8
14,2.7140684678808524,2.71406846788085,2.7140684678808524,1.0,0.09,0.0,1315.75,1368.0,1035.2375000000002,8
15,2.7140684678808524,2.71406846788085,2.7140684678808524,1.0,0.09,0.0,1315.75,1368.0,1035.2375000000002,8
16,2.7140684678808524,2.71406846788085,2.7140684678808524,1.0,0.09,0.0,1315.75,1368.0,1035.2375000000002,8
17,2.7140684678808524,2.71406846788085,2.7140684678808524,1.0,0.09,0.0,1315.75,1368.0,1035.2375000000002,8
18,2.7140684678808524,2.71406846788085,2.7140684678808524,1.0,0.09,0.0,1315.75,1368.0,1035.2375000000002,8
19,2.7140684678808524,2.71406846788085,2.7140684678808524,1.0,0.09,0.0,1315.75,1368.0,1035.2375000000002,8
20,2.7140684678808524,2.71406846788085,2.7140684678808524,1.0,0.09,0.0,1315.75,1368.0,1035.2375000000002,8
21,2.7140684678808524,2.71406846788085,2.7140684678808524,1.0,0.135,0.0,1315.75,1368.0,1035.2375000000002,8
22,2.7140684678808524,2.71406846788085,2.7140684678808524,1.0,0.135,0.0,1315.75,1368.0,1035.2375000000002,8
23,2.7140684678808524,2.71406846788085,2.7140684678808524,1.0,0.135,0.0,1315.75,1368.0,1035.2375000000002,8
24,2.7140684678808524,2.71406846788085,2.7140684678808524,1.0,0.135,0.0,1315.75,1368.0,1035.2375000000002,8
25,2.7140684678808524,4.931789775028857,34.51445677353293,1.0,0.135,0.12291666666666776,1315.75,1368.0,1035.2375000000002,8
1,2.7140684678808524,22.591799994743802,154.39358916228394,1.0,0.06,0.24524602293746547,1315.75,1368.0,1035.2375000000002,8
2,2.7140684678808524,11.149923594029868,55.504468980311714,1.0,0.06,0.2721305031446541,1315.75,1368.0,1035.2375000000002,8
3,2.7140684678808524,4.44716038172863,39.94843726645843,1.0,0.06,0.1528616352201263,1315.75,1368.0,1035.2375000000002,8
4,2.7140684678808524,2.9426595922152967,12.487822112092246,1.0,0.06,0.06517295597484296,1315.75,1368.0,1035.2375000000002,8
5,2.7140684678808524,2.71406846788085,2.7140684678808524,1.0,0.06,0.06139937106918239,1315.75,1368.0,1035.2375000000002,8
6,2.7140684678808524,2.71406846788085,2.7140684678808524,1.0,0.06,0.024842767295597486,1315.75,1368.0,1035.2375000000002,8
7,2.7140684678808524,2.71406846788085,2.7140684678808524,1.0,0.06,0.0125,1315.75,1368.0,1035.2375000000002,8
8,2.7140684678808524,2.71406846788085,2.7140684678808524,1.0,0.06,0.0,1315.75,1368.0,1035.2375000000002,8
9,2.7140684678808524,2.71406846788085,2.7140684678808524,1.0,0.06,0.0,1315.75,1368.0,1035.2375000000002,8
10,2.7140684678808524,2.71406846788085,2.7140684678808524,1.0,0.06,0.0,1315.75,1368.0,1035.2375000000002,8
11,2.7140684678808524,2.71406846788085,2.7140684678808524,1.0,0.09,0.03702830188679245,1315.75,1368.0,1035.2375000000002,8
12,2.7140684678808524,2.71406846788085,2.7140684678808524,1.0,0.09,0.03702830188679245,1315.75,1368.0,1035.2375000000002,8
13,2.7140684678808524,2.71406846788085,2.7140684678808524,1.0,0.09,0.03702830188679245,1315.75,1368.0,1035.2375000000002,8
14,2.7140684678808524,2.71406846788085,2.7140684678808524,1.0,0.09,0.03702830188679245,1315.75,1368.0,1035.2375000000002,8
15,2.7140684678808524,2.71406846788085,2.7140684678808524,1.0,0.09,0.024842767295597486,1315.75,1368.0,1035.2375000000002,8
16,2.7140684678808524,2.71406846788085,2.7140684678808524,1.0,0.09,0.04905660377358491,1315.75,1368.0,1035.2375000000002,8
17,2.7140684678808524,2.71406846788085,2.7140684678808524,1.0,0.09,0.06092767295597484,1315.75,1368.0,1035.2375000000002,8
18,2.7140684678808524,2.71406846788085,2.7140684678808524,1.0,0.09,0.07264150943396226,1315.75,1368.0,1035.2375000000002,8
19,2.7140684678808524,2.71406846788085,2.7140684678808524,1.0,0.09,0.06092767295597484,1315.75,1368.0,1035.2375000000002,8
20,2.7140684678808524,2.71406846788085,2.7140684678808524,1.0,0.09,0.0,1315.75,1368.0,1035.2375000000002,8
21,2.7140684678808524,2.7651202190656257,10.882348657444918,1.0,0.135,0.0125,1315.75,1368.0,1035.2375000000002,8
22,2.7140684678808524,2.71406846788085,2.7140684678808524,1.0,0.135,0.0,1315.75,1368.0,1035.2375000000002,8
23,2.7140684678808524,2.71406846788085,2.7140684678808524,1.0,0.135,0.0,1315.75,1368.0,1035.2375000000002,8
24,2.7140684678808524,2.71406846788085,2.7140684678808524,1.0,0.135,0.0,1315.75,1368.0,1035.2375000000002,8
25,2.7140684678808524,2.71406846788085,2.7140684678808524,1.0,0.135,0.0,1315.75,1368.0,1035.2375000000002,8
1,2.980998594417069,22.958536012101142,95.45521699523334,1.0,0.06,0.42548043326344165,1315.75,1368.0,1035.2375000000002,8
2,2.980998594417069,11.216313675157132,58.56125857391857,1.0,0.06,0.2519457547169811,1315.75,1368.0,1035.2375000000002,8
3,2.980998594417069,5.753501773429298,31.676201872193364,1.0,0.06,0.1972877358490566,1315.75,1368.0,1035.2375000000002,8
4,2.980998594417069,3.8806891667371013,22.45128642989001,1.0,0.06,0.08595387840670844,1315.75,1368.0,1035.2375000000002,8
5,2.980998594417069,3.612657725771963,3.7466460263623924,1.0,0.06,0.29056603773584905,1315.75,1368.0,1035.2375000000002,8
6,2.980998594417069,3.493025314530505,3.7466460263623924,1.0,0.06,0.44583333333333336,1315.75,1368.0,1035.2375000000002,8
7,2.980998594417069,3.3255399387924656,3.7466460263623924,1.0,0.06,0.4981132075471698,1315.75,1368.0,1035.2375000000002,8
8,2.980998594417069,3.1197721914571623,3.7466460263623924,1.0,0.06,0.2986635220125786,1315.75,1368.0,1035.2375000000002,8
9,2.980998594417069,3.0049250766653666,3.7466460263623924,1.0,0.06,0.06092767295597484,1315.75,1368.0,1035.2375000000002,8
10,2.980998594417069,2.9809985944170756,2.980998594417069,1.0,0.06,0.0,1315.75,1368.0,1035.2375000000002,8
11,2.980998594417069,2.9953544837660497,3.7466460263623924,1.0,0.09,0.03702830188679245,1315.75,1368.0,1035.2375000000002,8
12,2.980998594417069,2.9809985944170756,2.980998594417069,1.0,0.09,0.0,1315.75,1368.0,1035.2375000000002,8
13,2.980998594417069,2.9809985944170756,2.980998594417069,1.0,0.09,0.0,1315.75,1368.0,1035.2375000000002,8
14,2.980998594417069,2.9809985944170756,2.980998594417069,1.0,0.09,0.0,1315.75,1368.0,1035.2375000000002,8
15,2.980998594417069,2.9809985944170756,2.980998594417069,1.0,0.09,0.0,1315.75,1368.0,1035.2375000000002,8
16,2.980998594417069,2.9809985944170756,2.980998594417069,1.0,0.09,0.0,1315.75,1368.0,1035.2375000000002,8
17,2.980998594417069,2.9809985944170756,2.980998594417069,1.0,0.09,0.0,1315.75,1368.0,1035.2375000000002,8
18,2.980998594417069,2.9809985944170756,2.980998594417069,1.0,0.09,0.0,1315.75,1368.0,1035.2375000000002,8
19,2.980998594417069,2.9809985944170756,2.980998594417069,1.0,0.09,0.0,1315.75,1368.0,1035.2375000000002,8
20,2.980998594417069,2.9809985944170756,2.980998594417069,1.0,0.09,0.0,1315.75,1368.0,1035.2375000000002,8
21,2.980998594417069,2.985783890866734,3.7466460263623924,1.0,0.135,0.0125,1315.75,1368.0,1035.2375000000002,8
22,2.980998594417069,2.9809985944170756,2.980998594417069,1.0,0.135,0.0,1315.75,1368.0,1035.2375000000002,8
23,2.980998594417069,2.9809985944170756,2.980998594417069,1.0,0.135,0.0,1315.75,1368.0,1035.2375000000002,8
24,2.980998594417069,2.9809985944170756,2.980998594417069,1.0,0.135,0.0,1315.75,1368.0,1035.2375000000002,8
25,2.980998594417069,2.9809985944170756,2.980998594417069,1.0,0.135,0.0,1315.75,1368.0,1035.2375000000002,8
1,4.464469131787617,24.268256110756006,87.40651474160245,1.0,0.06,0.33859407756813376,1315.75,1368.0,1035.2375000000002,8
2,4.464469131787617,10.89214799214944,48.813304846425225,1.0,0.06,0.35106918238994234,1315.75,1368.0,1035.2375000000002,8
3,4.464469131787617,5.975531048748865,30.206785407243977,1.0,0.06,0.15375393081761007,1315.75,1368.0,1035.2375000000002,8
4,4.464469131787617,4.6781812141697,16.6919887356406,1.0,0.06,0.03309748427672968,1315.75,1368.0,1035.2375000000002,8
5,4.464469131787617,4.46446913178761,4.464469131787617,1.0,0.06,0.0,1315.75,1368.0,1035.2375000000002,8
6,4.464469131787617,4.46446913178761,4.464469131787617,1.0,0.06,0.0,1315.75,1368.0,1035.2375000000002,8
7,4.464469131787617,4.46446913178761,4.464469131787617,1.0,0.06,0.0,1315.75,1368.0,1035.2375000000002,8
8,4.464469131787617,4.46446913178761,4.464469131787617,1.0,0.06,0.0,1315.75,1368.0,1035.2375000000002,8
9,4.464469131787617,4.46446913178761,4.464469131787617,1.0,0.06,0.0,1315.75,1368.0,1035.2375000000002,8
10,4.464469131787617,4.46446913178761,4.464469131787617,1.0,0.06,0.0,1315.75,1368.0,1035.2375000000002,8
11,4.464469131787617,4.590557613213336,24.63862615990366,1.0,0.09,0.0125,1315.75,1368.0,1035.2375000000002,8
12,4.464469131787617,4.46446913178761,4.464469131787617,1.0,0.09,0.0,1315.75,1368.0,1035.2375000000002,8
13,4.464469131787617,4.46446913178761,4.464469131787617,1.0,0.09,0.0,1315.75,1368.0,1035.2375000000002,8
14,4.464469131787617,4.46446913178761,4.464469131787617,1.0,0.09,0.0,1315.75,1368.0,1035.2375000000002,8
15,4.464469131787617,4.46446913178761,4.464469131787617,1.0,0.09,0.0,1315.75,1368.0,1035.2375000000002,8
16,4.464469131787617,4.46446913178761,4.464469131787617,1.0,0.09,0.0,1315.75,1368.0,1035.2375000000002,8
17,4.464469131787617,4.46446913178761,4.464469131787617,1.0,0.09,0.0,1315.75,1368.0,1035.2375000000002,8
18,4.464469131787617,4.46446913178761,4.464469131787617,1.0,0.09,0.0,1315.75,1368.0,1035.2375000000002,8
19,4.464469131787617,4.46446913178761,4.464469131787617,1.0,0.09,0.0,1315.75,1368.0,1035.2375000000002,8
20,4.464469131787617,4.46446913178761,4.464469131787617,1.0,0.09,0.0,1315.75,1368.0,1035.2375000000002,8
21,4.464469131787617,4.46446913178761,4.464469131787617,1.0,0.135,0.0,1315.75,1368.0,1035.2375000000002,8
22,4.464469131787617,4.46446913178761,4.464469131787617,1.0,0.135,0.0,1315.75,1368.0,1035.2375000000002,8
23,4.464469131787617,4.46446913178761,4.464469131787617,1.0,0.135,0.0,1315.75,1368.0,1035.2375000000002,8
24,4.464469131787617,4.46446913178761,4.464469131787617,1.0,0.135,0.0,1315.75,1368.0,1035.2375000000002,8
25,4.464469131787617,4.46446913178761,4.464469131787617,1.0,0.135,0.0,1315.75,1368.0,1035.2375000000002,8
1,3.833886258122327,20.636751254794284,65.40331698673742,1.0,0.06,0.45538522012578614,1315.75,1368.0,1035.2375000000002,8
2,3.833886258122327,9.662815650621704,49.47851718670752,1.0,0.06,0.3105476939203398,1315.75,1368.0,1035.2375000000002,8
3,3.833886258122327,5.388649302021671,30.976605629878122,1.0,0.06,0.17342767295597483,1315.75,1368.0,1035.2375000000002,8
4,3.833886258122327,3.9669473959013253,16.53478328995259,1.0,0.06,0.04127358490566054,1315.75,1368.0,1035.2375000000002,8
5,3.833886258122327,3.833886258122333,3.833886258122327,1.0,0.06,0.0,1315.75,1368.0,1035.2375000000002,8
6,3.833886258122327,3.833886258122333,3.833886258122327,1.0,0.06,0.0,1315.75,1368.0,1035.2375000000002,8
7,3.833886258122327,3.833886258122333,3.833886258122327,1.0,0.06,0.0,1315.75,1368.0,1035.2375000000002,8
8,3.833886258122327,3.833886258122333,3.833886258122327,1.0,0.06,0.0,1315.75,1368.0,1035.2375000000002,8
9,3.833886258122327,3.833886258122333,3.833886258122327,1.0,0.06,0.0,1315.75,1368.0,1035.2375000000002,8
10,3.833886258122327,3.833886258122333,3.833886258122327,1.0,0.06,0.0,1315.75,1368.0,1035.2375000000002,8
11,3.833886258122327,3.833886258122333,3.833886258122327,1.0,0.09,0.0,1315.75,1368.0,1035.2375000000002,8
12,3.833886258122327,3.833886258122333,3.833886258122327,1.0,0.09,0.0,1315.75,1368.0,1035.2375000000002,8
13,3.833886258122327,3.833886258122333,3.833886258122327,1.0,0.09,0.0,1315.75,1368.0,1035.2375000000002,8
14,3.833886258122327,3.833886258122333,3.833886258122327,1.0,0.09,0.0,1315.75,1368.0,1035.2375000000002,8
15,3.833886258122327,3.833886258122333,3.833886258122327,1.0,0.09,0.0,1315.75,1368.0,1035.2375000000002,8
16,3.833886258122327,3.833886258122333,3.833886258122327,1.0,0.09,0.0,1315.75,1368.0,1035.2375000000002,8
17,3.833886258122327,3.833886258122333,3.833886258122327,1.0,0.09,0.0,1315.75,1368.0,1035.2375000000002,8
18,3.833886258122327,3.833886258122333,3.833886258122327,1.0,0.09,0.0,1315.75,1368.0,1035.2375000000002,8
19,3.833886258122327,3.833886258122333,3.833886258122327,1.0,0.09,0.0,1315.75,1368.0,1035.2375000000002,8
20,3.833886258122327,3.833886258122333,3.833886258122327,1.0,0.09,0.0,1315.75,1368.0,1035.2375000000002,8
21,3.833886258122327,3.833886258122333,3.833886258122327,1.0,0.135,0.0,1315.75,1368.0,1035.2375000000002,8
22,3.833886258122327,3.833886258122333,3.833886258122327,1.0,0.135,0.0,1315.75,1368.0,1035.2375000000002,8
23,3.833886258122327,3.833886258122333,3.833886258122327,1.0,0.135,0.0,1315.75,1368.0,1035.2375000000002,8
24,3.833886258122327,3.833886258122333,3.833886258122327,1.0,0.135,0.0,1315.75,1368.0,1035.2375000000002,8
25,3.4573130501862055,5.540384721722975,44.16102782668239,1.0,0.135,0.08626460017969559,1315.75,1368.0,1035.2375000000002,8
26,3.4573130501862055,3.8454088694646402,7.560370112572086,1.0,0.0945,0.07303459119496855,1315.75,1368.0,1035.2375000000002,8
27,3.4573130501862055,3.8150575977255263,3.833886258122327,1.0,0.0945,0.09559748427672957,1315.75,1368.0,1035.2375000000002,8
28,3.4573130501862055,3.777400276931914,3.833886258122327,1.0,0.0945,0.25660377358490566,1315.75,1368.0,1035.2375000000002,8
29,3.4573130501862055,3.7256214608406966,3.833886258122327,1.0,0.0945,0.41226415094339625,1315.75,1368.0,1035.2375000000002,8
30,3.4573130501862055,3.6432460716046684,3.833886258122327,1.0,0.0945,0.503066037735849,1315.75,1368.0,1035.2375000000002,8
31,3.4573130501862055,3.5538099347198404,3.833886258122327,1.0,0.0945,0.3835691823899371,1315.75,1368.0,1035.2375000000002,8
32,3.4573130501862055,3.473788128033412,3.833886258122327,1.0,0.0945,0.08419811320754716,1315.75,1368.0,1035.2375000000002,8
33,3.4573130501862055,3.457313050186206,3.4573130501862055,1.0,0.0945,0.0,1315.75,1368.0,1035.2375000000002,8
34,3.4573130501862055,3.457313050186206,3.4573130501862055,1.0,0.0945,0.0,1315.75,1368.0,1035.2375000000002,8
35,3.4573130501862055,3.457313050186206,3.4573130501862055,1.0,0.0945,0.0,1315.75,1368.0,1035.2375000000002,8
36,3.4573130501862055,3.457313050186206,3.4573130501862055,1.0,0.14175,0.0,1315.75,1368.0,1035.2375000000002,8
37,3.4573130501862055,3.457313050186206,3.4573130501862055,1.0,0.14175,0.0,1315.75,1368.0,1035.2375000000002,8
38,3.4573130501862055,3.457313050186206,3.4573130501862055,1.0,0.14175,0.0,1315.75,1368.0,1035.2375000000002,8
39,3.4573130501862055,3.457313050186206,3.4573130501862055,1.0,0.14175,0.0,1315.75,1368.0,1035.2375000000002,8
40,3.4573130501862055,3.457313050186206,3.4573130501862055,1.0,0.14175,0.0,1315.75,1368.0,1035.2375000000002,8
41,3.4573130501862055,3.457313050186206,3.4573130501862055,1.0,0.14175,0.0,1315.75,1368.0,1035.2375000000002,8
42,3.4573130501862055,3.457313050186206,3.4573130501862055,1.0,0.14175,0.0,1315.75,1368.0,1035.2375000000002,8
43,3.4573130501862055,3.457313050186206,3.4573130501862055,1.0,0.14175,0.0,1315.75,1368.0,1035.2375000000002,8
44,3.4573130501862055,3.457313050186206,3.4573130501862055,1.0,0.14175,0.0,1315.75,1368.0,1035.2375000000002,8
45,3.4573130501862055,3.457313050186206,3.4573130501862055,1.0,0.14175,0.0,1315.75,1368.0,1035.2375000000002,8
46,3.4573130501862055,3.457313050186206,3.4573130501862055,1.0,0.15,0.0,1315.75,1368.0,1035.2375000000002,8
47,3.4573130501862055,3.457313050186206,3.4573130501862055,1.0,0.15,0.0,1315.75,1368.0,1035.2375000000002,8
48,3.4573130501862055,3.457313050186206,3.4573130501862055,1.0,0.15,0.0,1315.75,1368.0,1035.2375000000002,8
49,3.4573130501862055,3.457313050186206,3.4573130501862055,1.0,0.15,0.0,1315.75,1368.0,1035.2375000000002,8
50,3.4573130501862055,3.457313050186206,3.4573130501862055,1.0,0.15,0.0,1315.75,1368.0,1035.2375000000002,8
1,2.230608772365895,21.721676862308012,85.60858201639368,1.0,0.06,0.4235150244584114,1315.75,1368.0,1035.2375000000002,8
2,2.230608772365895,9.273501847673783,52.663596821479295,1.0,0.06,0.26155660377358375,1315.75,1368.0,1035.2375000000002,8
3,2.230608772365895,5.152454345498277,36.03882835680199,1.0,0.06,0.13518643306379005,1315.75,1368.0,1035.2375000000002,8
4,2.230608772365895,2.879858127002591,21.43558377604089,1.0,0.06,0.07883254716981132,1315.75,1368.0,1035.2375000000002,8
5,2.230608772365895,2.2306087723658883,2.230608772365895,1.0,0.06,0.04905660377358491,1315.75,1368.0,1035.2375000000002,8
6,2.230608772365895,2.2306087723658883,2.230608772365895,1.0,0.06,0.06092767295597484,1315.75,1368.0,1035.2375000000002,8
7,2.230608772365895,2.2306087723658883,2.230608772365895,1.0,0.06,0.08419811320754716,1315.75,1368.0,1035.2375000000002,8
8,2.230608772365895,2.2306087723658883,2.230608772365895,1.0,0.06,0.06092767295597484,1315.75,1368.0,1035.2375000000002,8
9,2.230608772365895,2.2306087723658883,2.230608772365895,1.0,0.06,0.06092767295597484,1315.75,1368.0,1035.2375000000002,8
10,2.230608772365895,2.2306087723658883,2.230608772365895,1.0,0.06,0.07264150943396226,1315.75,1368.0,1035.2375000000002,8
11,2.184846997326984,2.2294647279899156,2.230608772365895,1.0,0.09,0.13105345911949687,1315.75,1368.0,1035.2375000000002,8
12,2.184846997326984,2.2268906281439773,2.230608772365895,1.0,0.063,0.19520440251572327,1315.75,1368.0,1035.2375000000002,8
13,2.184846997326984,2.221456417358108,2.230608772365895,1.0,0.063,0.3514937106918239,1315.75,1368.0,1035.2375000000002,8
14,2.184846997326984,2.216308217666231,2.230608772365895,1.0,0.063,0.457625786163522,1315.75,1368.0,1035.2375000000002,8
15,2.184846997326984,2.205725807188485,2.230608772365895,1.0,0.063,0.5049528301886792,1315.75,1368.0,1035.2375000000002,8
16,2.184846997326984,2.1939993523347656,2.230608772365895,1.0,0.063,0.3220125786163522,1315.75,1368.0,1035.2375000000002,8
17,2.184846997326984,2.188851152642889,2.230608772365895,1.0,0.063,0.16069182389937106,1315.75,1368.0,1035.2375000000002,8
18,2.184846997326984,2.1848469973269853,2.184846997326984,1.0,0.063,0.0,1315.75,1368.0,1035.2375000000002,8
19,2.184846997326984,2.1848469973269853,2.184846997326984,1.0,0.063,0.0,1315.75,1368.0,1035.2375000000002,8
20,2.184846997326984,2.1848469973269853,2.184846997326984,1.0,0.063,0.0,1315.75,1368.0,1035.2375000000002,8
21,2.184846997326984,2.1848469973269853,2.184846997326984,1.0,0.063,0.0,1315.75,1368.0,1035.2375000000002,8
22,2.184846997326984,2.2445418696820445,11.736026574136407,1.0,0.0945,0.0125,1315.75,1368.0,1035.2375000000002,8
23,2.184846997326984,2.1848469973269853,2.184846997326984,1.0,0.0945,0.0,1315.75,1368.0,1035.2375000000002,8
24,2.184846997326984,2.1848469973269853,2.184846997326984,1.0,0.0945,0.0,1315.75,1368.0,1035.2375000000002,8
25,2.184846997326984,2.1848469973269853,2.184846997326984,1.0,0.0945,0.0,1315.75,1368.0,1035.2375000000002,8
26,2.184846997326984,2.1848469973269853,2.184846997326984,1.0,0.0945,0.0,1315.75,1368.0,1035.2375000000002,8
27,2.184846997326984,2.1848469973269853,2.184846997326984,1.0,0.0945,0.0,1315.75,1368.0,1035.2375000000002,8
28,2.184846997326984,2.1848469973269853,2.184846997326984,1.0,0.0945,0.0,1315.75,1368.0,1035.2375000000002,8
29,2.184846997326984,2.1848469973269853,2.184846997326984,1.0,0.0945,0.0,1315.75,1368.0,1035.2375000000002,8
30,2.184846997326984,2.1848469973269853,2.184846997326984,1.0,0.0945,0.0,1315.75,1368.0,1035.2375000000002,8
31,2.184846997326984,2.1848469973269853,2.184846997326984,1.0,0.0945,0.0,1315.75,1368.0,1035.2375000000002,8
32,2.184846997326984,2.3171217654641962,23.34880989928073,1.0,0.14175,0.0125,1315.75,1368.0,1035.2375000000002,8
33,2.184846997326984,2.1848469973269853,2.184846997326984,1.0,0.14175,0.0,1315.75,1368.0,1035.2375000000002,8
34,2.184846997326984,2.1848469973269853,2.184846997326984,1.0,0.14175,0.0,1315.75,1368.0,1035.2375000000002,8
35,2.184846997326984,2.1848469973269853,2.184846997326984,1.0,0.14175,0.0,1315.75,1368.0,1035.2375000000002,8
36,2.184846997326984,2.1848469973269853,2.184846997326984,1.0,0.14175,0.0,1315.75,1368.0,1035.2375000000002,8
1,2.126880994769675,22.22240630602306,104.17626317060157,1.0,0.06,0.35353058890794975,1315.75,1368.0,1035.2375000000002,8
2,2.126880994769675,9.586667149237545,62.09053002507464,1.0,0.06,0.33680555555555114,1315.75,1368.0,1035.2375000000002,8
3,2.126880994769675,3.2300849243817966,30.869600622120167,1.0,0.06,0.12936320754716982,1315.75,1368.0,1035.2375000000002,8
4,2.126880994769675,2.126880994769676,2.126880994769675,1.0,0.06,0.03702830188679245,1315.75,1368.0,1035.2375000000002,8
5,2.126880994769675,2.126880994769676,2.126880994769675,1.0,0.06,0.024842767295597486,1315.75,1368.0,1035.2375000000002,8
6,2.126880994769675,2.126880994769676,2.126880994769675,1.0,0.06,0.0,1315.75,1368.0,1035.2375000000002,8
7,2.126880994769675,2.126880994769676,2.126880994769675,1.0,0.06,0.0,1315.75,1368.0,1035.2375000000002,8
8,2.126880994769675,2.126880994769676,2.126880994769675,1.0,0.06,0.0,1315.75,1368.0,1035.2375000000002,8
9,2.126880994769675,2.126880994769676,2.126880994769675,1.0,0.06,0.0,1315.75,1368.0,1035.2375000000002,8
10,2.126880994769675,2.126880994769676,2.126880994769675,1.0,0.06,0.0,1315.75,1368.0,1035.2375000000002,8
11,2.126880994769675,2.276152482052237,26.010318959979163,1.0,0.09,0.0125,1315.75,1368.0,1035.2375000000002,8
12,2.126880994769675,2.126880994769676,2.126880994769675,1.0,0.09,0.0,1315.75,1368.0,1035.2375000000002,8
13,2.126880994769675,2.126880994769676,2.126880994769675,1.0,0.09,0.0,1315.75,1368.0,1035.2375000000002,8
14,2.126880994769675,2.126880994769676,2.126880994769675,1.0,0.09,0.0,1315.75,1368.0,1035.2375000000002,8
15,2.126880994769675,2.126880994769676,2.126880994769675,1.0,0.09,0.0,1315.75,1368.0,1035.2375000000002,8
16,2.126880994769675,2.126880994769676,2.126880994769675,1.0,0.09,0.0,1315.75,1368.0,1035.2375000000002,8
17,2.126880994769675,2.126880994769676,2.126880994769675,1.0,0.09,0.0,1315.75,1368.0,1035.2375000000002,8
18,2.126880994769675,2.126880994769676,2.126880994769675,1.0,0.09,0.0,1315.75,1368.0,1035.2375000000002,8
19,2.126880994769675,2.126880994769676,2.126880994769675,1.0,0.09,0.0,1315.75,1368.0,1035.2375000000002,8
20,2.126880994769675,2.126880994769676,2.126880994769675,1.0,0.09,0.0,1315.75,1368.0,1035.2375000000002,8
21,2.126880994769675,2.389363487790079,44.12407987803412,1.0,0.135,0.0125,1315.75,1368.0,1035.2375000000002,8
22,2.126880994769675,2.126880994769676,2.126880994769675,1.0,0.135,0.0,1315.75,1368.0,1035.2375000000002,8
23,2.126880994769675,2.126880994769676,2.126880994769675,1.0,0.135,0.0,1315.75,1368.0,1035.2375000000002,8
24,2.126880994769675,2.126880994769676,2.126880994769675,1.0,0.135,0.0,1315.75,1368.0,1035.2375000000002,8
25,2.126880994769675,2.126880994769676,2.126880994769675,1.0,0.135,0.0,1315.75,1368.0,1035.2375000000002,8
1,2.126880994769675,21.20285735618709,77.77231980456014,1.0,0.06,0.41219426974142687,1315.75,1368.0,1035.2375000000002,8
2,2.126880994769675,10.106688496334199,46.09788022279729,1.0,0.06,0.3770125786163553,1315.75,1368.0,1035.2375000000002,8
3,2.126880994769675,4.929833558216294,39.46482566999705,1.0,0.06,0.1634276729559762,1315.75,1368.0,1035.2375000000002,8
4,2.126880994769675,2.3011905872750935,25.996860951151014,1.0,0.06,0.028957023060796755,1315.75,1368.0,1035.2375000000002,8
5,2.126880994769675,2.126880994769676,2.126880994769675,1.0,0.06,0.0,1315.75,1368.0,1035.2375000000002,8
6,2.126880994769675,2.126880994769676,2.126880994769675,1.0,0.06,0.0,1315.75,1368.0,1035.2375000000002,8
7,2.126880994769675,2.126880994769676,2.126880994769675,1.0,0.06,0.0,1315.75,1368.0,1035.2375000000002,8
8,2.126880994769675,2.126880994769676,2.126880994769675,1.0,0.06,0.0,1315.75,1368.0,1035.2375000000002,8
9,2.126880994769675,2.126880994769676,2.126880994769675,1.0,0.06,0.0,1315.75,1368.0,1035.2375000000002,8
10,2.126880994769675,2.126880994769676,2.126880994769675,1.0,0.06,0.0,1315.75,1368.0,1035.2375000000002,8
11,2.126880994769675,2.126880994769676,2.126880994769675,1.0,0.09,0.0125,1315.75,1368.0,1035.2375000000002,8
12,2.126880994769675,2.126880994769676,2.126880994769675,1.0,0.09,0.03702830188679245,1315.75,1368.0,1035.2375000000002,8
13,2.126880994769675,2.126880994769676,2.126880994769675,1.0,0.09,0.03702830188679245,1315.75,1368.0,1035.2375000000002,8
14,2.126880994769675,2.126880994769676,2.126880994769675,1.0,0.09,0.0125,1315.75,1368.0,1035.2375000000002,8
15,2.126880994769675,2.126880994769676,2.126880994769675,1.0,0.09,0.0,1315.75,1368.0,1035.2375000000002,8
16,2.126880994769675,2.126880994769676,2.126880994769675,1.0,0.09,0.0,1315.75,1368.0,1035.2375000000002,8
17,2.126880994769675,2.126880994769676,2.126880994769675,1.0,0.09,0.0,1315.75,1368.0,1035.2375000000002,8
18,2.126880994769675,2.126880994769676,2.126880994769675,1.0,0.09,0.0,1315.75,1368.0,1035.2375000000002,8
19,2.126880994769675,2.126880994769676,2.126880994769675,1.0,0.09,0.0,1315.75,1368.0,1035.2375000000002,8
20,2.126880994769675,2.126880994769676,2.126880994769675,1.0,0.09,0.0,1315.75,1368.0,1035.2375000000002,8
21,2.126880994769675,2.126880994769676,2.126880994769675,1.0,0.135,0.0,1315.75,1368.0,1035.2375000000002,8
22,2.126880994769675,2.126880994769676,2.126880994769675,1.0,0.135,0.0,1315.75,1368.0,1035.2375000000002,8
23,2.126880994769675,2.126880994769676,2.126880994769675,1.0,0.135,0.0,1315.75,1368.0,1035.2375000000002,8
24,2.126880994769675,2.126880994769676,2.126880994769675,1.0,0.135,0.0,1315.75,1368.0,1035.2375000000002,8
25,2.126880994769675,4.021657649063906,38.68807516765875,1.0,0.135,0.11529874213836541,1315.75,1368.0,1035.2375000000002,8
1,2.7592079801741094,21.72776626442258,85.6697429878668,1.0,0.06,0.33459774633123873,1315.75,1368.0,1035.2375000000002,8
2,2.7592079801741094,10.797729091324912,42.83821924976512,1.0,0.06,0.4248742138364873,1315.75,1368.0,1035.2375000000002,8
3,2.7592079801741094,4.668340702935881,26.63973712455316,1.0,0.06,0.18238993710691823,1315.75,1368.0,1035.2375000000002,8
4,2.7592079801741094,2.8638843932825204,14.343240018543998,1.0,0.06,0.0494496855345912,1315.75,1368.0,1035.2375000000002,8
5,2.7592079801741094,2.759207980174101,2.7592079801741094,1.0,0.06,0.024842767295597486,1315.75,1368.0,1035.2375000000002,8
6,2.7592079801741094,2.759207980174101,2.7592079801741094,1.0,0.06,0.0125,1315.75,1368.0,1035.2375000000002,8
7,2.7592079801741094,2.759207980174101,2.7592079801741094,1.0,0.06,0.0125,1315.75,1368.0,1035.2375000000002,8
8,2.7592079801741094,2.759207980174101,2.7592079801741094,1.0,0.06,0.0,1315.75,1368.0,1035.2375000000002,8
9,2.7592079801741094,2.759207980174101,2.7592079801741094,1.0,0.06,0.0,1315.75,1368.0,1035.2375000000002,8
10,2.7592079801741094,2.759207980174101,2.7592079801741094,1.0,0.06,0.0,1315.75,1368.0,1035.2375000000002,8
11,2.7592079801741094,2.759207980174101,2.7592079801741094,1.0,0.09,0.0,1315.75,1368.0,1035.2375000000002,8
12,2.7592079801741094,2.759207980174101,2.7592079801741094,1.0,0.09,0.0,1315.75,1368.0,1035.2375000000002,8
13,2.7592079801741094,2.759207980174101,2.7592079801741094,1.0,0.09,0.0,1315.75,1368.0,1035.2375000000002,8
14,2.7592079801741094,2.759207980174101,2.7592079801741094,1.0,0.09,0.0,1315.75,1368.0,1035.2375000000002,8
15,2.7592079801741094,2.759207980174101,2.7592079801741094,1.0,0.09,0.0,1315.75,1368.0,1035.2375000000002,8
16,2.7592079801741094,2.759207980174101,2.7592079801741094,1.0,0.09,0.0,1315.75,1368.0,1035.2375000000002,8
17,2.7592079801741094,2.759207980174101,2.7592079801741094,1.0,0.09,0.0,1315.75,1368.0,1035.2375000000002,8
18,2.7592079801741094,2.759207980174101,2.7592079801741094,1.0,0.09,0.0,1315.75,1368.0,1035.2375000000002,8
19,2.7592079801741094,2.759207980174101,2.7592079801741094,1.0,0.09,0.0,1315.75,1368.0,1035.2375000000002,8
20,2.7592079801741094,2.759207980174101,2.7592079801741094,1.0,0.09,0.0,1315.75,1368.0,1035.2375000000002,8
21,2.7592079801741094,2.759207980174101,2.7592079801741094,1.0,0.135,0.0,1315.75,1368.0,1035.2375000000002,8
22,2.7592079801741094,2.759207980174101,2.7592079801741094,1.0,0.135,0.0,1315.75,1368.0,1035.2375000000002,8
23,2.7592079801741094,2.759207980174101,2.7592079801741094,1.0,0.135,0.0,1315.75,1368.0,1035.2375000000002,8
24,2.7592079801741094,2.759207980174101,2.7592079801741094,1.0,0.135,0.0,1315.75,1368.0,1035.2375000000002,8
25,2.7592079801741094,6.219994844779604,48.95111240424277,1.0,0.135,0.16525157232704527,1315.75,1368.0,1035.2375000000002,8
1,4.224424700195767,22.23378130538092,95.83111187487052,1.0,0.06,0.35626786735277216,1315.75,1368.0,1035.2375000000002,8
2,4.224424700195767,9.72820157141377,63.16452293663368,1.0,0.06,0.21722680817610063,1315.75,1368.0,1035.2375000000002,8
3,4.224424700195767,5.115956430187195,19.243674112017278,1.0,0.06,0.11560534591194968,1315.75,1368.0,1035.2375000000002,8
4,4.224424700195767,4.382971173485695,15.971080384414535,1.0,0.06,0.045931603773584906,1315.75,1368.0,1035.2375000000002,8
5,4.224424700195767,4.224424700195757,4.224424700195767,1.0,0.06,0.04905660377358491,1315.75,1368.0,1035.2375000000002,8
6,4.224424700195767,4.224424700195757,4.224424700195767,1.0,0.06,0.024842767295597486,1315.75,1368.0,1035.2375000000002,8
7,4.224424700195767,4.224424700195757,4.224424700195767,1.0,0.06,0.024842767295597486,1315.75,1368.0,1035.2375000000002,8
8,4.224424700195767,4.224424700195757,4.224424700195767,1.0,0.06,0.0125,1315.75,1368.0,1035.2375000000002,8
9,4.224424700195767,4.224424700195757,4.224424700195767,1.0,0.06,0.03702830188679245,1315.75,1368.0,1035.2375000000002,8
10,4.224424700195767,4.224424700195757,4.224424700195767,1.0,0.06,0.10683962264150944,1315.75,1368.0,1035.2375000000002,8
11,4.224424700195767,4.224424700195757,4.224424700195767,1.0,0.09,0.15023584905660378,1315.75,1368.0,1035.2375000000002,8
12,4.224424700195767,4.224424700195757,4.224424700195767,1.0,0.09,0.08419811320754716,1315.75,1368.0,1035.2375000000002,8
13,4.224424700195767,4.224424700195757,4.224424700195767,1.0,0.09,0.06092767295597484,1315.75,1368.0,1035.2375000000002,8
14,4.224424700195767,4.224424700195757,4.224424700195767,1.0,0.09,0.04905660377358491,1315.75,1368.0,1035.2375000000002,8
15,4.224424700195767,4.224424700195757,4.224424700195767,1.0,0.09,0.024842767295597486,1315.75,1368.0,1035.2375000000002,8
16,4.224424700195767,4.224424700195757,4.224424700195767,1.0,0.09,0.0,1315.75,1368.0,1035.2375000000002,8
17,4.224424700195767,4.224424700195757,4.224424700195767,1.0,0.09,0.0,1315.75,1368.0,1035.2375000000002,8
18,4.224424700195767,4.224424700195757,4.224424700195767,1.0,0.09,0.0,1315.75,1368.0,1035.2375000000002,8
19,4.224424700195767,4.224424700195757,4.224424700195767,1.0,0.09,0.0,1315.75,1368.0,1035.2375000000002,8
20,4.224424700195767,4.224424700195757,4.224424700195767,1.0,0.09,0.0,1315.75,1368.0,1035.2375000000002,8
21,4.224424700195767,4.224424700195757,4.224424700195767,1.0,0.135,0.0,1315.75,1368.0,1035.2375000000002,8
22,4.224424700195767,4.224424700195757,4.224424700195767,1.0,0.135,0.0,1315.75,1368.0,1035.2375000000002,8
23,4.224424700195767,4.224424700195757,4.224424700195767,1.0,0.135,0.0,1315.75,1368.0,1035.2375000000002,8
24,4.224424700195767,4.224424700195757,4.224424700195767,1.0,0.135,0.0,1315.75,1368.0,1035.2375000000002,8
25,0.868399674968051,6.196200203566317,45.27953289234893,1.0,0.135,0.14993710691823603,1315.75,1368.0,1035.2375000000002,8
26,0.868399674968051,4.416613298590967,25.29581739774738,1.0,0.0945,0.03408018867924528,1315.75,1368.0,1035.2375000000002,8
27,0.868399674968051,4.140524074565065,4.224424700195767,1.0,0.0945,0.04905660377358491,1315.75,1368.0,1035.2375000000002,8
28,0.868399674968051,3.972722823303679,4.224424700195767,1.0,0.0945,0.13962264150943396,1315.75,1368.0,1035.2375000000002,8
29,0.868399674968051,3.7210209464116013,4.224424700195767,1.0,0.0945,0.25660377358490566,1315.75,1368.0,1035.2375000000002,8
30,0.868399674968051,3.3015178182581364,4.224424700195767,1.0,0.0945,0.40125786163522015,1315.75,1368.0,1035.2375000000002,8
31,0.868399674968051,2.4415364055435376,4.224424700195767,1.0,0.0945,0.5011792452830188,1315.75,1368.0,1035.2375000000002,8
32,0.868399674968051,1.5186295236059228,4.224424700195767,1.0,0.0945,0.3143867924528302,1315.75,1368.0,1035.2375000000002,8
33,0.868399674968051,1.0362009262294367,4.224424700195767,1.0,0.0945,0.09559748427672957,1315.75,1368.0,1035.2375000000002,8
34,0.868399674968051,0.8893748313757233,4.224424700195767,1.0,0.0945,0.0125,1315.75,1368.0,1035.2375000000002,8
35,0.868399674968051,0.8683996749680498,0.868399674968051,1.0,0.0945,0.0,1315.75,1368.0,1035.2375000000002,8
36,0.868399674968051,0.9284780782367607,7.124919172733968,1.0,0.14175,0.01871069182389937,1315.75,1368.0,1035.2375000000002,8
37,0.868399674968051,0.8683996749680498,0.868399674968051,1.0,0.14175,0.0,1315.75,1368.0,1035.2375000000002,8
38,0.868399674968051,0.8683996749680498,0.868399674968051,1.0,0.14175,0.0,1315.75,1368.0,1035.2375000000002,8
39,0.868399674968051,0.8683996749680498,0.868399674968051,1.0,0.14175,0.0,1315.75,1368.0,1035.2375000000002,8
40,0.868399674968051,0.8683996749680498,0.868399674968051,1.0,0.14175,0.0,1315.75,1368.0,1035.2375000000002,8
41,0.868399674968051,0.8683996749680498,0.868399674968051,1.0,0.14175,0.0,1315.75,1368.0,1035.2375000000002,8
42,0.868399674968051,0.8683996749680498,0.868399674968051,1.0,0.14175,0.0,1315.75,1368.0,1035.2375000000002,8
43,0.868399674968051,0.8683996749680498,0.868399674968051,1.0,0.14175,0.0,1315.75,1368.0,1035.2375000000002,8
44,0.868399674968051,0.8683996749680498,0.868399674968051,1.0,0.14175,0.0,1315.75,1368.0,1035.2375000000002,8
45,0.868399674968051,0.8683996749680498,0.868399674968051,1.0,0.14175,0.0,1315.75,1368.0,1035.2375000000002,8
46,0.868399674968051,0.8683996749680498,0.868399674968051,1.0,0.15,0.0,1315.75,1368.0,1035.2375000000002,8
47,0.868399674968051,0.8683996749680498,0.868399674968051,1.0,0.15,0.0,1315.75,1368.0,1035.2375000000002,8
48,0.868399674968051,0.8683996749680498,0.868399674968051,1.0,0.15,0.0,1315.75,1368.0,1035.2375000000002,8
49,0.868399674968051,0.8683996749680498,0.868399674968051,1.0,0.15,0.0,1315.75,1368.0,1035.2375000000002,8
50,0.868399674968051,0.8683996749680498,0.868399674968051,1.0,0.15,0.0,1315.75,1368.0,1035.2375000000002,8
1,4.116409284451135,21.215998571246836,81.8650608175852,1.0,0.06,0.3090998427672993,1315.75,1368.0,1035.2375000000002,8
2,4.116409284451135,9.741546206635661,45.86375942618341,1.0,0.06,0.2994496855345898,1315.75,1368.0,1035.2375000000002,8
3,4.116409284451135,5.60512780274189,24.186189308904915,1.0,0.06,0.2125,1315.75,1368.0,1035.2375000000002,8
4,4.116409284451135,4.696866228266747,18.203576412230596,1.0,0.06,0.39492924528301887,1315.75,1368.0,1035.2375000000002,8
5,4.116409284451135,4.401228051763736,4.553141790206227,1.0,0.06,0.508687106918239,1315.75,1368.0,1035.2375000000002,8
6,4.116409284451135,4.299679455692755,4.553141790206227,1.0,0.06,0.5376179245283019,1315.75,1368.0,1035.2375000000002,8
7,4.116409284451135,4.196551132105648,4.553141790206227,1.0,0.06,0.33172169811320756,1315.75,1368.0,1035.2375000000002,8
8,4.116409284451135,4.121314236657965,4.553141790206227,1.0,0.06,0.024882075471698115,1315.75,1368.0,1035.2375000000002,8
9,4.116409284451135,4.116409284451143,4.116409284451135,1.0,0.06,0.0,1315.75,1368.0,1035.2375000000002,8
10,4.116409284451135,4.116409284451143,4.116409284451135,1.0,0.06,0.0,1315.75,1368.0,1035.2375000000002,8
11,4.116409284451135,4.116409284451143,4.116409284451135,1.0,0.09,0.0,1315.75,1368.0,1035.2375000000002,8
12,4.116409284451135,4.116409284451143,4.116409284451135,1.0,0.09,0.0,1315.75,1368.0,1035.2375000000002,8
13,4.116409284451135,4.116409284451143,4.116409284451135,1.0,0.09,0.0,1315.75,1368.0,1035.2375000000002,8
14,4.116409284451135,4.116409284451143,4.116409284451135,1.0,0.09,0.0,1315.75,1368.0,1035.2375000000002,8
15,4.116409284451135,4.116409284451143,4.116409284451135,1.0,0.09,0.0,1315.75,1368.0,1035.2375000000002,8
16,4.116409284451135,4.116409284451143,4.116409284451135,1.0,0.09,0.0,1315.75,1368.0,1035.2375000000002,8
17,4.116409284451135,4.116409284451143,4.116409284451135,1.0,0.09,0.0,1315.75,1368.0,1035.2375000000002,8
18,4.116409284451135,4.116409284451143,4.116409284451135,1.0,0.09,0.0,1315.75,1368.0,1035.2375000000002,8
19,4.116409284451135,4.116409284451143,4.116409284451135,1.0,0.09,0.0,1315.75,1368.0,1035.2375000000002,8
20,4.116409284451135,4.116409284451143,4.116409284451135,1.0,0.09,0.0,1315.75,1368.0,1035.2375000000002,8
21,4.116409284451135,4.119138862612113,4.553141790206227,1.0,0.135,0.0125,1315.75,1368.0,1035.2375000000002,8
22,4.116409284451135,4.116409284451143,4.116409284451135,1.0,0.135,0.0,1315.75,1368.0,1035.2375000000002,8
23,4.116409284451135,4.116409284451143,4.116409284451135,1.0,0.135,0.0,1315.75,1368.0,1035.2375000000002,8
24,4.116409284451135,4.116409284451143,4.116409284451135,1.0,0.135,0.0,1315.75,1368.0,1035.2375000000002,8
25,4.116409284451135,4.116409284451143,4.116409284451135,1.0,0.135,0.0,1315.75,1368.0,1035.2375000000002,8
1,3.536215726961822,23.558735369612265,99.90810466502518,1.0,0.06,0.36610205831904563,1315.75,1368.0,1035.2375000000002,8
2,3.536215726961822,11.404937622649802,53.73461152330619,1.0,0.06,0.3111635220125707,1315.75,1368.0,1035.2375000000002,8
3,3.536215726961822,5.162882938798364,34.14035630247907,1.0,0.06,0.13259433962264278,1315.75,1368.0,1035.2375000000002,8
4,3.536215726961822,3.6692117669243545,15.247684813694004,1.0,0.06,0.03694968553459143,1315.75,1368.0,1035.2375000000002,8
5,3.536215726961822,3.5362157269618164,3.536215726961822,1.0,0.06,0.0,1315.75,1368.0,1035.2375000000002,8
6,3.536215726961822,3.5362157269618164,3.536215726961822,1.0,0.06,0.0,1315.75,1368.0,1035.2375000000002,8
7,3.536215726961822,3.5362157269618164,3.536215726961822,1.0,0.06,0.0,1315.75,1368.0,1035.2375000000002,8
8,3.536215726961822,3.5362157269618164,3.536215726961822,1.0,0.06,0.0,1315.75,1368.0,1035.2375000000002,8
9,3.536215726961822,3.5362157269618164,3.536215726961822,1.0,0.06,0.0,1315.75,1368.0,1035.2375000000002,8
10,3.536215726961822,3.5362157269618164,3.536215726961822,1.0,0.06,0.0,1315.75,1368.0,1035.2375000000002,8
11,3.536215726961822,3.5362157269618164,3.536215726961822,1.0,0.09,0.0,1315.75,1368.0,1035.2375000000002,8
12,3.536215726961822,3.5362157269618164,3.536215726961822,1.0,0.09,0.0,1315.75,1368.0,1035.2375000000002,8
13,3.536215726961822,3.5362157269618164,3.536215726961822,1.0,0.09,0.0,1315.75,1368.0,1035.2375000000002,8
14,3.536215726961822,3.5362157269618164,3.536215726961822,1.0,0.09,0.0,1315.75,1368.0,1035.2375000000002,8
15,3.536215726961822,3.5362157269618164,3.536215726961822,1.0,0.09,0.0,1315.75,1368.0,1035.2375000000002,8
16,3.536215726961822,3.5362157269618164,3.536215726961822,1.0,0.09,0.0,1315.75,1368.0,1035.2375000000002,8
17,3.536215726961822,3.5362157269618164,3.536215726961822,1.0,0.09,0.0,1315.75,1368.0,1035.2375000000002,8
18,3.536215726961822,3.5362157269618164,3.536215726961822,1.0,0.09,0.0,1315.75,1368.0,1035.2375000000002,8
19,3.536215726961822,3.5362157269618164,3.536215726961822,1.0,0.09,0.0,1315.75,1368.0,1035.2375000000002,8
20,3.536215726961822,3.5362157269618164,3.536215726961822,1.0,0.09,0.0,1315.75,1368.0,1035.2375000000002,8
21,3.536215726961822,3.5362157269618164,3.536215726961822,1.0,0.135,0.0,1315.75,1368.0,1035.2375000000002,8
22,3.536215726961822,3.5362157269618164,3.536215726961822,1.0,0.135,0.0,1315.75,1368.0,1035.2375000000002,8
23,3.536215726961822,3.5362157269618164,3.536215726961822,1.0,0.135,0.0,1315.75,1368.0,1035.2375000000002,8
24,3.536215726961822,3.5362157269618164,3.536215726961822,1.0,0.135,0.0,1315.75,1368.0,1035.2375000000002,8
25,3.536215726961822,4.710782350559632,44.17037266657967,1.0,0.135,0.11726939203354396,1315.75,1368.0,1035.2375000000002,8
1,2.094085943800306,21.382442479032406,90.28090139633987,1.0,0.06,0.43334206848356716,1315.75,1368.0,1035.2375000000002,8
2,2.094085943800306,9.295584468390071,42.382848240095925,1.0,0.06,0.3331892033542962,1315.75,1368.0,1035.2375000000002,8
3,2.094085943800306,4.7009581679139965,35.8009449175026,1.0,0.06,0.12328354297694111,1315.75,1368.0,1035.2375000000002,8
4,2.094085943800306,3.4679179344286544,21.944377621047074,1.0,0.06,0.10609276729559748,1315.75,1368.0,1035.2375000000002,8
5,2.094085943800306,3.0200150011879776,3.612939272746621,1.0,0.06,0.5551100628930817,1315.75,1368.0,1035.2375000000002,8
6,2.094085943800306,2.641941421499861,3.612939272746621,1.0,0.06,0.6431603773584905,1315.75,1368.0,1035.2375000000002,8
7,2.094085943800306,2.329702767747475,3.612939272746621,1.0,0.06,0.54937106918239,1315.75,1368.0,1035.2375000000002,8
8,2.094085943800306,2.18259597958191,3.612939272746621,1.0,0.06,0.2672169811320755,1315.75,1368.0,1035.2375000000002,8
9,2.094085943800306,2.0944958819374184,2.126880994769675,1.0,0.06,0.024842767295597486,1315.75,1368.0,1035.2375000000002,8
10,2.094085943800306,2.0940859438003017,2.094085943800306,1.0,0.06,0.0,1315.75,1368.0,1035.2375000000002,8
11,2.094085943800306,2.103578777106216,3.612939272746621,1.0,0.09,0.0125,1315.75,1368.0,1035.2375000000002,8
12,2.094085943800306,2.0940859438003017,2.094085943800306,1.0,0.09,0.0,1315.75,1368.0,1035.2375000000002,8
13,2.094085943800306,2.0940859438003017,2.094085943800306,1.0,0.09,0.0,1315.75,1368.0,1035.2375000000002,8
14,2.094085943800306,2.0940859438003017,2.094085943800306,1.0,0.09,0.0,1315.75,1368.0,1035.2375000000002,8
15,2.094085943800306,2.0940859438003017,2.094085943800306,1.0,0.09,0.0,1315.75,1368.0,1035.2375000000002,8
16,2.094085943800306,2.0940859438003017,2.094085943800306,1.0,0.09,0.0,1315.75,1368.0,1035.2375000000002,8
17,2.094085943800306,2.0940859438003017,2.094085943800306,1.0,0.09,0.0,1315.75,1368.0,1035.2375000000002,8
18,2.094085943800306,2.0940859438003017,2.094085943800306,1.0,0.09,0.0,1315.75,1368.0,1035.2375000000002,8
19,2.094085943800306,2.0940859438003017,2.094085943800306,1.0,0.09,0.0,1315.75,1368.0,1035.2375000000002,8
20,2.094085943800306,2.0940859438003017,2.094085943800306,1.0,0.09,0.0,1315.75,1368.0,1035.2375000000002,8
21,2.094085943800306,2.1130716104121308,3.612939272746621,1.0,0.135,0.024842767295597486,1315.75,1368.0,1035.2375000000002,8
22,2.094085943800306,2.0940859438003017,2.094085943800306,1.0,0.135,0.0,1315.75,1368.0,1035.2375000000002,8
23,2.094085943800306,2.0940859438003017,2.094085943800306,1.0,0.135,0.0,1315.75,1368.0,1035.2375000000002,8
24,2.094085943800306,2.0940859438003017,2.094085943800306,1.0,0.135,0.0,1315.75,1368.0,1035.2375000000002,8
25,2.094085943800306,2.0940859438003017,2.094085943800306,1.0,0.135,0.0,1315.75,1368.0,1035.2375000000002,8
1,2.2465361070612824,21.189833079439317,107.4932368270125,1.0,0.06,0.3606918238993782,1315.75,1368.0,1035.2375000000002,8
2,2.2465361070612824,8.88965675315349,54.815851380188526,1.0,0.06,0.27595462713387753,1315.75,1368.0,1035.2375000000002,8
3,2.2465361070612824,3.977077600985857,27.976411744237197,1.0,0.06,0.16523584905660677,1315.75,1368.0,1035.2375000000002,8
4,2.2465361070612824,2.3165624576564943,9.415052471186828,1.0,0.06,0.08345125786163522,1315.75,1368.0,1035.2375000000002,8
5,2.2465361070612824,2.2465361070612784,2.2465361070612824,1.0,0.06,0.1944182389937107,1315.75,1368.0,1035.2375000000002,8
6,2.2465361070612824,2.2465361070612784,2.2465361070612824,1.0,0.06,0.2337264150943396,1315.75,1368.0,1035.2375000000002,8
7,2.2465361070612824,2.2465361070612784,2.2465361070612824,1.0,0.06,0.24316037735849055,1315.75,1368.0,1035.2375000000002,8
8,2.2465361070612824,2.2465361070612784,2.2465361070612824,1.0,0.06,0.21438679245283018,1315.75,1368.0,1035.2375000000002,8
9,2.2465361070612824,2.2465361070612784,2.2465361070612824,1.0,0.06,0.18490566037735848,1315.75,1368.0,1035.2375000000002,8
10,2.2465361070612824,2.2465361070612784,2.2465361070612824,1.0,0.06,0.1934748427672956,1315.75,1368.0,1035.2375000000002,8
11,2.2465361070612824,2.2465361070612784,2.2465361070612824,1.0,0.09,0.1302672955974843,1315.75,1368.0,1035.2375000000002,8
12,2.2465361070612824,2.2465361070612784,2.2465361070612824,1.0,0.09,0.17209119496855346,1315.75,1368.0,1035.2375000000002,8
13,2.2465361070612824,2.2465361070612784,2.2465361070612824,1.0,0.09,0.17209119496855346,1315.75,1368.0,1035.2375000000002,8
14,2.2465361070612824,2.2465361070612784,2.2465361070612824,1.0,0.09,0.16171383647798743,1315.75,1368.0,1035.2375000000002,8
15,2.2465361070612824,2.2465361070612784,2.2465361070612824,1.0,0.09,0.16069182389937106,1315.75,1368.0,1035.2375000000002,8
16,2.2465361070612824,2.2465361070612784,2.2465361070612824,1.0,0.09,0.13962264150943396,1315.75,1368.0,1035.2375000000002,8
17,2.2465361070612824,2.2465361070612784,2.2465361070612824,1.0,0.09,0.1179245283018868,1315.75,1368.0,1035.2375000000002,8
18,2.2465361070612824,2.2465361070612784,2.2465361070612824,1.0,0.09,0.09559748427672957,1315.75,1368.0,1035.2375000000002,8
19,2.2465361070612824,2.2465361070612784,2.2465361070612824,1.0,0.09,0.08419811320754716,1315.75,1368.0,1035.2375000000002,8
20,2.2465361070612824,2.2465361070612784,2.2465361070612824,1.0,0.09,0.08419811320754716,1315.75,1368.0,1035.2375000000002,8
21,2.0149719015072796,2.2392997256377156,2.2465361070612824,1.0,0.135,0.09677672955974843,1315.75,1368.0,1035.2375000000002,8
22,2.0149719015072796,2.224826962790591,2.2465361070612824,1.0,0.0945,0.1934748427672956,1315.75,1368.0,1035.2375000000002,8
23,2.0149719015072796,2.214696028797604,2.2465361070612824,1.0,0.0945,0.24944968553459118,1315.75,1368.0,1035.2375000000002,8
24,2.0149719015072796,2.2016705422351914,2.2465361070612824,1.0,0.0945,0.3143867924528302,1315.75,1368.0,1035.2375000000002,8
25,2.0149719015072796,2.1582522536938162,2.2465361070612824,1.0,0.0945,0.47476415094339625,1315.75,1368.0,1035.2375000000002,8
26,2.0149719015072796,2.1018084785900277,2.2465361070612824,1.0,0.0945,0.4716981132075472,1315.75,1368.0,1035.2375000000002,8
27,2.0149719015072796,2.048259256055666,2.2465361070612824,1.0,0.0945,0.2477201257861635,1315.75,1368.0,1035.2375000000002,8
28,2.0149719015072796,2.0178664540767026,2.2465361070612824,1.0,0.0945,0.024842767295597486,1315.75,1368.0,1035.2375000000002,8
29,2.0149719015072796,2.014971901507278,2.0149719015072796,1.0,0.0945,0.0,1315.75,1368.0,1035.2375000000002,8
30,2.0149719015072796,2.014971901507278,2.0149719015072796,1.0,0.0945,0.0,1315.75,1368.0,1035.2375000000002,8
31,2.0149719015072796,2.014971901507278,2.0149719015072796,1.0,0.0945,0.0,1315.75,1368.0,1035.2375000000002,8
32,2.0149719015072796,2.0164191777919904,2.2465361070612824,1.0,0.14175,0.0125,1315.75,1368.0,1035.2375000000002,8
33,2.0149719015072796,2.014971901507278,2.0149719015072796,1.0,0.14175,0.0,1315.75,1368.0,1035.2375000000002,8
34,2.0149719015072796,2.014971901507278,2.0149719015072796,1.0,0.14175,0.0,1315.75,1368.0,1035.2375000000002,8
35,2.0149719015072796,2.014971901507278,2.0149719015072796,1.0,0.14175,0.0,1315.75,1368.0,1035.2375000000002,8
36,2.0149719015072796,2.014971901507278,2.0149719015072796,1.0,0.14175,0.0,1315.75,1368.0,1035.2375000000002,8
37,2.0149719015072796,2.014971901507278,2.0149719015072796,1.0,0.14175,0.0,1315.75,1368.0,1035.2375000000002,8
38,2.0149719015072796,2.014971901507278,2.0149719015072796,1.0,0.14175,0.0,1315.75,1368.0,1035.2375000000002,8
39,2.0149719015072796,2.014971901507278,2.0149719015072796,1.0,0.14175,0.0,1315.75,1368.0,1035.2375000000002,8
40,2.0149719015072796,2.014971901507278,2.0149719015072796,1.0,0.14175,0.0,1315.75,1368.0,1035.2375000000002,8
41,2.0149719015072796,2.014971901507278,2.0149719015072796,1.0,0.14175,0.0,1315.75,1368.0,1035.2375000000002,8
42,2.0149719015072796,2.1606730273745987,25.095587834724306,1.0,0.15,0.015605345911949686,1315.75,1368.0,1035.2375000000002,8
43,2.0149719015072796,2.014971901507278,2.0149719015072796,1.0,0.15,0.0,1315.75,1368.0,1035.2375000000002,8
44,2.0149719015072796,2.014971901507278,2.0149719015072796,1.0,0.15,0.0,1315.75,1368.0,1035.2375000000002,8
45,2.0149719015072796,2.014971901507278,2.0149719015072796,1.0,0.15,0.0,1315.75,1368.0,1035.2375000000002,8
46,2.0149719015072796,2.014971901507278,2.0149719015072796,1.0,0.15,0.0,1315.75,1368.0,1035.2375000000002,8
1,1.129202380126925,18.68012289282741,69.93070317891042,1.0,0.06,0.4280856918238994,1315.75,1368.0,1035.2375000000002,8
2,1.129202380126925,7.961597235502223,40.58018336045933,1.0,0.06,0.2844863731656217,1315.75,1368.0,1035.2375000000002,8
3,1.129202380126925,3.1739827039847865,24.581844887463106,1.0,0.06,0.14897798742139914,1315.75,1368.0,1035.2375000000002,8
4,1.129202380126925,1.7091674483581065,10.740947513968495,1.0,0.06,0.21945754716981133,1315.75,1368.0,1035.2375000000002,8
5,1.129202380126925,1.4409238878771087,1.6042065824129161,1.0,0.06,0.4540094339622642,1315.75,1368.0,1035.2375000000002,8
6,1.129202380126925,1.3459230474199084,1.6042065824129161,1.0,0.06,0.4992924528301887,1315.75,1368.0,1035.2375000000002,8
7,1.129202380126925,1.1856091291483843,1.6042065824129161,1.0,0.06,0.2106132075471698,1315.75,1368.0,1035.2375000000002,8
8,1.129202380126925,1.1321711563912096,1.6042065824129161,1.0,0.06,0.0125,1315.75,1368.0,1035.2375000000002,8
9,1.129202380126925,1.1292023801269224,1.129202380126925,1.0,0.06,0.0,1315.75,1368.0,1035.2375000000002,8
10,1.129202380126925,1.1292023801269224,1.129202380126925,1.0,0.06,0.0,1315.75,1368.0,1035.2375000000002,8
11,1.129202380126925,1.135139932655497,1.6042065824129161,1.0,0.09,0.024842767295597486,1315.75,1368.0,1035.2375000000002,8
12,1.129202380126925,1.1292023801269224,1.129202380126925,1.0,0.09,0.0,1315.75,1368.0,1035.2375000000002,8
13,1.129202380126925,1.1292023801269224,1.129202380126925,1.0,0.09,0.0,1315.75,1368.0,1035.2375000000002,8
14,1.129202380126925,1.1292023801269224,1.129202380126925,1.0,0.09,0.0,1315.75,1368.0,1035.2375000000002,8
15,1.129202380126925,1.1292023801269224,1.129202380126925,1.0,0.09,0.0,1315.75,1368.0,1035.2375000000002,8
16,1.129202380126925,1.1292023801269224,1.129202380126925,1.0,0.09,0.0,1315.75,1368.0,1035.2375000000002,8
17,1.129202380126925,1.1292023801269224,1.129202380126925,1.0,0.09,0.0,1315.75,1368.0,1035.2375000000002,8
18,1.129202380126925,1.1292023801269224,1.129202380126925,1.0,0.09,0.0,1315.75,1368.0,1035.2375000000002,8
19,1.129202380126925,1.1292023801269224,1.129202380126925,1.0,0.09,0.0,1315.75,1368.0,1035.2375000000002,8
20,1.129202380126925,1.1292023801269224,1.129202380126925,1.0,0.09,0.0,1315.75,1368.0,1035.2375000000002,8
21,1.129202380126925,1.1292023801269224,1.129202380126925,1.0,0.135,0.0,1315.75,1368.0,1035.2375000000002,8
22,1.129202380126925,1.1292023801269224,1.129202380126925,1.0,0.135,0.0,1315.75,1368.0,1035.2375000000002,8
23,1.129202380126925,1.1292023801269224,1.129202380126925,1.0,0.135,0.0,1315.75,1368.0,1035.2375000000002,8
24,1.129202380126925,1.1292023801269224,1.129202380126925,1.0,0.135,0.0,1315.75,1368.0,1035.2375000000002,8
25,1.129202380126925,1.1292023801269224,1.129202380126925,1.0,0.135,0.0,1315.75,1368.0,1035.2375000000002,8
1,1.7102713763811062,21.78551951401745,103.16773460032043,1.0,0.06,0.3826022012578588,1315.75,1368.0,1035.2375000000002,8
2,1.7102713763811062,8.602002937676817,53.39742757622162,1.0,0.06,0.2534703504043124,1315.75,1368.0,1035.2375000000002,8
3,1.7102713763811062,3.0429513569504882,38.52957812617744,1.0,0.06,0.10506289308176177,1315.75,1368.0,1035.2375000000002,8
4,1.7102713763811062,1.7113755922383178,1.8869459135343531,1.0,0.06,0.0125,1315.75,1368.0,1035.2375000000002,8
5,1.7102713763811062,1.71027137638111,1.7102713763811062,1.0,0.06,0.0,1315.75,1368.0,1035.2375000000002,8
6,1.7102713763811062,1.71027137638111,1.7102713763811062,1.0,0.06,0.0,1315.75,1368.0,1035.2375000000002,8
7,1.7102713763811062,1.71027137638111,1.7102713763811062,1.0,0.06,0.0,1315.75,1368.0,1035.2375000000002,8
8,1.7102713763811062,1.71027137638111,1.7102713763811062,1.0,0.06,0.0,1315.75,1368.0,1035.2375000000002,8
9,1.7102713763811062,1.71027137638111,1.7102713763811062,1.0,0.06,0.0,1315.75,1368.0,1035.2375000000002,8
10,1.7102713763811062,1.71027137638111,1.7102713763811062,1.0,0.06,0.0,1315.75,1368.0,1035.2375000000002,8
11,1.7102713763811062,1.71027137638111,1.7102713763811062,1.0,0.09,0.0,1315.75,1368.0,1035.2375000000002,8
12,1.7102713763811062,1.71027137638111,1.7102713763811062,1.0,0.09,0.0,1315.75,1368.0,1035.2375000000002,8
13,1.7102713763811062,1.71027137638111,1.7102713763811062,1.0,0.09,0.0,1315.75,1368.0,1035.2375000000002,8
14,1.7102713763811062,1.71027137638111,1.7102713763811062,1.0,0.09,0.0,1315.75,1368.0,1035.2375000000002,8
15,1.7102713763811062,1.71027137638111,1.7102713763811062,1.0,0.09,0.0,1315.75,1368.0,1035.2375000000002,8
16,1.7102713763811062,1.71027137638111,1.7102713763811062,1.0,0.09,0.0,1315.75,1368.0,1035.2375000000002,8
17,1.7102713763811062,1.71027137638111,1.7102713763811062,1.0,0.09,0.0,1315.75,1368.0,1035.2375000000002,8
18,1.7102713763811062,1.71027137638111,1.7102713763811062,1.0,0.09,0.0,1315.75,1368.0,1035.2375000000002,8
19,1.7102713763811062,1.71027137638111,1.7102713763811062,1.0,0.09,0.0,1315.75,1368.0,1035.2375000000002,8
20,1.7102713763811062,1.71027137638111,1.7102713763811062,1.0,0.09,0.0,1315.75,1368.0,1035.2375000000002,8
21,1.7102713763811062,1.71027137638111,1.7102713763811062,1.0,0.135,0.0,1315.75,1368.0,1035.2375000000002,8
22,1.7102713763811062,1.71027137638111,1.7102713763811062,1.0,0.135,0.0,1315.75,1368.0,1035.2375000000002,8
23,1.7102713763811062,1.71027137638111,1.7102713763811062,1.0,0.135,0.0,1315.75,1368.0,1035.2375000000002,8
24,1.7102713763811062,1.71027137638111,1.7102713763811062,1.0,0.135,0.0,1315.75,1368.0,1035.2375000000002,8
25,1.7102713763811062,3.6101917913572343,45.00770852642056,1.0,0.135,0.11094339622641199,1315.75,1368.0,1035.2375000000002,8
1,1.3455123365355863,19.738321022436644,102.9925003376748,1.0,0.06,0.29433962264151087,1315.75,1368.0,1035.2375000000002,8
2,1.3455123365355863,7.782463833726136,52.78765747612353,1.0,0.06,0.3076781970649872,1315.75,1368.0,1035.2375000000002,8
3,1.3455123365355863,3.031812747732718,28.714558423022254,1.0,0.06,0.1773270440251575,1315.75,1368.0,1035.2375000000002,8
4,1.3455123365355863,1.4303947411061197,6.638720585243249,1.0,0.06,0.08482704402515723,1315.75,1368.0,1035.2375000000002,8
5,1.3455123365355863,1.3583377992409225,3.3975863693888453,1.0,0.06,0.054323899371069184,1315.75,1368.0,1035.2375000000002,8
6,1.3455123365355863,1.3455123365355897,1.3455123365355863,1.0,0.06,0.09559748427672957,1315.75,1368.0,1035.2375000000002,8
7,1.3455123365355863,1.3455123365355897,1.3455123365355863,1.0,0.06,0.10683962264150944,1315.75,1368.0,1035.2375000000002,8
8,1.3455123365355863,1.3455123365355897,1.3455123365355863,1.0,0.06,0.09559748427672957,1315.75,1368.0,1035.2375000000002,8
9,1.3455123365355863,1.3455123365355897,1.3455123365355863,1.0,0.06,0.08419811320754716,1315.75,1368.0,1035.2375000000002,8
10,1.3455123365355863,1.3455123365355897,1.3455123365355863,1.0,0.06,0.08419811320754716,1315.75,1368.0,1035.2375000000002,8
11,1.3455123365355863,1.3455123365355897,1.3455123365355863,1.0,0.09,0.04905660377358491,1315.75,1368.0,1035.2375000000002,8
12,1.3455123365355863,1.3455123365355897,1.3455123365355863,1.0,0.09,0.03702830188679245,1315.75,1368.0,1035.2375000000002,8
13,1.3455123365355863,1.3455123365355897,1.3455123365355863,1.0,0.09,0.03702830188679245,1315.75,1368.0,1035.2375000000002,8
14,1.3455123365355863,1.3455123365355897,1.3455123365355863,1.0,0.09,0.03702830188679245,1315.75,1368.0,1035.2375000000002,8
15,1.3455123365355863,1.3455123365355897,1.3455123365355863,1.0,0.09,0.024842767295597486,1315.75,1368.0,1035.2375000000002,8
16,1.3455123365355863,1.3455123365355897,1.3455123365355863,1.0,0.09,0.0,1315.75,1368.0,1035.2375000000002,8
17,1.3455123365355863,1.3455123365355897,1.3455123365355863,1.0,0.09,0.0,1315.75,1368.0,1035.2375000000002,8
18,1.3455123365355863,1.3455123365355897,1.3455123365355863,1.0,0.09,0.0,1315.75,1368.0,1035.2375000000002,8
19,1.3455123365355863,1.3455123365355897,1.3455123365355863,1.0,0.09,0.0,1315.75,1368.0,1035.2375000000002,8
20,1.3455123365355863,1.3455123365355897,1.3455123365355863,1.0,0.09,0.0,1315.75,1368.0,1035.2375000000002,8
21,1.3455123365355863,1.3455123365355897,1.3455123365355863,1.0,0.135,0.0,1315.75,1368.0,1035.2375000000002,8
22,1.3455123365355863,1.3455123365355897,1.3455123365355863,1.0,0.135,0.0,1315.75,1368.0,1035.2375000000002,8
23,1.3455123365355863,1.3455123365355897,1.3455123365355863,1.0,0.135,0.0,1315.75,1368.0,1035.2375000000002,8
24,1.3455123365355863,1.3455123365355897,1.3455123365355863,1.0,0.135,0.0,1315.75,1368.0,1035.2375000000002,8
25,1.3455123365355863,1.3455123365355897,1.3455123365355863,1.0,0.135,0.0,1315.75,1368.0,1035.2375000000002,8
1,1.3455123365355863,21.094302473794873,104.22809763377748,1.0,0.06,0.42316561844861333,1315.75,1368.0,1035.2375000000002,8
2,1.3455123365355863,10.292740876546123,47.50703717017403,1.0,0.06,0.3103436657681891,1315.75,1368.0,1035.2375000000002,8
3,1.3455123365355863,3.8941843454238985,29.979973302745258,1.0,0.06,0.15476415094339466,1315.75,1368.0,1035.2375000000002,8
4,1.3455123365355863,1.4973516039193926,20.778438922741675,1.0,0.06,0.024921383647798744,1315.75,1368.0,1035.2375000000002,8
5,1.3455123365355863,1.3455123365355897,1.3455123365355863,1.0,0.06,0.0,1315.75,1368.0,1035.2375000000002,8
6,1.3455123365355863,1.3455123365355897,1.3455123365355863,1.0,0.06,0.0,1315.75,1368.0,1035.2375000000002,8
7,1.3455123365355863,1.3455123365355897,1.3455123365355863,1.0,0.06,0.0,1315.75,1368.0,1035.2375000000002,8
8,1.3455123365355863,1.3455123365355897,1.3455123365355863,1.0,0.06,0.0,1315.75,1368.0,1035.2375000000002,8
9,1.3455123365355863,1.3455123365355897,1.3455123365355863,1.0,0.06,0.0,1315.75,1368.0,1035.2375000000002,8
10,1.3455123365355863,1.3455123365355897,1.3455123365355863,1.0,0.06,0.0,1315.75,1368.0,1035.2375000000002,8
11,1.3455123365355863,1.4821513582007027,23.207755802953663,1.0,0.09,0.0125,1315.75,1368.0,1035.2375000000002,8
12,1.3455123365355863,1.3455123365355897,1.3455123365355863,1.0,0.09,0.0,1315.75,1368.0,1035.2375000000002,8
13,1.3455123365355863,1.3455123365355897,1.3455123365355863,1.0,0.09,0.0,1315.75,1368.0,1035.2375000000002,8
14,1.3455123365355863,1.3455123365355897,1.3455123365355863,1.0,0.09,0.0,1315.75,1368.0,1035.2375000000002,8
15,1.3455123365355863,1.3455123365355897,1.3455123365355863,1.0,0.09,0.0,1315.75,1368.0,1035.2375000000002,8
16,1.3455123365355863,1.3455123365355897,1.3455123365355863,1.0,0.09,0.0,1315.75,1368.0,1035.2375000000002,8
17,1.3455123365355863,1.3455123365355897,1.3455123365355863,1.0,0.09,0.0,1315.75,1368.0,1035.2375000000002,8
18,1.3455123365355863,1.3455123365355897,1.3455123365355863,1.0,0.09,0.0,1315.75,1368.0,1035.2375000000002,8
19,1.3455123365355863,1.3455123365355897,1.3455123365355863,1.0,0.09,0.0,1315.75,1368.0,1035.2375000000002,8
20,1.3455123365355863,1.3455123365355897,1.3455123365355863,1.0,0.09,0.0,1315.75,1368.0,1035.2375000000002,8
21,1.3455123365355863,1.7803289506402318,52.003262487553364,1.0,0.135,0.024921383647798744,1315.75,1368.0,1035.2375000000002,8
22,1.3455123365355863,1.3455123365355897,1.3455123365355863,1.0,0.135,0.0,1315.75,1368.0,1035.2375000000002,8
23,1.3455123365355863,1.3455123365355897,1.3455123365355863,1.0,0.135,0.0,1315.75,1368.0,1035.2375000000002,8
24,1.3455123365355863,1.3455123365355897,1.3455123365355863,1.0,0.135,0.0,1315.75,1368.0,1035.2375000000002,8
25,1.3455123365355863,1.3455123365355897,1.3455123365355863,1.0,0.135,0.0,1315.75,1368.0,1035.2375000000002,8
1,1.3857792316023456,21.40121059582374,81.33930871577087,1.0,0.06,0.4188242487770651,1315.75,1368.0,1035.2375000000002,8
2,1.3857792316023456,9.242085930488805,63.11042665992177,1.0,0.06,0.24379913522012578,1315.75,1368.0,1035.2375000000002,8
3,1.3857792316023456,3.175314382548314,37.28088978364177,1.0,0.06,0.15318396226415093,1315.75,1368.0,1035.2375000000002,8
4,1.3857792316023456,1.6751049915554819,16.142573908063625,1.0,0.06,0.060718029350105195,1315.75,1368.0,1035.2375000000002,8
5,1.3857792316023456,1.3857792316023487,1.3857792316023456,1.0,0.06,0.07264150943396226,1315.75,1368.0,1035.2375000000002,8
6,1.3857792316023456,1.3857792316023487,1.3857792316023456,1.0,0.06,0.06092767295597484,1315.75,1368.0,1035.2375000000002,8
7,1.3857792316023456,1.3857792316023487,1.3857792316023456,1.0,0.06,0.03702830188679245,1315.75,1368.0,1035.2375000000002,8
8,1.3857792316023456,1.3857792316023487,1.3857792316023456,1.0,0.06,0.03702830188679245,1315.75,1368.0,1035.2375000000002,8
9,1.3857792316023456,1.3857792316023487,1.3857792316023456,1.0,0.06,0.03702830188679245,1315.75,1368.0,1035.2375000000002,8
10,1.3857792316023456,1.3857792316023487,1.3857792316023456,1.0,0.06,0.04905660377358491,1315.75,1368.0,1035.2375000000002,8
11,1.3857792316023456,1.3857792316023487,1.3857792316023456,1.0,0.09,0.04905660377358491,1315.75,1368.0,1035.2375000000002,8
12,1.3857792316023456,1.3857792316023487,1.3857792316023456,1.0,0.09,0.03702830188679245,1315.75,1368.0,1035.2375000000002,8
13,1.3857792316023456,1.3857792316023487,1.3857792316023456,1.0,0.09,0.04905660377358491,1315.75,1368.0,1035.2375000000002,8
14,1.3857792316023456,1.3857792316023487,1.3857792316023456,1.0,0.09,0.024842767295597486,1315.75,1368.0,1035.2375000000002,8
15,1.3857792316023456,1.3857792316023487,1.3857792316023456,1.0,0.09,0.06092767295597484,1315.75,1368.0,1035.2375000000002,8
16,1.3857792316023456,1.3857792316023487,1.3857792316023456,1.0,0.09,0.08419811320754716,1315.75,1368.0,1035.2375000000002,8
17,1.3857792316023456,1.3857792316023487,1.3857792316023456,1.0,0.09,0.07264150943396226,1315.75,1368.0,1035.2375000000002,8
18,1.3857792316023456,1.3857792316023487,1.3857792316023456,1.0,0.09,0.09559748427672957,1315.75,1368.0,1035.2375000000002,8
19,1.3857792316023456,1.3857792316023487,1.3857792316023456,1.0,0.09,0.10683962264150944,1315.75,1368.0,1035.2375000000002,8
20,1.3857792316023456,1.3857792316023487,1.3857792316023456,1.0,0.09,0.15023584905660378,1315.75,1368.0,1035.2375000000002,8
21,1.3857792316023456,1.3857792316023487,1.3857792316023456,1.0,0.135,0.08419811320754716,1315.75,1368.0,1035.2375000000002,8
22,1.3857792316023456,1.3857792316023487,1.3857792316023456,1.0,0.135,0.13962264150943396,1315.75,1368.0,1035.2375000000002,8
23,1.3857792316023456,1.3857792316023487,1.3857792316023456,1.0,0.135,0.15023584905660378,1315.75,1368.0,1035.2375000000002,8
24,1.3857792316023456,1.3857792316023487,1.3857792316023456,1.0,0.135,0.10683962264150944,1315.75,1368.0,1035.2375000000002,8
25,1.3857792316023456,2.9983305543871515,46.08583318937025,1.0,0.135,0.09847484276729845,1315.75,1368.0,1035.2375000000002,8
1,1.2041484003014757,21.45658483300845,103.95103397593563,1.0,0.06,0.4091020265548531,1315.75,1368.0,1035.2375000000002,8
2,1.2041484003014757,8.297867712715199,59.22805389580326,1.0,0.06,0.2665206648697142,1315.75,1368.0,1035.2375000000002,8
3,1.2041484003014757,3.068603144488021,30.881442730940172,1.0,0.06,0.2075864779874214,1315.75,1368.0,1035.2375000000002,8
4,1.2041484003014757,1.496867023589994,9.778344220401433,1.0,0.06,0.13117138364779873,1315.75,1368.0,1035.2375000000002,8
5,1.2041484003014757,1.3368290270080183,1.4763137884174622,1.0,0.06,0.5147798742138365,1315.75,1368.0,1035.2375000000002,8
6,1.2041484003014757,1.265385612627573,1.4763137884174622,1.0,0.06,0.3536949685534591,1315.75,1368.0,1035.2375000000002,8
7,1.2041484003014757,1.2160556360315513,1.4763137884174622,1.0,0.06,0.08466981132075471,1315.75,1368.0,1035.2375000000002,8
8,1.2041484003014757,1.204148400301477,1.2041484003014757,1.0,0.06,0.0,1315.75,1368.0,1035.2375000000002,8
9,1.2041484003014757,1.204148400301477,1.2041484003014757,1.0,0.06,0.0,1315.75,1368.0,1035.2375000000002,8
10,1.2041484003014757,1.204148400301477,1.2041484003014757,1.0,0.06,0.0,1315.75,1368.0,1035.2375000000002,8
11,1.2041484003014757,1.3826216674476144,29.759871143683416,1.0,0.09,0.0125,1315.75,1368.0,1035.2375000000002,8
12,1.2041484003014757,1.204148400301477,1.2041484003014757,1.0,0.09,0.0,1315.75,1368.0,1035.2375000000002,8
13,1.2041484003014757,1.204148400301477,1.2041484003014757,1.0,0.09,0.0,1315.75,1368.0,1035.2375000000002,8
14,1.2041484003014757,1.204148400301477,1.2041484003014757,1.0,0.09,0.0,1315.75,1368.0,1035.2375000000002,8
15,1.2041484003014757,1.204148400301477,1.2041484003014757,1.0,0.09,0.0,1315.75,1368.0,1035.2375000000002,8
16,1.2041484003014757,1.204148400301477,1.2041484003014757,1.0,0.09,0.0,1315.75,1368.0,1035.2375000000002,8
17,1.2041484003014757,1.204148400301477,1.2041484003014757,1.0,0.09,0.0,1315.75,1368.0,1035.2375000000002,8
18,1.2041484003014757,1.204148400301477,1.2041484003014757,1.0,0.09,0.0,1315.75,1368.0,1035.2375000000002,8
19,1.2041484003014757,1.204148400301477,1.2041484003014757,1.0,0.09,0.0,1315.75,1368.0,1035.2375000000002,8
20,1.2041484003014757,1.204148400301477,1.2041484003014757,1.0,0.09,0.0,1315.75,1368.0,1035.2375000000002,8
21,1.2041484003014757,1.204148400301477,1.2041484003014757,1.0,0.135,0.0,1315.75,1368.0,1035.2375000000002,8
22,1.2041484003014757,1.204148400301477,1.2041484003014757,1.0,0.135,0.0,1315.75,1368.0,1035.2375000000002,8
23,1.2041484003014757,1.204148400301477,1.2041484003014757,1.0,0.135,0.0,1315.75,1368.0,1035.2375000000002,8
24,1.2041484003014757,1.204148400301477,1.2041484003014757,1.0,0.135,0.0,1315.75,1368.0,1035.2375000000002,8
25,1.2041484003014757,1.204148400301477,1.2041484003014757,1.0,0.135,0.0,1315.75,1368.0,1035.2375000000002,8
1,1.7095910867399557,20.83786153173892,63.86656655817488,1.0,0.06,0.3124571183533639,1315.75,1368.0,1035.2375000000002,8
2,1.7095910867399557,10.225158250958446,50.298958009807784,1.0,0.06,0.27832809224318267,1315.75,1368.0,1035.2375000000002,8
3,1.7095910867399557,5.45270237878129,32.16677572496209,1.0,0.06,0.1625157232704476,1315.75,1368.0,1035.2375000000002,8
4,1.7095910867399557,3.8322133579226785,27.99787012596722,1.0,0.06,0.1495872641509434,1315.75,1368.0,1035.2375000000002,8
5,1.7095910867399557,2.978910511926972,4.057821925603252,1.0,0.06,0.3542845911949686,1315.75,1368.0,1035.2375000000002,8
6,1.7095910867399557,2.489809206996751,4.057821925603252,1.0,0.06,0.32767295597484275,1315.75,1368.0,1035.2375000000002,8
7,1.7095910867399557,1.9139440456294303,4.057821925603252,1.0,0.06,0.12806603773584907,1315.75,1368.0,1035.2375000000002,8
8,1.7095910867399557,1.7335659583081262,3.251797218607866,1.0,0.06,0.03089622641509434,1315.75,1368.0,1035.2375000000002,8
9,1.7095910867399557,1.7095910867399549,1.7095910867399557,1.0,0.06,0.0,1315.75,1368.0,1035.2375000000002,8
10,1.7095910867399557,1.7095910867399549,1.7095910867399557,1.0,0.06,0.0,1315.75,1368.0,1035.2375000000002,8
11,1.7095910867399557,1.724267529482851,4.057821925603252,1.0,0.09,0.0125,1315.75,1368.0,1035.2375000000002,8
12,1.7095910867399557,1.7095910867399549,1.7095910867399557,1.0,0.09,0.0,1315.75,1368.0,1035.2375000000002,8
13,1.7095910867399557,1.7095910867399549,1.7095910867399557,1.0,0.09,0.0,1315.75,1368.0,1035.2375000000002,8
14,1.7095910867399557,1.7095910867399549,1.7095910867399557,1.0,0.09,0.0,1315.75,1368.0,1035.2375000000002,8
15,1.7095910867399557,1.7095910867399549,1.7095910867399557,1.0,0.09,0.0,1315.75,1368.0,1035.2375000000002,8
16,1.7095910867399557,1.7095910867399549,1.7095910867399557,1.0,0.09,0.0,1315.75,1368.0,1035.2375000000002,8
17,1.7095910867399557,1.7095910867399549,1.7095910867399557,1.0,0.09,0.0,1315.75,1368.0,1035.2375000000002,8
18,1.7095910867399557,1.7095910867399549,1.7095910867399557,1.0,0.09,0.0,1315.75,1368.0,1035.2375000000002,8
19,1.7095910867399557,1.7095910867399549,1.7095910867399557,1.0,0.09,0.0,1315.75,1368.0,1035.2375000000002,8
20,1.7095910867399557,1.7095910867399549,1.7095910867399557,1.0,0.09,0.0,1315.75,1368.0,1035.2375000000002,8
21,1.7095910867399557,2.0029906615587434,25.181557072242896,1.0,0.135,0.024842767295597486,1315.75,1368.0,1035.2375000000002,8
22,1.7095910867399557,1.7095910867399549,1.7095910867399557,1.0,0.135,0.0,1315.75,1368.0,1035.2375000000002,8
23,1.7095910867399557,1.7095910867399549,1.7095910867399557,1.0,0.135,0.0,1315.75,1368.0,1035.2375000000002,8
24,1.7095910867399557,1.7095910867399549,1.7095910867399557,1.0,0.135,0.0,1315.75,1368.0,1035.2375000000002,8
25,1.7095910867399557,1.7095910867399549,1.7095910867399557,1.0,0.135,0.0,1315.75,1368.0,1035.2375000000002,8
1,2.6534502159455666,22.374339917352245,79.4453838774198,1.0,0.06,0.43100978336825396,1315.75,1368.0,1035.2375000000002,8
2,2.6534502159455666,10.821978886082118,51.78735844695551,1.0,0.06,0.4307389937107205,1315.75,1368.0,1035.2375000000002,8
3,2.6534502159455666,4.569488071054687,32.7723061060148,1.0,0.06,0.17101022012578615,1315.75,1368.0,1035.2375000000002,8
4,2.6534502159455666,2.96709369099728,20.297053868839793,1.0,0.06,0.06496331236897268,1315.75,1368.0,1035.2375000000002,8
5,2.6534502159455666,2.6534502159455586,2.6534502159455666,1.0,0.06,0.03702830188679245,1315.75,1368.0,1035.2375000000002,8
6,2.6534502159455666,2.6534502159455586,2.6534502159455666,1.0,0.06,0.07264150943396226,1315.75,1368.0,1035.2375000000002,8
7,2.6534502159455666,2.6534502159455586,2.6534502159455666,1.0,0.06,0.07264150943396226,1315.75,1368.0,1035.2375000000002,8
8,2.6534502159455666,2.6534502159455586,2.6534502159455666,1.0,0.06,0.09559748427672957,1315.75,1368.0,1035.2375000000002,8
9,2.6534502159455666,2.6534502159455586,2.6534502159455666,1.0,0.06,0.07264150943396226,1315.75,1368.0,1035.2375000000002,8
10,2.6534502159455666,2.6534502159455586,2.6534502159455666,1.0,0.06,0.03702830188679245,1315.75,1368.0,1035.2375000000002,8
11,2.6534502159455666,2.6534502159455586,2.6534502159455666,1.0,0.09,0.0125,1315.75,1368.0,1035.2375000000002,8
12,2.6534502159455666,2.6534502159455586,2.6534502159455666,1.0,0.09,0.024842767295597486,1315.75,1368.0,1035.2375000000002,8
13,2.6534502159455666,2.6534502159455586,2.6534502159455666,1.0,0.09,0.03702830188679245,1315.75,1368.0,1035.2375000000002,8
14,2.6534502159455666,2.6534502159455586,2.6534502159455666,1.0,0.09,0.07264150943396226,1315.75,1368.0,1035.2375000000002,8
15,2.6534502159455666,2.6534502159455586,2.6534502159455666,1.0,0.09,0.03702830188679245,1315.75,1368.0,1035.2375000000002,8
16,2.6534502159455666,2.6534502159455586,2.6534502159455666,1.0,0.09,0.0125,1315.75,1368.0,1035.2375000000002,8
17,2.6534502159455666,2.6534502159455586,2.6534502159455666,1.0,0.09,0.0,1315.75,1368.0,1035.2375000000002,8
18,2.6534502159455666,2.6534502159455586,2.6534502159455666,1.0,0.09,0.0,1315.75,1368.0,1035.2375000000002,8
19,2.6534502159455666,2.6534502159455586,2.6534502159455666,1.0,0.09,0.0,1315.75,1368.0,1035.2375000000002,8
20,2.6534502159455666,2.6534502159455586,2.6534502159455666,1.0,0.09,0.0,1315.75,1368.0,1035.2375000000002,8
21,2.6534502159455666,2.8956195150503095,41.40053807270575,1.0,0.135,0.0125,1315.75,1368.0,1035.2375000000002,8
22,2.6534502159455666,2.6534502159455586,2.6534502159455666,1.0,0.135,0.0,1315.75,1368.0,1035.2375000000002,8
23,2.6534502159455666,2.6534502159455586,2.6534502159455666,1.0,0.135,0.0,1315.75,1368.0,1035.2375000000002,8
24,2.6534502159455666,2.6534502159455586,2.6534502159455666,1.0,0.135,0.0,1315.75,1368.0,1035.2375000000002,8
25,2.6534502159455666,2.6534502159455586,2.6534502159455666,1.0,0.135,0.0,1315.75,1368.0,1035.2375000000002,8
1,0.8832253849650318,21.966697566864084,129.45759488022253,1.0,0.06,0.31638848572810163,1315.75,1368.0,1035.2375000000002,8
2,0.8832253849650318,9.35389146988946,46.34056977136221,1.0,0.06,0.4179559748427702,1315.75,1368.0,1035.2375000000002,8
3,0.8832253849650318,3.6584065277671023,38.05547296025839,1.0,0.06,0.21456367924528302,1315.75,1368.0,1035.2375000000002,8
4,0.8832253849650318,1.0987480994602394,19.20939192483889,1.0,0.06,0.02179638364779874,1315.75,1368.0,1035.2375000000002,8
5,0.8832253849650318,0.8832253849650316,0.8832253849650318,1.0,0.06,0.0,1315.75,1368.0,1035.2375000000002,8
6,0.8832253849650318,0.8832253849650316,0.8832253849650318,1.0,0.06,0.0,1315.75,1368.0,1035.2375000000002,8
7,0.8832253849650318,0.8832253849650316,0.8832253849650318,1.0,0.06,0.0,1315.75,1368.0,1035.2375000000002,8
8,0.8832253849650318,0.8832253849650316,0.8832253849650318,1.0,0.06,0.0,1315.75,1368.0,1035.2375000000002,8
9,0.8832253849650318,0.8832253849650316,0.8832253849650318,1.0,0.06,0.0,1315.75,1368.0,1035.2375000000002,8
10,0.8832253849650318,0.8832253849650316,0.8832253849650318,1.0,0.06,0.0,1315.75,1368.0,1035.2375000000002,8
11,0.8832253849650318,0.8832253849650316,0.8832253849650318,1.0,0.09,0.0,1315.75,1368.0,1035.2375000000002,8
12,0.8832253849650318,0.8832253849650316,0.8832253849650318,1.0,0.09,0.0,1315.75,1368.0,1035.2375000000002,8
13,0.8832253849650318,0.8832253849650316,0.8832253849650318,1.0,0.09,0.0,1315.75,1368.0,1035.2375000000002,8
14,0.8832253849650318,0.8832253849650316,0.8832253849650318,1.0,0.09,0.0,1315.75,1368.0,1035.2375000000002,8
15,0.8832253849650318,0.8832253849650316,0.8832253849650318,1.0,0.09,0.0,1315.75,1368.0,1035.2375000000002,8
16,0.8832253849650318,0.8832253849650316,0.8832253849650318,1.0,0.09,0.0,1315.75,1368.0,1035.2375000000002,8
17,0.8832253849650318,0.8832253849650316,0.8832253849650318,1.0,0.09,0.0,1315.75,1368.0,1035.2375000000002,8
18,0.8832253849650318,0.8832253849650316,0.8832253849650318,1.0,0.09,0.0,1315.75,1368.0,1035.2375000000002,8
19,0.8832253849650318,0.8832253849650316,0.8832253849650318,1.0,0.09,0.0,1315.75,1368.0,1035.2375000000002,8
20,0.8832253849650318,0.8832253849650316,0.8832253849650318,1.0,0.09,0.0,1315.75,1368.0,1035.2375000000002,8
21,0.8832253849650318,0.8832253849650316,0.8832253849650318,1.0,0.135,0.0,1315.75,1368.0,1035.2375000000002,8
22,0.8832253849650318,0.8832253849650316,0.8832253849650318,1.0,0.135,0.0,1315.75,1368.0,1035.2375000000002,8
23,0.8832253849650318,0.8832253849650316,0.8832253849650318,1.0,0.135,0.0,1315.75,1368.0,1035.2375000000002,8
24,0.8832253849650318,0.8832253849650316,0.8832253849650318,1.0,0.135,0.0,1315.75,1368.0,1035.2375000000002,8
25,0.8832253849650318,3.769153542115295,41.60790030142535,1.0,0.135,0.1361792452830154,1315.75,1368.0,1035.2375000000002,8
1,1.0598999221182788,23.443197653691104,147.81483199596352,1.0,0.06,0.37545740423097995,1315.75,1368.0,1035.2375000000002,8
2,1.0598999221182788,7.3685634302298,49.039486242265845,1.0,0.06,0.3391194968553499,1315.75,1368.0,1035.2375000000002,8
3,1.0598999221182788,2.2667604029076838,27.25443829729844,1.0,0.06,0.10495283018867925,1315.75,1368.0,1035.2375000000002,8
4,1.0598999221182788,1.3951765911255722,12.6719365312425,1.0,0.06,0.04929245283018872,1315.75,1368.0,1035.2375000000002,8
5,1.0598999221182788,1.0598999221182805,1.0598999221182788,1.0,0.06,0.0,1315.75,1368.0,1035.2375000000002,8
6,1.0598999221182788,1.0598999221182805,1.0598999221182788,1.0,0.06,0.0,1315.75,1368.0,1035.2375000000002,8
7,1.0598999221182788,1.0598999221182805,1.0598999221182788,1.0,0.06,0.0,1315.75,1368.0,1035.2375000000002,8
8,1.0598999221182788,1.0598999221182805,1.0598999221182788,1.0,0.06,0.0,1315.75,1368.0,1035.2375000000002,8
9,1.0598999221182788,1.0598999221182805,1.0598999221182788,1.0,0.06,0.0,1315.75,1368.0,1035.2375000000002,8
10,1.0598999221182788,1.0598999221182805,1.0598999221182788,1.0,0.06,0.0,1315.75,1368.0,1035.2375000000002,8
11,1.0598999221182788,1.0598999221182805,1.0598999221182788,1.0,0.09,0.0,1315.75,1368.0,1035.2375000000002,8
12,1.0598999221182788,1.0598999221182805,1.0598999221182788,1.0,0.09,0.0,1315.75,1368.0,1035.2375000000002,8
13,1.0598999221182788,1.0598999221182805,1.0598999221182788,1.0,0.09,0.0,1315.75,1368.0,1035.2375000000002,8
14,1.0598999221182788,1.0598999221182805,1.0598999221182788,1.0,0.09,0.0,1315.75,1368.0,1035.2375000000002,8
15,1.0598999221182788,1.0598999221182805,1.0598999221182788,1.0,0.09,0.0,1315.75,1368.0,1035.2375000000002,8
16,1.0598999221182788,1.0598999221182805,1.0598999221182788,1.0,0.09,0.0,1315.75,1368.0,1035.2375000000002,8
17,1.0598999221182788,1.0598999221182805,1.0598999221182788,1.0,0.09,0.0,1315.75,1368.0,1035.2375000000002,8
18,1.0598999221182788,1.0598999221182805,1.0598999221182788,1.0,0.09,0.0,1315.75,1368.0,1035.2375000000002,8
19,1.0598999221182788,1.0598999221182805,1.0598999221182788,1.0,0.09,0.0,1315.75,1368.0,1035.2375000000002,8
20,1.0598999221182788,1.0598999221182805,1.0598999221182788,1.0,0.09,0.0,1315.75,1368.0,1035.2375000000002,8
21,1.0598999221182788,1.223022884243215,17.896171688025383,1.0,0.135,0.03309748427672921,1315.75,1368.0,1035.2375000000002,8
22,1.0598999221182788,1.0598999221182805,1.0598999221182788,1.0,0.135,0.024842767295597486,1315.75,1368.0,1035.2375000000002,8
23,1.0598999221182788,1.0598999221182805,1.0598999221182788,1.0,0.135,0.0125,1315.75,1368.0,1035.2375000000002,8
24,1.0598999221182788,1.0598999221182805,1.0598999221182788,1.0,0.135,0.0125,1315.75,1368.0,1035.2375000000002,8
25,1.0598999221182788,1.0598999221182805,1.0598999221182788,1.0,0.135,0.0,1315.75,1368.0,1035.2375000000002,8
1,2.321622037666095,21.21690337348137,65.322115170259,1.0,0.06,0.5288971248876674,1315.75,1368.0,1035.2375000000002,8
2,2.321622037666095,11.521726380618293,63.62946079678935,1.0,0.06,0.3373652291105196,1315.75,1368.0,1035.2375000000002,8
3,2.321622037666095,5.335120252914412,29.80832659218119,1.0,0.06,0.21163522012578312,1315.75,1368.0,1035.2375000000002,8
4,2.321622037666095,2.761285965973343,23.838860968818,1.0,0.06,0.04325864779874214,1315.75,1368.0,1035.2375000000002,8
5,2.321622037666095,2.32162203766609,2.321622037666095,1.0,0.06,0.0,1315.75,1368.0,1035.2375000000002,8
6,2.321622037666095,2.32162203766609,2.321622037666095,1.0,0.06,0.0,1315.75,1368.0,1035.2375000000002,8
7,2.321622037666095,2.32162203766609,2.321622037666095,1.0,0.06,0.0,1315.75,1368.0,1035.2375000000002,8
8,2.321622037666095,2.32162203766609,2.321622037666095,1.0,0.06,0.0,1315.75,1368.0,1035.2375000000002,8
9,2.321622037666095,2.32162203766609,2.321622037666095,1.0,0.06,0.0,1315.75,1368.0,1035.2375000000002,8
10,2.321622037666095,2.32162203766609,2.321622037666095,1.0,0.06,0.0,1315.75,1368.0,1035.2375000000002,8
11,2.321622037666095,2.3227262535232978,2.4982965748193418,1.0,0.09,0.0125,1315.75,1368.0,1035.2375000000002,8
12,2.321622037666095,2.32162203766609,2.321622037666095,1.0,0.09,0.0,1315.75,1368.0,1035.2375000000002,8
13,2.321622037666095,2.32162203766609,2.321622037666095,1.0,0.09,0.0,1315.75,1368.0,1035.2375000000002,8
14,2.321622037666095,2.32162203766609,2.321622037666095,1.0,0.09,0.0,1315.75,1368.0,1035.2375000000002,8
15,2.321622037666095,2.32162203766609,2.321622037666095,1.0,0.09,0.0,1315.75,1368.0,1035.2375000000002,8
16,2.321622037666095,2.32162203766609,2.321622037666095,1.0,0.09,0.0,1315.75,1368.0,1035.2375000000002,8
17,2.321622037666095,2.32162203766609,2.321622037666095,1.0,0.09,0.0,1315.75,1368.0,1035.2375000000002,8
18,2.321622037666095,2.32162203766609,2.321622037666095,1.0,0.09,0.0,1315.75,1368.0,1035.2375000000002,8
19,2.321622037666095,2.32162203766609,2.321622037666095,1.0,0.09,0.0,1315.75,1368.0,1035.2375000000002,8
20,2.321622037666095,2.32162203766609,2.321622037666095,1.0,0.09,0.0,1315.75,1368.0,1035.2375000000002,8
21,2.321622037666095,2.32162203766609,2.321622037666095,1.0,0.135,0.0,1315.75,1368.0,1035.2375000000002,8
22,2.321622037666095,2.32162203766609,2.321622037666095,1.0,0.135,0.0,1315.75,1368.0,1035.2375000000002,8
23,2.321622037666095,2.32162203766609,2.321622037666095,1.0,0.135,0.0,1315.75,1368.0,1035.2375000000002,8
24,2.321622037666095,2.32162203766609,2.321622037666095,1.0,0.135,0.0,1315.75,1368.0,1035.2375000000002,8
25,2.321622037666095,2.32162203766609,2.321622037666095,1.0,0.135,0.0,1315.75,1368.0,1035.2375000000002,8
1,2.321622037666095,21.48369949445378,92.23174221198748,1.0,0.06,0.433411949685519,1315.75,1368.0,1035.2375000000002,8
2,2.321622037666095,7.870583563834093,41.40540852841073,1.0,0.06,0.27759433962264757,1315.75,1368.0,1035.2375000000002,8
3,2.321622037666095,3.8364960181402687,34.90272701445658,1.0,0.06,0.10792714884695716,1315.75,1368.0,1035.2375000000002,8
4,2.321622037666095,2.4748912776905607,12.547166470493273,1.0,0.06,0.037264150943396225,1315.75,1368.0,1035.2375000000002,8
5,2.321622037666095,2.32162203766609,2.321622037666095,1.0,0.06,0.0,1315.75,1368.0,1035.2375000000002,8
6,2.321622037666095,2.32162203766609,2.321622037666095,1.0,0.06,0.0,1315.75,1368.0,1035.2375000000002,8
7,2.321622037666095,2.32162203766609,2.321622037666095,1.0,0.06,0.0,1315.75,1368.0,1035.2375000000002,8
8,2.321622037666095,2.32162203766609,2.321622037666095,1.0,0.06,0.0,1315.75,1368.0,1035.2375000000002,8
9,2.321622037666095,2.32162203766609,2.321622037666095,1.0,0.06,0.0,1315.75,1368.0,1035.2375000000002,8
10,2.321622037666095,2.32162203766609,2.321622037666095,1.0,0.06,0.0,1315.75,1368.0,1035.2375000000002,8
11,2.321622037666095,2.32162203766609,2.321622037666095,1.0,0.09,0.0,1315.75,1368.0,1035.2375000000002,8
12,2.321622037666095,2.32162203766609,2.321622037666095,1.0,0.09,0.0,1315.75,1368.0,1035.2375000000002,8
13,2.321622037666095,2.32162203766609,2.321622037666095,1.0,0.09,0.0,1315.75,1368.0,1035.2375000000002,8
14,2.321622037666095,2.32162203766609,2.321622037666095,1.0,0.09,0.0,1315.75,1368.0,1035.2375000000002,8
15,2.321622037666095,2.32162203766609,2.321622037666095,1.0,0.09,0.0,1315.75,1368.0,1035.2375000000002,8
16,2.321622037666095,2.32162203766609,2.321622037666095,1.0,0.09,0.0,1315.75,1368.0,1035.2375000000002,8
17,2.321622037666095,2.32162203766609,2.321622037666095,1.0,0.09,0.0,1315.75,1368.0,1035.2375000000002,8
18,2.321622037666095,2.32162203766609,2.321622037666095,1.0,0.09,0.0,1315.75,1368.0,1035.2375000000002,8
19,2.321622037666095,2.32162203766609,2.321622037666095,1.0,0.09,0.0,1315.75,1368.0,1035.2375000000002,8
20,2.321622037666095,2.32162203766609,2.321622037666095,1.0,0.09,0.0,1315.75,1368.0,1035.2375000000002,8
21,2.321622037666095,2.32162203766609,2.321622037666095,1.0,0.135,0.0,1315.75,1368.0,1035.2375000000002,8
22,2.321622037666095,2.32162203766609,2.321622037666095,1.0,0.135,0.0,1315.75,1368.0,1035.2375000000002,8
23,2.321622037666095,2.32162203766609,2.321622037666095,1.0,0.135,0.0,1315.75,1368.0,1035.2375000000002,8
24,2.321622037666095,2.32162203766609,2.321622037666095,1.0,0.135,0.0,1315.75,1368.0,1035.2375000000002,8
25,2.321622037666095,5.2751575426646,31.314732365257,1.0,0.135,0.15996855345912117,1315.75,1368.0,1035.2375000000002,8
1,3.098215494419763,22.93549324081907,85.84488527751967,1.0,0.06,0.46924135220125784,1315.75,1368.0,1035.2375000000002,8
2,3.098215494419763,9.543737607339427,50.85029104808116,1.0,0.06,0.2850759958071335,1315.75,1368.0,1035.2375000000002,8
3,3.098215494419763,5.167812430538833,29.941295423399065,1.0,0.06,0.12169811320754793,1315.75,1368.0,1035.2375000000002,8
4,3.098215494419763,3.347650310454477,15.442438771965202,1.0,0.06,0.04515199161425571,1315.75,1368.0,1035.2375000000002,8
5,3.098215494419763,3.0982154944197724,3.098215494419763,1.0,0.06,0.0,1315.75,1368.0,1035.2375000000002,8
6,3.098215494419763,3.0982154944197724,3.098215494419763,1.0,0.06,0.0,1315.75,1368.0,1035.2375000000002,8
7,3.098215494419763,3.0982154944197724,3.098215494419763,1.0,0.06,0.0,1315.75,1368.0,1035.2375000000002,8
8,3.098215494419763,3.0982154944197724,3.098215494419763,1.0,0.06,0.0,1315.75,1368.0,1035.2375000000002,8
9,3.098215494419763,3.0982154944197724,3.098215494419763,1.0,0.06,0.0,1315.75,1368.0,1035.2375000000002,8
10,3.098215494419763,3.0982154944197724,3.098215494419763,1.0,0.06,0.0,1315.75,1368.0,1035.2375000000002,8
11,3.098215494419763,3.0982154944197724,3.098215494419763,1.0,0.09,0.0,1315.75,1368.0,1035.2375000000002,8
12,3.098215494419763,3.0982154944197724,3.098215494419763,1.0,0.09,0.0,1315.75,1368.0,1035.2375000000002,8
13,3.098215494419763,3.0982154944197724,3.098215494419763,1.0,0.09,0.0,1315.75,1368.0,1035.2375000000002,8
14,3.098215494419763,3.0982154944197724,3.098215494419763,1.0,0.09,0.0,1315.75,1368.0,1035.2375000000002,8
15,3.098215494419763,3.0982154944197724,3.098215494419763,1.0,0.09,0.0,1315.75,1368.0,1035.2375000000002,8
16,3.098215494419763,3.0982154944197724,3.098215494419763,1.0,0.09,0.0,1315.75,1368.0,1035.2375000000002,8
17,3.098215494419763,3.0982154944197724,3.098215494419763,1.0,0.09,0.0,1315.75,1368.0,1035.2375000000002,8
18,3.098215494419763,3.0982154944197724,3.098215494419763,1.0,0.09,0.0,1315.75,1368.0,1035.2375000000002,8
19,3.098215494419763,3.0982154944197724,3.098215494419763,1.0,0.09,0.0,1315.75,1368.0,1035.2375000000002,8
20,3.098215494419763,3.0982154944197724,3.098215494419763,1.0,0.09,0.0,1315.75,1368.0,1035.2375000000002,8
21,3.098215494419763,3.0982154944197724,3.098215494419763,1.0,0.135,0.0,1315.75,1368.0,1035.2375000000002,8
22,3.098215494419763,3.0982154944197724,3.098215494419763,1.0,0.135,0.0,1315.75,1368.0,1035.2375000000002,8
23,3.098215494419763,3.0982154944197724,3.098215494419763,1.0,0.135,0.0,1315.75,1368.0,1035.2375000000002,8
24,3.098215494419763,3.0982154944197724,3.098215494419763,1.0,0.135,0.0,1315.75,1368.0,1035.2375000000002,8
25,3.098215494419763,6.684111443878228,53.1097562200058,1.0,0.135,0.1509433962264142,1315.75,1368.0,1035.2375000000002,8
1,2.7140684678808524,24.764253872339847,83.07486122789837,1.0,0.06,0.42671383647800687,1315.75,1368.0,1035.2375000000002,8
2,2.7140684678808524,11.471264028643626,54.70361533139617,1.0,0.06,0.3386006289308234,1315.75,1368.0,1035.2375000000002,8
3,2.7140684678808524,4.4619237940636065,29.334044772673998,1.0,0.06,0.23295990566037736,1315.75,1368.0,1035.2375000000002,8
4,2.7140684678808524,2.7942761608462137,11.017881948846572,1.0,0.06,0.08828616352201481,1315.75,1368.0,1035.2375000000002,8
5,2.7140684678808524,2.71406846788085,2.7140684678808524,1.0,0.06,0.26595911949685536,1315.75,1368.0,1035.2375000000002,8
6,2.7140684678808524,2.71406846788085,2.7140684678808524,1.0,0.06,0.19630503144654088,1315.75,1368.0,1035.2375000000002,8
7,2.7140684678808524,2.71406846788085,2.7140684678808524,1.0,0.06,0.15306603773584906,1315.75,1368.0,1035.2375000000002,8
8,2.7140684678808524,2.71406846788085,2.7140684678808524,1.0,0.06,0.09677672955974843,1315.75,1368.0,1035.2375000000002,8
9,2.7140684678808524,2.71406846788085,2.7140684678808524,1.0,0.06,0.11957547169811321,1315.75,1368.0,1035.2375000000002,8
10,2.7140684678808524,2.71406846788085,2.7140684678808524,1.0,0.06,0.10825471698113208,1315.75,1368.0,1035.2375000000002,8
11,2.7140684678808524,2.71406846788085,2.7140684678808524,1.0,0.09,0.1302672955974843,1315.75,1368.0,1035.2375000000002,8
12,2.7140684678808524,2.71406846788085,2.7140684678808524,1.0,0.09,0.10794025157232705,1315.75,1368.0,1035.2375000000002,8
13,2.7140684678808524,2.71406846788085,2.7140684678808524,1.0,0.09,0.11863207547169811,1315.75,1368.0,1035.2375000000002,8
14,2.7140684678808524,2.71406846788085,2.7140684678808524,1.0,0.09,0.1074685534591195,1315.75,1368.0,1035.2375000000002,8
15,2.7140684678808524,2.71406846788085,2.7140684678808524,1.0,0.09,0.061242138364779874,1315.75,1368.0,1035.2375000000002,8
16,2.7140684678808524,2.71406846788085,2.7140684678808524,1.0,0.09,0.024921383647798744,1315.75,1368.0,1035.2375000000002,8
17,2.7140684678808524,2.71406846788085,2.7140684678808524,1.0,0.09,0.024921383647798744,1315.75,1368.0,1035.2375000000002,8
18,2.7140684678808524,2.71406846788085,2.7140684678808524,1.0,0.09,0.03718553459119497,1315.75,1368.0,1035.2375000000002,8
19,2.7140684678808524,2.71406846788085,2.7140684678808524,1.0,0.09,0.0125,1315.75,1368.0,1035.2375000000002,8
20,2.7140684678808524,2.71406846788085,2.7140684678808524,1.0,0.09,0.0,1315.75,1368.0,1035.2375000000002,8
21,2.7140684678808524,2.71406846788085,2.7140684678808524,1.0,0.135,0.0,1315.75,1368.0,1035.2375000000002,8
22,2.7140684678808524,2.71406846788085,2.7140684678808524,1.0,0.135,0.0,1315.75,1368.0,1035.2375000000002,8
23,2.7140684678808524,2.71406846788085,2.7140684678808524,1.0,0.135,0.0,1315.75,1368.0,1035.2375000000002,8
24,2.7140684678808524,2.71406846788085,2.7140684678808524,1.0,0.135,0.0,1315.75,1368.0,1035.2375000000002,8
25,2.7140684678808524,5.900162310413305,49.66030011450155,1.0,0.135,0.13620844564240814,1315.75,1368.0,1035.2375000000002,8
1,2.9940556405550938,23.013492344686227,90.79365117940623,1.0,0.06,0.36154230989137565,1315.75,1368.0,1035.2375000000002,8
2,2.9940556405550938,11.143328864788101,61.82086069173189,1.0,0.06,0.3678852201257778,1315.75,1368.0,1035.2375000000002,8
3,2.9940556405550938,5.423880132998311,32.07371901858953,1.0,0.06,0.12270702306079462,1315.75,1368.0,1035.2375000000002,8
4,2.9940556405550938,3.8801859729229293,22.94104614087434,1.0,0.06,0.04595125786163538,1315.75,1368.0,1035.2375000000002,8
5,2.9940556405550938,3.6760906776929603,3.7466460263623924,1.0,0.06,0.17099056603773585,1315.75,1368.0,1035.2375000000002,8
6,2.9940556405550938,3.5726094996444537,3.7466460263623924,1.0,0.06,0.3577830188679245,1315.75,1368.0,1035.2375000000002,8
7,2.9940556405550938,3.4267951123942866,3.7466460263623924,1.0,0.06,0.4918238993710692,1315.75,1368.0,1035.2375000000002,8
8,2.9940556405550938,3.257462275587642,3.7466460263623924,1.0,0.06,0.4578616352201258,1315.75,1368.0,1035.2375000000002,8
9,2.9940556405550938,3.0599072993132257,3.7466460263623924,1.0,0.06,0.16069182389937106,1315.75,1368.0,1035.2375000000002,8
10,2.9940556405550938,3.003463020377678,3.7466460263623924,1.0,0.06,0.024842767295597486,1315.75,1368.0,1035.2375000000002,8
11,2.9940556405550938,2.994055640555087,2.9940556405550938,1.0,0.09,0.0,1315.75,1368.0,1035.2375000000002,8
12,2.9940556405550938,2.994055640555087,2.9940556405550938,1.0,0.09,0.0,1315.75,1368.0,1035.2375000000002,8
13,2.9940556405550938,2.994055640555087,2.9940556405550938,1.0,0.09,0.0,1315.75,1368.0,1035.2375000000002,8
14,2.9940556405550938,2.994055640555087,2.9940556405550938,1.0,0.09,0.0,1315.75,1368.0,1035.2375000000002,8
15,2.9940556405550938,2.994055640555087,2.9940556405550938,1.0,0.09,0.0,1315.75,1368.0,1035.2375000000002,8
16,2.9940556405550938,2.994055640555087,2.9940556405550938,1.0,0.09,0.0,1315.75,1368.0,1035.2375000000002,8
17,2.9940556405550938,2.994055640555087,2.9940556405550938,1.0,0.09,0.0,1315.75,1368.0,1035.2375000000002,8
18,2.9940556405550938,2.994055640555087,2.9940556405550938,1.0,0.09,0.0,1315.75,1368.0,1035.2375000000002,8
19,2.9940556405550938,2.994055640555087,2.9940556405550938,1.0,0.09,0.0,1315.75,1368.0,1035.2375000000002,8
20,2.9940556405550938,2.994055640555087,2.9940556405550938,1.0,0.09,0.0,1315.75,1368.0,1035.2375000000002,8
21,2.9940556405550938,2.994055640555087,2.9940556405550938,1.0,0.135,0.0,1315.75,1368.0,1035.2375000000002,8
22,2.9940556405550938,2.994055640555087,2.9940556405550938,1.0,0.135,0.0,1315.75,1368.0,1035.2375000000002,8
23,2.9940556405550938,2.994055640555087,2.9940556405550938,1.0,0.135,0.0,1315.75,1368.0,1035.2375000000002,8
24,2.9940556405550938,2.994055640555087,2.9940556405550938,1.0,0.135,0.0,1315.75,1368.0,1035.2375000000002,8
25,2.9940556405550938,2.994055640555087,2.9940556405550938,1.0,0.135,0.0,1315.75,1368.0,1035.2375000000002,8
1,2.6710056998728007,20.999244839372604,78.01689006365336,1.0,0.06,0.42006464011179195,1315.75,1368.0,1035.2375000000002,8
2,2.6710056998728007,9.307590707341193,59.01793920848823,1.0,0.06,0.31040356394129553,1315.75,1368.0,1035.2375000000002,8
3,2.6710056998728007,3.5815304689722467,31.623128257104657,1.0,0.06,0.07016509433962265,1315.75,1368.0,1035.2375000000002,8
4,2.6710056998728007,2.7546343086217986,16.051583099711458,1.0,0.06,0.0125,1315.75,1368.0,1035.2375000000002,8
5,2.6710056998728007,2.671005699872807,2.6710056998728007,1.0,0.06,0.0,1315.75,1368.0,1035.2375000000002,8
6,2.6710056998728007,2.671005699872807,2.6710056998728007,1.0,0.06,0.0,1315.75,1368.0,1035.2375000000002,8
7,2.6710056998728007,2.671005699872807,2.6710056998728007,1.0,0.06,0.0,1315.75,1368.0,1035.2375000000002,8
8,2.6710056998728007,2.671005699872807,2.6710056998728007,1.0,0.06,0.0,1315.75,1368.0,1035.2375000000002,8
9,2.6710056998728007,2.671005699872807,2.6710056998728007,1.0,0.06,0.0,1315.75,1368.0,1035.2375000000002,8
10,2.6710056998728007,2.671005699872807,2.6710056998728007,1.0,0.06,0.0,1315.75,1368.0,1035.2375000000002,8
11,2.6710056998728007,2.671005699872807,2.6710056998728007,1.0,0.09,0.0,1315.75,1368.0,1035.2375000000002,8
12,2.6710056998728007,2.671005699872807,2.6710056998728007,1.0,0.09,0.0,1315.75,1368.0,1035.2375000000002,8
13,2.6710056998728007,2.671005699872807,2.6710056998728007,1.0,0.09,0.0,1315.75,1368.0,1035.2375000000002,8
14,2.6710056998728007,2.671005699872807,2.6710056998728007,1.0,0.09,0.0,1315.75,1368.0,1035.2375000000002,8
15,2.6710056998728007,2.671005699872807,2.6710056998728007,1.0,0.09,0.0,1315.75,1368.0,1035.2375000000002,8
16,2.6710056998728007,2.671005699872807,2.6710056998728007,1.0,0.09,0.0,1315.75,1368.0,1035.2375000000002,8
17,2.6710056998728007,2.671005699872807,2.6710056998728007,1.0,0.09,0.0,1315.75,1368.0,1035.2375000000002,8
18,2.6710056998728007,2.671005699872807,2.6710056998728007,1.0,0.09,0.0,1315.75,1368.0,1035.2375000000002,8
19,2.6710056998728007,2.671005699872807,2.6710056998728007,1.0,0.09,0.0,1315.75,1368.0,1035.2375000000002,8
20,2.6710056998728007,2.671005699872807,2.6710056998728007,1.0,0.09,0.0,1315.75,1368.0,1035.2375000000002,8
21,2.6710056998728007,2.671005699872807,2.6710056998728007,1.0,0.135,0.0,1315.75,1368.0,1035.2375000000002,8
22,2.6710056998728007,2.671005699872807,2.6710056998728007,1.0,0.135,0.0,1315.75,1368.0,1035.2375000000002,8
23,2.6710056998728007,2.671005699872807,2.6710056998728007,1.0,0.135,0.0,1315.75,1368.0,1035.2375000000002,8
24,2.6710056998728007,2.671005699872807,2.6710056998728007,1.0,0.135,0.0,1315.75,1368.0,1035.2375000000002,8
25,2.6710056998728007,5.175751618347104,60.80252009803538,1.0,0.135,0.10740116801437627,1315.75,1368.0,1035.2375000000002,8
1,1.056379515506158,22.210919383031356,89.67621198103791,1.0,0.06,0.3583690680388862,1315.75,1368.0,1035.2375000000002,8
2,1.056379515506158,10.213164510086942,45.839494485443616,1.0,0.06,0.33768343815513047,1315.75,1368.0,1035.2375000000002,8
3,1.056379515506158,3.9295230864465145,31.357039571180824,1.0,0.06,0.20522798742138365,1315.75,1368.0,1035.2375000000002,8
4,1.056379515506158,1.5756244670966155,14.545040420229999,1.0,0.06,0.10330188679245284,1315.75,1368.0,1035.2375000000002,8
5,1.056379515506158,1.0563795155061573,1.056379515506158,1.0,0.06,0.0,1315.75,1368.0,1035.2375000000002,8
6,1.056379515506158,1.0563795155061573,1.056379515506158,1.0,0.06,0.0,1315.75,1368.0,1035.2375000000002,8
7,1.056379515506158,1.0563795155061573,1.056379515506158,1.0,0.06,0.0,1315.75,1368.0,1035.2375000000002,8
8,1.056379515506158,1.0563795155061573,1.056379515506158,1.0,0.06,0.0,1315.75,1368.0,1035.2375000000002,8
9,1.056379515506158,1.0563795155061573,1.056379515506158,1.0,0.06,0.0,1315.75,1368.0,1035.2375000000002,8
10,1.056379515506158,1.0563795155061573,1.056379515506158,1.0,0.06,0.0,1315.75,1368.0,1035.2375000000002,8
11,1.056379515506158,1.0563795155061573,1.056379515506158,1.0,0.09,0.0,1315.75,1368.0,1035.2375000000002,8
12,1.056379515506158,1.0563795155061573,1.056379515506158,1.0,0.09,0.0,1315.75,1368.0,1035.2375000000002,8
13,1.056379515506158,1.0563795155061573,1.056379515506158,1.0,0.09,0.0,1315.75,1368.0,1035.2375000000002,8
14,1.056379515506158,1.0563795155061573,1.056379515506158,1.0,0.09,0.0,1315.75,1368.0,1035.2375000000002,8
15,1.056379515506158,1.0563795155061573,1.056379515506158,1.0,0.09,0.0,1315.75,1368.0,1035.2375000000002,8
16,1.056379515506158,1.0563795155061573,1.056379515506158,1.0,0.09,0.0,1315.75,1368.0,1035.2375000000002,8
17,1.056379515506158,1.0563795155061573,1.056379515506158,1.0,0.09,0.0,1315.75,1368.0,1035.2375000000002,8
18,1.056379515506158,1.0563795155061573,1.056379515506158,1.0,0.09,0.0,1315.75,1368.0,1035.2375000000002,8
19,1.056379515506158,1.0563795155061573,1.056379515506158,1.0,0.09,0.0,1315.75,1368.0,1035.2375000000002,8
20,1.056379515506158,1.0563795155061573,1.056379515506158,1.0,0.09,0.0,1315.75,1368.0,1035.2375000000002,8
21,1.056379515506158,1.0930072669461441,6.916819745903988,1.0,0.135,0.0125,1315.75,1368.0,1035.2375000000002,8
22,1.056379515506158,1.0563795155061573,1.056379515506158,1.0,0.135,0.0,1315.75,1368.0,1035.2375000000002,8
23,1.056379515506158,1.0563795155061573,1.056379515506158,1.0,0.135,0.0,1315.75,1368.0,1035.2375000000002,8
24,1.056379515506158,1.0563795155061573,1.056379515506158,1.0,0.135,0.0,1315.75,1368.0,1035.2375000000002,8
25,1.056379515506158,1.0563795155061573,1.056379515506158,1.0,0.135,0.0,1315.75,1368.0,1035.2375000000002,8
1,3.833886258122327,24.885650064887212,102.21540992243429,1.0,0.06,0.46459643605869444,1315.75,1368.0,1035.2375000000002,8
2,3.833886258122327,12.702154838946507,59.748910684571,1.0,0.06,0.34582210242588196,1315.75,1368.0,1035.2375000000002,8
3,3.833886258122327,6.421214138626802,35.457798659947535,1.0,0.06,0.23417845911949686,1315.75,1368.0,1035.2375000000002,8
4,3.833886258122327,4.282402224001104,24.637228573827002,1.0,0.06,0.0838246855345912,1315.75,1368.0,1035.2375000000002,8
5,3.833886258122327,3.833886258122333,3.833886258122327,1.0,0.06,0.10683962264150944,1315.75,1368.0,1035.2375000000002,8
6,3.833886258122327,3.833886258122333,3.833886258122327,1.0,0.06,0.08419811320754716,1315.75,1368.0,1035.2375000000002,8
7,3.833886258122327,3.833886258122333,3.833886258122327,1.0,0.06,0.024842767295597486,1315.75,1368.0,1035.2375000000002,8
8,3.833886258122327,3.833886258122333,3.833886258122327,1.0,0.06,0.0125,1315.75,1368.0,1035.2375000000002,8
9,3.833886258122327,3.833886258122333,3.833886258122327,1.0,0.06,0.024842767295597486,1315.75,1368.0,1035.2375000000002,8
10,3.833886258122327,3.833886258122333,3.833886258122327,1.0,0.06,0.0125,1315.75,1368.0,1035.2375000000002,8
11,3.833886258122327,3.833886258122333,3.833886258122327,1.0,0.09,0.04905660377358491,1315.75,1368.0,1035.2375000000002,8
12,3.833886258122327,3.833886258122333,3.833886258122327,1.0,0.09,0.04905660377358491,1315.75,1368.0,1035.2375000000002,8
13,3.833886258122327,3.833886258122333,3.833886258122327,1.0,0.09,0.03702830188679245,1315.75,1368.0,1035.2375000000002,8
14,3.833886258122327,3.833886258122333,3.833886258122327,1.0,0.09,0.07264150943396226,1315.75,1368.0,1035.2375000000002,8
15,3.833886258122327,3.833886258122333,3.833886258122327,1.0,0.09,0.07264150943396226,1315.75,1368.0,1035.2375000000002,8
16,3.833886258122327,3.833886258122333,3.833886258122327,1.0,0.09,0.06092767295597484,1315.75,1368.0,1035.2375000000002,8
17,3.833886258122327,3.833886258122333,3.833886258122327,1.0,0.09,0.024842767295597486,1315.75,1368.0,1035.2375000000002,8
18,3.833886258122327,3.833886258122333,3.833886258122327,1.0,0.09,0.0125,1315.75,1368.0,1035.2375000000002,8
19,3.833886258122327,3.833886258122333,3.833886258122327,1.0,0.09,0.0125,1315.75,1368.0,1035.2375000000002,8
20,3.833886258122327,3.833886258122333,3.833886258122327,1.0,0.09,0.0,1315.75,1368.0,1035.2375000000002,8
21,3.833886258122327,3.833886258122333,3.833886258122327,1.0,0.135,0.0,1315.75,1368.0,1035.2375000000002,8
22,3.833886258122327,3.833886258122333,3.833886258122327,1.0,0.135,0.0,1315.75,1368.0,1035.2375000000002,8
23,3.833886258122327,3.833886258122333,3.833886258122327,1.0,0.135,0.0,1315.75,1368.0,1035.2375000000002,8
24,3.833886258122327,3.833886258122333,3.833886258122327,1.0,0.135,0.0,1315.75,1368.0,1035.2375000000002,8
25,3.833886258122327,5.485361966466457,37.447294520366455,1.0,0.135,0.11572327044025077,1315.75,1368.0,1035.2375000000002,8
1,1.2095200576703409,24.187799742210494,114.7871595336516,1.0,0.06,0.4169889937106935,1315.75,1368.0,1035.2375000000002,8
2,1.2095200576703409,11.099587026845835,56.026473332679956,1.0,0.06,0.30309973045822797,1315.75,1368.0,1035.2375000000002,8
3,1.2095200576703409,4.990206624636805,28.172307621331825,1.0,0.06,0.22767295597484277,1315.75,1368.0,1035.2375000000002,8
4,1.2095200576703409,2.921917713562698,19.95406042245542,1.0,0.06,0.10678066037735849,1315.75,1368.0,1035.2375000000002,8
5,1.2095200576703409,2.3666947431972334,2.9940556405550938,1.0,0.06,0.5419025157232704,1315.75,1368.0,1035.2375000000002,8
6,1.2095200576703409,1.9610745154823532,2.9940556405550938,1.0,0.06,0.63812893081761,1315.75,1368.0,1035.2375000000002,8
7,1.2095200576703409,1.4737033691895745,2.9940556405550938,1.0,0.06,0.44748427672955976,1315.75,1368.0,1035.2375000000002,8
8,1.2095200576703409,1.253409864677175,1.7497022977544117,1.0,0.06,0.15023584905660378,1315.75,1368.0,1035.2375000000002,8
9,1.2095200576703409,1.2196484746719203,1.7497022977544117,1.0,0.06,0.03702830188679245,1315.75,1368.0,1035.2375000000002,8
10,1.2095200576703409,1.209520057670344,1.2095200576703409,1.0,0.06,0.0,1315.75,1368.0,1035.2375000000002,8
11,1.2095200576703409,1.2206734050633739,2.9940556405550938,1.0,0.09,0.0125,1315.75,1368.0,1035.2375000000002,8
12,1.2095200576703409,1.209520057670344,1.2095200576703409,1.0,0.09,0.0,1315.75,1368.0,1035.2375000000002,8
13,1.2095200576703409,1.209520057670344,1.2095200576703409,1.0,0.09,0.0,1315.75,1368.0,1035.2375000000002,8
14,1.2095200576703409,1.209520057670344,1.2095200576703409,1.0,0.09,0.0,1315.75,1368.0,1035.2375000000002,8
15,1.2095200576703409,1.209520057670344,1.2095200576703409,1.0,0.09,0.0,1315.75,1368.0,1035.2375000000002,8
16,1.2095200576703409,1.209520057670344,1.2095200576703409,1.0,0.09,0.0,1315.75,1368.0,1035.2375000000002,8
17,1.2095200576703409,1.209520057670344,1.2095200576703409,1.0,0.09,0.0,1315.75,1368.0,1035.2375000000002,8
18,1.2095200576703409,1.209520057670344,1.2095200576703409,1.0,0.09,0.0,1315.75,1368.0,1035.2375000000002,8
19,1.2095200576703409,1.209520057670344,1.2095200576703409,1.0,0.09,0.0,1315.75,1368.0,1035.2375000000002,8
20,1.2095200576703409,1.209520057670344,1.2095200576703409,1.0,0.09,0.0,1315.75,1368.0,1035.2375000000002,8
21,1.2095200576703409,1.429502384036696,36.406692276286535,1.0,0.135,0.0125,1315.75,1368.0,1035.2375000000002,8
22,1.2095200576703409,1.209520057670344,1.2095200576703409,1.0,0.135,0.0,1315.75,1368.0,1035.2375000000002,8
23,1.2095200576703409,1.209520057670344,1.2095200576703409,1.0,0.135,0.0,1315.75,1368.0,1035.2375000000002,8
24,1.2095200576703409,1.209520057670344,1.2095200576703409,1.0,0.135,0.0,1315.75,1368.0,1035.2375000000002,8
25,1.2095200576703409,1.209520057670344,1.2095200576703409,1.0,0.135,0.0,1315.75,1368.0,1035.2375000000002,8
1,2.126880994769675,17.97612856418592,71.7959632666225,1.0,0.06,0.4185436320754717,1315.75,1368.0,1035.2375000000002,8
2,2.126880994769675,6.766246999857527,34.04752621815416,1.0,0.06,0.3707743710691824,1315.75,1368.0,1035.2375000000002,8
3,2.126880994769675,2.9315582248137195,27.95317139276593,1.0,0.06,0.15102201257861808,1315.75,1368.0,1035.2375000000002,8
4,2.126880994769675,2.126880994769676,2.126880994769675,1.0,0.06,0.0,1315.75,1368.0,1035.2375000000002,8
5,2.126880994769675,2.126880994769676,2.126880994769675,1.0,0.06,0.0,1315.75,1368.0,1035.2375000000002,8
6,2.126880994769675,2.126880994769676,2.126880994769675,1.0,0.06,0.0,1315.75,1368.0,1035.2375000000002,8
7,2.126880994769675,2.126880994769676,2.126880994769675,1.0,0.06,0.0,1315.75,1368.0,1035.2375000000002,8
8,2.126880994769675,2.126880994769676,2.126880994769675,1.0,0.06,0.0,1315.75,1368.0,1035.2375000000002,8
9,2.126880994769675,2.126880994769676,2.126880994769675,1.0,0.06,0.0,1315.75,1368.0,1035.2375000000002,8
10,2.126880994769675,2.126880994769676,2.126880994769675,1.0,0.06,0.0,1315.75,1368.0,1035.2375000000002,8
11,2.126880994769675,2.126880994769676,2.126880994769675,1.0,0.09,0.0,1315.75,1368.0,1035.2375000000002,8
12,2.126880994769675,2.126880994769676,2.126880994769675,1.0,0.09,0.0,1315.75,1368.0,1035.2375000000002,8
13,2.126880994769675,2.126880994769676,2.126880994769675,1.0,0.09,0.0,1315.75,1368.0,1035.2375000000002,8
14,2.126880994769675,2.126880994769676,2.126880994769675,1.0,0.09,0.0,1315.75,1368.0,1035.2375000000002,8
15,2.126880994769675,2.126880994769676,2.126880994769675,1.0,0.09,0.0,1315.75,1368.0,1035.2375000000002,8
16,2.126880994769675,2.126880994769676,2.126880994769675,1.0,0.09,0.0,1315.75,1368.0,1035.2375000000002,8
17,2.126880994769675,2.126880994769676,2.126880994769675,1.0,0.09,0.0,1315.75,1368.0,1035.2375000000002,8
18,2.126880994769675,2.126880994769676,2.126880994769675,1.0,0.09,0.0,1315.75,1368.0,1035.2375000000002,8
19,2.126880994769675,2.126880994769676,2.126880994769675,1.0,0.09,0.0,1315.75,1368.0,1035.2375000000002,8
20,2.126880994769675,2.126880994769676,2.126880994769675,1.0,0.09,0.0,1315.75,1368.0,1035.2375000000002,8
21,2.126880994769675,2.126880994769676,2.126880994769675,1.0,0.135,0.0,1315.75,1368.0,1035.2375000000002,8
22,2.126880994769675,2.126880994769676,2.126880994769675,1.0,0.135,0.0,1315.75,1368.0,1035.2375000000002,8
23,2.126880994769675,2.126880994769676,2.126880994769675,1.0,0.135,0.0,1315.75,1368.0,1035.2375000000002,8
24,2.126880994769675,4.2726823374868586,53.49185587256685,1.0,0.135,0.1384276729559732,1315.75,1368.0,1035.2375000000002,8
25,2.126880994769675,2.238023443664494,16.30672374632262,1.0,0.135,0.04319968553459119,1315.75,1368.0,1035.2375000000002,8
1,2.7592079801741094,20.671038278909386,75.6630063943498,1.0,0.06,0.44952830188679244,1315.75,1368.0,1035.2375000000002,8
2,2.7592079801741094,10.3988385690172,50.496712467951205,1.0,0.06,0.31915618448637373,1315.75,1368.0,1035.2375000000002,8
3,2.7592079801741094,3.7984525395824407,27.40791716637661,1.0,0.06,0.11981132075471639,1315.75,1368.0,1035.2375000000002,8
4,2.7592079801741094,2.7983377303539965,9.019968008957461,1.0,0.06,0.06147798742138365,1315.75,1368.0,1035.2375000000002,8
5,2.7592079801741094,2.759207980174101,2.7592079801741094,1.0,0.06,0.03702830188679245,1315.75,1368.0,1035.2375000000002,8
6,2.7592079801741094,2.759207980174101,2.7592079801741094,1.0,0.06,0.04905660377358491,1315.75,1368.0,1035.2375000000002,8
7,2.7592079801741094,2.759207980174101,2.7592079801741094,1.0,0.06,0.03702830188679245,1315.75,1368.0,1035.2375000000002,8
8,2.7592079801741094,2.759207980174101,2.7592079801741094,1.0,0.06,0.03702830188679245,1315.75,1368.0,1035.2375000000002,8
9,2.7592079801741094,2.759207980174101,2.7592079801741094,1.0,0.06,0.04905660377358491,1315.75,1368.0,1035.2375000000002,8
10,2.7592079801741094,2.759207980174101,2.7592079801741094,1.0,0.06,0.0125,1315.75,1368.0,1035.2375000000002,8
11,2.7592079801741094,2.955894028702102,34.2289757446543,1.0,0.09,0.02468553459119497,1315.75,1368.0,1035.2375000000002,8
12,2.7592079801741094,2.759207980174101,2.7592079801741094,1.0,0.09,0.06092767295597484,1315.75,1368.0,1035.2375000000002,8
13,2.7592079801741094,2.759207980174101,2.7592079801741094,1.0,0.09,0.0125,1315.75,1368.0,1035.2375000000002,8
14,2.7592079801741094,2.759207980174101,2.7592079801741094,1.0,0.09,0.0125,1315.75,1368.0,1035.2375000000002,8
15,2.7592079801741094,2.759207980174101,2.7592079801741094,1.0,0.09,0.03702830188679245,1315.75,1368.0,1035.2375000000002,8
16,2.7592079801741094,2.759207980174101,2.7592079801741094,1.0,0.09,0.0125,1315.75,1368.0,1035.2375000000002,8
17,2.7592079801741094,2.759207980174101,2.7592079801741094,1.0,0.09,0.0125,1315.75,1368.0,1035.2375000000002,8
18,2.7592079801741094,2.759207980174101,2.7592079801741094,1.0,0.09,0.0125,1315.75,1368.0,1035.2375000000002,8
19,2.7592079801741094,2.759207980174101,2.7592079801741094,1.0,0.09,0.024842767295597486,1315.75,1368.0,1035.2375000000002,8
20,2.7592079801741094,2.759207980174101,2.7592079801741094,1.0,0.09,0.0,1315.75,1368.0,1035.2375000000002,8
21,2.7592079801741094,2.759207980174101,2.7592079801741094,1.0,0.135,0.0,1315.75,1368.0,1035.2375000000002,8
22,2.7592079801741094,2.759207980174101,2.7592079801741094,1.0,0.135,0.0,1315.75,1368.0,1035.2375000000002,8
23,2.7592079801741094,2.759207980174101,2.7592079801741094,1.0,0.135,0.0,1315.75,1368.0,1035.2375000000002,8
24,2.7592079801741094,2.759207980174101,2.7592079801741094,1.0,0.135,0.0,1315.75,1368.0,1035.2375000000002,8
25,2.7592079801741094,2.759207980174101,2.7592079801741094,1.0,0.135,0.0,1315.75,1368.0,1035.2375000000002,8
1,4.464469131787617,21.80483832059945,85.67627740926136,1.0,0.06,0.3435177244139677,1315.75,1368.0,1035.2375000000002,8
2,4.464469131787617,9.46743264026858,63.77411161168634,1.0,0.06,0.26700733752620814,1315.75,1368.0,1035.2375000000002,8
3,4.464469131787617,5.379623828589959,34.106823757025296,1.0,0.06,0.10080188679245214,1315.75,1368.0,1035.2375000000002,8
4,4.464469131787617,4.473273886272144,5.873229849313051,1.0,0.06,0.01871069182389937,1315.75,1368.0,1035.2375000000002,8
5,4.464469131787617,4.46446913178761,4.464469131787617,1.0,0.06,0.0125,1315.75,1368.0,1035.2375000000002,8
6,4.464469131787617,4.46446913178761,4.464469131787617,1.0,0.06,0.0125,1315.75,1368.0,1035.2375000000002,8
7,4.464469131787617,4.46446913178761,4.464469131787617,1.0,0.06,0.0,1315.75,1368.0,1035.2375000000002,8
8,4.464469131787617,4.46446913178761,4.464469131787617,1.0,0.06,0.0,1315.75,1368.0,1035.2375000000002,8
9,4.464469131787617,4.46446913178761,4.464469131787617,1.0,0.06,0.0,1315.75,1368.0,1035.2375000000002,8
10,4.464469131787617,4.46446913178761,4.464469131787617,1.0,0.06,0.0,1315.75,1368.0,1035.2375000000002,8
11,4.464469131787617,4.540044910574316,16.556593737660535,1.0,0.09,0.0125,1315.75,1368.0,1035.2375000000002,8
12,4.464469131787617,4.46446913178761,4.464469131787617,1.0,0.09,0.0,1315.75,1368.0,1035.2375000000002,8
13,4.464469131787617,4.46446913178761,4.464469131787617,1.0,0.09,0.0,1315.75,1368.0,1035.2375000000002,8
14,4.464469131787617,4.46446913178761,4.464469131787617,1.0,0.09,0.0,1315.75,1368.0,1035.2375000000002,8
15,4.464469131787617,4.46446913178761,4.464469131787617,1.0,0.09,0.0,1315.75,1368.0,1035.2375000000002,8
16,4.464469131787617,4.46446913178761,4.464469131787617,1.0,0.09,0.0,1315.75,1368.0,1035.2375000000002,8
17,4.464469131787617,4.46446913178761,4.464469131787617,1.0,0.09,0.0,1315.75,1368.0,1035.2375000000002,8
18,4.464469131787617,4.46446913178761,4.464469131787617,1.0,0.09,0.0,1315.75,1368.0,1035.2375000000002,8
19,4.464469131787617,4.46446913178761,4.464469131787617,1.0,0.09,0.0,1315.75,1368.0,1035.2375000000002,8
20,4.464469131787617,4.46446913178761,4.464469131787617,1.0,0.09,0.0,1315.75,1368.0,1035.2375000000002,8
21,4.464469131787617,4.46446913178761,4.464469131787617,1.0,0.135,0.0,1315.75,1368.0,1035.2375000000002,8
22,4.464469131787617,4.46446913178761,4.464469131787617,1.0,0.135,0.0,1315.75,1368.0,1035.2375000000002,8
23,4.464469131787617,4.46446913178761,4.464469131787617,1.0,0.135,0.0,1315.75,1368.0,1035.2375000000002,8
24,4.464469131787617,4.46446913178761,4.464469131787617,1.0,0.135,0.0,1315.75,1368.0,1035.2375000000002,8
25,4.464469131787617,4.46446913178761,4.464469131787617,1.0,0.135,0.0,1315.75,1368.0,1035.2375000000002,8
1,3.0809366726417253,21.163924177243167,62.24580627045033,1.0,0.06,0.33676386506576805,1315.75,1368.0,1035.2375000000002,8
2,3.0809366726417253,8.867643030291232,47.0165798276841,1.0,0.06,0.29149371069181607,1315.75,1368.0,1035.2375000000002,8
3,3.0809366726417253,5.31862065972054,23.134538312134453,1.0,0.06,0.0938679245283019,1315.75,1368.0,1035.2375000000002,8
4,3.0809366726417253,4.517440592569777,13.880041665483194,1.0,0.06,0.03352987421383648,1315.75,1368.0,1035.2375000000002,8
5,3.0809366726417253,4.403939586699979,4.464469131787617,1.0,0.06,0.08419811320754716,1315.75,1368.0,1035.2375000000002,8
6,3.0809366726417253,4.36070419735167,4.464469131787617,1.0,0.06,0.13962264150943396,1315.75,1368.0,1035.2375000000002,8
7,3.0809366726417253,4.25693926291573,4.464469131787617,1.0,0.06,0.25660377358490566,1315.75,1368.0,1035.2375000000002,8
8,3.0809366726417253,4.066703549783168,4.464469131787617,1.0,0.06,0.41226415094339625,1315.75,1368.0,1035.2375000000002,8
9,3.0809366726417253,3.7381145907360205,4.464469131787617,1.0,0.06,0.5018867924528302,1315.75,1368.0,1035.2375000000002,8
10,3.0809366726417253,3.4008785538192066,4.464469131787617,1.0,0.06,0.3577830188679245,1315.75,1368.0,1035.2375000000002,8
11,3.0809366726417253,3.1933486849473196,4.464469131787617,1.0,0.09,0.15023584905660378,1315.75,1368.0,1035.2375000000002,8
12,3.0809366726417253,3.0895837505113777,4.464469131787617,1.0,0.09,0.0125,1315.75,1368.0,1035.2375000000002,8
13,3.0809366726417253,3.080936672641716,3.0809366726417253,1.0,0.09,0.0,1315.75,1368.0,1035.2375000000002,8
14,3.0809366726417253,3.080936672641716,3.0809366726417253,1.0,0.09,0.0,1315.75,1368.0,1035.2375000000002,8
15,3.0809366726417253,3.080936672641716,3.0809366726417253,1.0,0.09,0.0,1315.75,1368.0,1035.2375000000002,8
16,3.0809366726417253,3.080936672641716,3.0809366726417253,1.0,0.09,0.0,1315.75,1368.0,1035.2375000000002,8
17,3.0809366726417253,3.080936672641716,3.0809366726417253,1.0,0.09,0.0,1315.75,1368.0,1035.2375000000002,8
18,3.0809366726417253,3.080936672641716,3.0809366726417253,1.0,0.09,0.0,1315.75,1368.0,1035.2375000000002,8
19,3.0809366726417253,3.080936672641716,3.0809366726417253,1.0,0.09,0.0,1315.75,1368.0,1035.2375000000002,8
20,3.0809366726417253,3.080936672641716,3.0809366726417253,1.0,0.09,0.0,1315.75,1368.0,1035.2375000000002,8
21,3.0809366726417253,3.080936672641716,3.0809366726417253,1.0,0.135,0.0,1315.75,1368.0,1035.2375000000002,8
22,3.0809366726417253,3.080936672641716,3.0809366726417253,1.0,0.135,0.0,1315.75,1368.0,1035.2375000000002,8
23,3.0809366726417253,3.080936672641716,3.0809366726417253,1.0,0.135,0.0,1315.75,1368.0,1035.2375000000002,8
24,3.0809366726417253,3.080936672641716,3.0809366726417253,1.0,0.135,0.0,1315.75,1368.0,1035.2375000000002,8
25,3.0809366726417253,3.080936672641716,3.0809366726417253,1.0,0.135,0.0,1315.75,1368.0,1035.2375000000002,8
1,3.536215726961822,22.22721339378449,85.31395673965382,1.0,0.06,0.3634719839908481,1315.75,1368.0,1035.2375000000002,8
2,3.536215726961822,10.666240835132125,51.523798214381394,1.0,0.06,0.2857030548068331,1315.75,1368.0,1035.2375000000002,8
3,3.536215726961822,5.743078207443135,35.31579053726453,1.0,0.06,0.2039308176100629,1315.75,1368.0,1035.2375000000002,8
4,3.536215726961822,3.914343675663607,22.087378206894375,1.0,0.06,0.0534067085953882,1315.75,1368.0,1035.2375000000002,8
5,3.536215726961822,3.5362157269618164,3.536215726961822,1.0,0.06,0.0,1315.75,1368.0,1035.2375000000002,8
6,3.536215726961822,3.5362157269618164,3.536215726961822,1.0,0.06,0.0,1315.75,1368.0,1035.2375000000002,8
7,3.536215726961822,3.5362157269618164,3.536215726961822,1.0,0.06,0.0,1315.75,1368.0,1035.2375000000002,8
8,3.536215726961822,3.5362157269618164,3.536215726961822,1.0,0.06,0.0,1315.75,1368.0,1035.2375000000002,8
9,3.536215726961822,3.5362157269618164,3.536215726961822,1.0,0.06,0.0,1315.75,1368.0,1035.2375000000002,8
10,3.536215726961822,3.5362157269618164,3.536215726961822,1.0,0.06,0.0,1315.75,1368.0,1035.2375000000002,8
11,3.536215726961822,3.614674869020539,16.089678456357454,1.0,0.09,0.0125,1315.75,1368.0,1035.2375000000002,8
12,3.536215726961822,3.5362157269618164,3.536215726961822,1.0,0.09,0.0,1315.75,1368.0,1035.2375000000002,8
13,3.536215726961822,3.5362157269618164,3.536215726961822,1.0,0.09,0.0,1315.75,1368.0,1035.2375000000002,8
14,3.536215726961822,3.5362157269618164,3.536215726961822,1.0,0.09,0.0,1315.75,1368.0,1035.2375000000002,8
15,3.536215726961822,3.5362157269618164,3.536215726961822,1.0,0.09,0.0,1315.75,1368.0,1035.2375000000002,8
16,3.536215726961822,3.5362157269618164,3.536215726961822,1.0,0.09,0.0,1315.75,1368.0,1035.2375000000002,8
17,3.536215726961822,3.5362157269618164,3.536215726961822,1.0,0.09,0.0,1315.75,1368.0,1035.2375000000002,8
18,3.536215726961822,3.5362157269618164,3.536215726961822,1.0,0.09,0.0,1315.75,1368.0,1035.2375000000002,8
19,3.536215726961822,3.5362157269618164,3.536215726961822,1.0,0.09,0.0,1315.75,1368.0,1035.2375000000002,8
20,3.536215726961822,3.5362157269618164,3.536215726961822,1.0,0.09,0.0,1315.75,1368.0,1035.2375000000002,8
21,3.536215726961822,3.5362157269618164,3.536215726961822,1.0,0.135,0.0,1315.75,1368.0,1035.2375000000002,8
22,3.536215726961822,3.5362157269618164,3.536215726961822,1.0,0.135,0.0,1315.75,1368.0,1035.2375000000002,8
23,3.536215726961822,3.5362157269618164,3.536215726961822,1.0,0.135,0.0,1315.75,1368.0,1035.2375000000002,8
24,3.536215726961822,3.5362157269618164,3.536215726961822,1.0,0.135,0.0,1315.75,1368.0,1035.2375000000002,8
25,3.536215726961822,3.5362157269618164,3.536215726961822,1.0,0.135,0.0,1315.75,1368.0,1035.2375000000002,8
1,2.230608772365895,20.773862600032437,79.50550109987326,1.0,0.06,0.38460691823899984,1315.75,1368.0,1035.2375000000002,8
2,2.230608772365895,10.615962870882793,68.6297810314426,1.0,0.06,0.23401729559749437,1315.75,1368.0,1035.2375000000002,8
3,2.230608772365895,4.50275565953517,25.334370822278192,1.0,0.06,0.18838050314465532,1315.75,1368.0,1035.2375000000002,8
4,2.230608772365895,2.5979203018740926,19.282383855247705,1.0,0.06,0.09682914046121568,1315.75,1368.0,1035.2375000000002,8
5,2.230608772365895,2.2306087723658883,2.230608772365895,1.0,0.06,0.0,1315.75,1368.0,1035.2375000000002,8
6,2.230608772365895,2.2306087723658883,2.230608772365895,1.0,0.06,0.0,1315.75,1368.0,1035.2375000000002,8
7,2.230608772365895,2.2306087723658883,2.230608772365895,1.0,0.06,0.0,1315.75,1368.0,1035.2375000000002,8
8,2.230608772365895,2.2306087723658883,2.230608772365895,1.0,0.06,0.0,1315.75,1368.0,1035.2375000000002,8
9,2.230608772365895,2.2306087723658883,2.230608772365895,1.0,0.06,0.0,1315.75,1368.0,1035.2375000000002,8
10,2.230608772365895,2.2306087723658883,2.230608772365895,1.0,0.06,0.0,1315.75,1368.0,1035.2375000000002,8
11,2.230608772365895,2.2306087723658883,2.230608772365895,1.0,0.09,0.0,1315.75,1368.0,1035.2375000000002,8
12,2.230608772365895,2.2306087723658883,2.230608772365895,1.0,0.09,0.0,1315.75,1368.0,1035.2375000000002,8
13,2.230608772365895,2.2306087723658883,2.230608772365895,1.0,0.09,0.0,1315.75,1368.0,1035.2375000000002,8
14,2.230608772365895,2.2306087723658883,2.230608772365895,1.0,0.09,0.0,1315.75,1368.0,1035.2375000000002,8
15,2.230608772365895,2.2306087723658883,2.230608772365895,1.0,0.09,0.0,1315.75,1368.0,1035.2375000000002,8
16,2.230608772365895,2.2306087723658883,2.230608772365895,1.0,0.09,0.0,1315.75,1368.0,1035.2375000000002,8
17,2.230608772365895,2.2306087723658883,2.230608772365895,1.0,0.09,0.0,1315.75,1368.0,1035.2375000000002,8
18,2.230608772365895,2.2306087723658883,2.230608772365895,1.0,0.09,0.0,1315.75,1368.0,1035.2375000000002,8
19,2.230608772365895,2.2306087723658883,2.230608772365895,1.0,0.09,0.0,1315.75,1368.0,1035.2375000000002,8
20,2.230608772365895,2.2306087723658883,2.230608772365895,1.0,0.09,0.0,1315.75,1368.0,1035.2375000000002,8
21,2.230608772365895,2.4395107694489186,35.654928305650984,1.0,0.135,0.0125,1315.75,1368.0,1035.2375000000002,8
22,2.230608772365895,2.2306087723658883,2.230608772365895,1.0,0.135,0.0,1315.75,1368.0,1035.2375000000002,8
23,2.230608772365895,2.2306087723658883,2.230608772365895,1.0,0.135,0.0,1315.75,1368.0,1035.2375000000002,8
24,2.230608772365895,2.2306087723658883,2.230608772365895,1.0,0.135,0.0,1315.75,1368.0,1035.2375000000002,8
25,2.230608772365895,2.2306087723658883,2.230608772365895,1.0,0.135,0.0,1315.75,1368.0,1035.2375000000002,8
1,3.612939272746621,20.59252547699696,89.81167715518518,1.0,0.06,0.3895754716981176,1315.75,1368.0,1035.2375000000002,8
2,3.612939272746621,8.941987492090274,50.11276835859825,1.0,0.06,0.2580862533692799,1315.75,1368.0,1035.2375000000002,8
3,3.612939272746621,4.8702002788485235,29.243560850406077,1.0,0.06,0.10966981132075863,1315.75,1368.0,1035.2375000000002,8
4,3.612939272746621,3.7249612825207072,16.619810298961063,1.0,0.06,0.02895702306079684,1315.75,1368.0,1035.2375000000002,8
5,3.612939272746621,3.612939272746632,3.612939272746621,1.0,0.06,0.0,1315.75,1368.0,1035.2375000000002,8
6,3.612939272746621,3.612939272746632,3.612939272746621,1.0,0.06,0.0,1315.75,1368.0,1035.2375000000002,8
7,3.612939272746621,3.612939272746632,3.612939272746621,1.0,0.06,0.0,1315.75,1368.0,1035.2375000000002,8
8,3.612939272746621,3.612939272746632,3.612939272746621,1.0,0.06,0.0,1315.75,1368.0,1035.2375000000002,8
9,3.612939272746621,3.612939272746632,3.612939272746621,1.0,0.06,0.0,1315.75,1368.0,1035.2375000000002,8
10,3.612939272746621,3.612939272746632,3.612939272746621,1.0,0.06,0.0,1315.75,1368.0,1035.2375000000002,8
11,3.612939272746621,3.612939272746632,3.612939272746621,1.0,0.09,0.0,1315.75,1368.0,1035.2375000000002,8
12,3.612939272746621,3.612939272746632,3.612939272746621,1.0,0.09,0.0,1315.75,1368.0,1035.2375000000002,8
13,3.612939272746621,3.612939272746632,3.612939272746621,1.0,0.09,0.0,1315.75,1368.0,1035.2375000000002,8
14,3.612939272746621,3.612939272746632,3.612939272746621,1.0,0.09,0.0,1315.75,1368.0,1035.2375000000002,8
15,3.612939272746621,3.612939272746632,3.612939272746621,1.0,0.09,0.0,1315.75,1368.0,1035.2375000000002,8
16,3.612939272746621,3.612939272746632,3.612939272746621,1.0,0.09,0.0,1315.75,1368.0,1035.2375000000002,8
17,3.612939272746621,3.612939272746632,3.612939272746621,1.0,0.09,0.0,1315.75,1368.0,1035.2375000000002,8
18,3.612939272746621,3.612939272746632,3.612939272746621,1.0,0.09,0.0,1315.75,1368.0,1035.2375000000002,8
19,3.612939272746621,3.612939272746632,3.612939272746621,1.0,0.09,0.0,1315.75,1368.0,1035.2375000000002,8
20,3.612939272746621,3.612939272746632,3.612939272746621,1.0,0.09,0.0,1315.75,1368.0,1035.2375000000002,8
21,3.153104078669938,3.6071913328206735,3.612939272746621,1.0,0.135,0.024842767295597486,1315.75,1368.0,1035.2375000000002,8
22,3.153104078669938,3.5985694229317344,3.612939272746621,1.0,0.0945,0.06092767295597484,1315.75,1368.0,1035.2375000000002,8
23,3.153104078669938,3.5755776632278993,3.612939272746621,1.0,0.0945,0.15023584905660378,1315.75,1368.0,1035.2375000000002,8
24,3.153104078669938,3.5180982639683114,3.612939272746621,1.0,0.0945,0.3294811320754717,1315.75,1368.0,1035.2375000000002,8
25,3.153104078669938,3.400265495486155,3.612939272746621,1.0,0.0945,0.5003144654088051,1315.75,1368.0,1035.2375000000002,8
26,3.153104078669938,3.2709368471520825,3.612939272746621,1.0,0.0945,0.3835691823899371,1315.75,1368.0,1035.2375000000002,8
27,3.153104078669938,3.1847177482627003,3.612939272746621,1.0,0.0945,0.12885220125786165,1315.75,1368.0,1035.2375000000002,8
28,3.153104078669938,3.155978048632906,3.612939272746621,1.0,0.0945,0.0125,1315.75,1368.0,1035.2375000000002,8
29,3.153104078669938,3.1531040786699265,3.153104078669938,1.0,0.0945,0.0,1315.75,1368.0,1035.2375000000002,8
30,3.153104078669938,3.1531040786699265,3.153104078669938,1.0,0.0945,0.0,1315.75,1368.0,1035.2375000000002,8
31,3.153104078669938,3.1531040786699265,3.153104078669938,1.0,0.0945,0.0,1315.75,1368.0,1035.2375000000002,8
32,3.153104078669938,3.1531040786699265,3.153104078669938,1.0,0.14175,0.0,1315.75,1368.0,1035.2375000000002,8
33,3.153104078669938,3.1531040786699265,3.153104078669938,1.0,0.14175,0.0,1315.75,1368.0,1035.2375000000002,8
34,3.153104078669938,3.1531040786699265,3.153104078669938,1.0,0.14175,0.0,1315.75,1368.0,1035.2375000000002,8
35,3.153104078669938,3.1531040786699265,3.153104078669938,1.0,0.14175,0.0,1315.75,1368.0,1035.2375000000002,8
36,3.153104078669938,3.1531040786699265,3.153104078669938,1.0,0.14175,0.0,1315.75,1368.0,1035.2375000000002,8
37,3.153104078669938,3.1531040786699265,3.153104078669938,1.0,0.14175,0.0,1315.75,1368.0,1035.2375000000002,8
38,3.153104078669938,3.1531040786699265,3.153104078669938,1.0,0.14175,0.0,1315.75,1368.0,1035.2375000000002,8
39,3.153104078669938,3.1531040786699265,3.153104078669938,1.0,0.14175,0.0,1315.75,1368.0,1035.2375000000002,8
40,3.153104078669938,3.1531040786699265,3.153104078669938,1.0,0.14175,0.0,1315.75,1368.0,1035.2375000000002,8
41,3.153104078669938,3.1531040786699265,3.153104078669938,1.0,0.14175,0.0,1315.75,1368.0,1035.2375000000002,8
42,3.153104078669938,3.3107218912750427,27.452283707335084,1.0,0.15,0.024842767295597486,1315.75,1368.0,1035.2375000000002,8
43,3.153104078669938,3.1531040786699265,3.153104078669938,1.0,0.15,0.0,1315.75,1368.0,1035.2375000000002,8
44,3.153104078669938,3.1531040786699265,3.153104078669938,1.0,0.15,0.0,1315.75,1368.0,1035.2375000000002,8
45,3.153104078669938,3.1531040786699265,3.153104078669938,1.0,0.15,0.0,1315.75,1368.0,1035.2375000000002,8
46,3.153104078669938,3.1531040786699265,3.153104078669938,1.0,0.15,0.0,1315.75,1368.0,1035.2375000000002,8
1,2.2465361070612824,23.267344298868114,118.26261873745499,1.0,0.06,0.3754145225843215,1315.75,1368.0,1035.2375000000002,8
2,2.2465361070612824,10.99122985597484,47.87811870222609,1.0,0.06,0.315532345013486,1315.75,1368.0,1035.2375000000002,8
3,2.2465361070612824,3.8296071709532242,32.546357442763416,1.0,0.06,0.17521619496855345,1315.75,1368.0,1035.2375000000002,8
4,2.2465361070612824,2.3422074615125146,11.285775533549904,1.0,0.06,0.052410901467506175,1315.75,1368.0,1035.2375000000002,8
5,2.2465361070612824,2.2465361070612784,2.2465361070612824,1.0,0.06,0.07264150943396226,1315.75,1368.0,1035.2375000000002,8
6,2.2465361070612824,2.2465361070612784,2.2465361070612824,1.0,0.06,0.09559748427672957,1315.75,1368.0,1035.2375000000002,8
7,2.2465361070612824,2.2465361070612784,2.2465361070612824,1.0,0.06,0.08419811320754716,1315.75,1368.0,1035.2375000000002,8
8,2.2465361070612824,2.2465361070612784,2.2465361070612824,1.0,0.06,0.12885220125786165,1315.75,1368.0,1035.2375000000002,8
9,2.2465361070612824,2.2465361070612784,2.2465361070612824,1.0,0.06,0.12885220125786165,1315.75,1368.0,1035.2375000000002,8
10,2.2465361070612824,2.2465361070612784,2.2465361070612824,1.0,0.06,0.15023584905660378,1315.75,1368.0,1035.2375000000002,8
11,2.2465361070612824,2.369038403020931,21.84690346060567,1.0,0.09,0.0757599580712811,1315.75,1368.0,1035.2375000000002,8
12,2.2465361070612824,2.2465361070612784,2.2465361070612824,1.0,0.09,0.2477201257861635,1315.75,1368.0,1035.2375000000002,8
13,2.2465361070612824,2.2465361070612784,2.2465361070612824,1.0,0.09,0.1811320754716981,1315.75,1368.0,1035.2375000000002,8
14,2.2465361070612824,2.2465361070612784,2.2465361070612824,1.0,0.09,0.17099056603773585,1315.75,1368.0,1035.2375000000002,8
15,2.2465361070612824,2.2465361070612784,2.2465361070612824,1.0,0.09,0.09559748427672957,1315.75,1368.0,1035.2375000000002,8
16,2.2465361070612824,2.2465361070612784,2.2465361070612824,1.0,0.09,0.13962264150943396,1315.75,1368.0,1035.2375000000002,8
17,2.2465361070612824,2.2465361070612784,2.2465361070612824,1.0,0.09,0.13962264150943396,1315.75,1368.0,1035.2375000000002,8
18,2.2465361070612824,2.2465361070612784,2.2465361070612824,1.0,0.09,0.2009433962264151,1315.75,1368.0,1035.2375000000002,8
19,2.2465361070612824,2.2465361070612784,2.2465361070612824,1.0,0.09,0.07264150943396226,1315.75,1368.0,1035.2375000000002,8
20,2.2465361070612824,2.2465361070612784,2.2465361070612824,1.0,0.09,0.08419811320754716,1315.75,1368.0,1035.2375000000002,8
21,2.2465361070612824,2.2465361070612784,2.2465361070612824,1.0,0.135,0.06092767295597484,1315.75,1368.0,1035.2375000000002,8
22,2.2465361070612824,2.2465361070612784,2.2465361070612824,1.0,0.135,0.09559748427672957,1315.75,1368.0,1035.2375000000002,8
23,2.2465361070612824,2.2465361070612784,2.2465361070612824,1.0,0.135,0.1179245283018868,1315.75,1368.0,1035.2375000000002,8
24,2.2465361070612824,2.2465361070612784,2.2465361070612824,1.0,0.135,0.08419811320754716,1315.75,1368.0,1035.2375000000002,8
25,2.2465361070612824,2.2465361070612784,2.2465361070612824,1.0,0.135,0.03702830188679245,1315.75,1368.0,1035.2375000000002,8
1,4.224424700195767,21.571425238140712,123.04875140135674,1.0,0.06,0.2915396710208014,1315.75,1368.0,1035.2375000000002,8
2,4.224424700195767,9.851018693921322,45.93725345928644,1.0,0.06,0.26198337825696316,1315.75,1368.0,1035.2375000000002,8
3,4.224424700195767,5.509524006810361,26.38288108759508,1.0,0.06,0.12421383647798713,1315.75,1368.0,1035.2375000000002,8
4,4.224424700195767,4.245147565430025,5.996521489780807,1.0,0.06,0.01871069182389937,1315.75,1368.0,1035.2375000000002,8
5,4.224424700195767,4.224424700195757,4.224424700195767,1.0,0.06,0.0,1315.75,1368.0,1035.2375000000002,8
6,4.224424700195767,4.224424700195757,4.224424700195767,1.0,0.06,0.0,1315.75,1368.0,1035.2375000000002,8
7,4.224424700195767,4.224424700195757,4.224424700195767,1.0,0.06,0.0,1315.75,1368.0,1035.2375000000002,8
8,4.224424700195767,4.224424700195757,4.224424700195767,1.0,0.06,0.0,1315.75,1368.0,1035.2375000000002,8
9,4.224424700195767,4.224424700195757,4.224424700195767,1.0,0.06,0.0,1315.75,1368.0,1035.2375000000002,8
10,4.224424700195767,4.224424700195757,4.224424700195767,1.0,0.06,0.0,1315.75,1368.0,1035.2375000000002,8
11,4.224424700195767,4.233993973113205,5.755508366987321,1.0,0.09,0.0125,1315.75,1368.0,1035.2375000000002,8
12,4.224424700195767,4.224424700195757,4.224424700195767,1.0,0.09,0.0,1315.75,1368.0,1035.2375000000002,8
13,4.224424700195767,4.224424700195757,4.224424700195767,1.0,0.09,0.0,1315.75,1368.0,1035.2375000000002,8
14,4.224424700195767,4.224424700195757,4.224424700195767,1.0,0.09,0.0,1315.75,1368.0,1035.2375000000002,8
15,4.224424700195767,4.224424700195757,4.224424700195767,1.0,0.09,0.0,1315.75,1368.0,1035.2375000000002,8
16,4.224424700195767,4.224424700195757,4.224424700195767,1.0,0.09,0.0,1315.75,1368.0,1035.2375000000002,8
17,4.224424700195767,4.224424700195757,4.224424700195767,1.0,0.09,0.0,1315.75,1368.0,1035.2375000000002,8
18,4.224424700195767,4.224424700195757,4.224424700195767,1.0,0.09,0.0,1315.75,1368.0,1035.2375000000002,8
19,4.224424700195767,4.224424700195757,4.224424700195767,1.0,0.09,0.0,1315.75,1368.0,1035.2375000000002,8
20,4.224424700195767,4.224424700195757,4.224424700195767,1.0,0.09,0.0,1315.75,1368.0,1035.2375000000002,8
21,4.224424700195767,4.224424700195757,4.224424700195767,1.0,0.135,0.0,1315.75,1368.0,1035.2375000000002,8
22,4.224424700195767,4.224424700195757,4.224424700195767,1.0,0.135,0.0,1315.75,1368.0,1035.2375000000002,8
23,4.224424700195767,4.224424700195757,4.224424700195767,1.0,0.135,0.0,1315.75,1368.0,1035.2375000000002,8
24,4.224424700195767,4.224424700195757,4.224424700195767,1.0,0.135,0.0,1315.75,1368.0,1035.2375000000002,8
25,4.224424700195767,4.224424700195757,4.224424700195767,1.0,0.135,0.0,1315.75,1368.0,1035.2375000000002,8
1,4.401099237349013,21.68462867110643,84.11537240638863,1.0,0.06,0.36863993710692794,1315.75,1368.0,1035.2375000000002,8
2,4.401099237349013,11.102184443252739,39.46852209957752,1.0,0.06,0.3660377358490627,1315.75,1368.0,1035.2375000000002,8
3,4.401099237349013,6.122870783842303,23.770014144749737,1.0,0.06,0.19451650943396226,1315.75,1368.0,1035.2375000000002,8
4,4.401099237349013,4.634227522834605,13.66910583832432,1.0,0.06,0.11137316561844719,1315.75,1368.0,1035.2375000000002,8
5,4.401099237349013,4.504678226482999,4.553141790206227,1.0,0.06,0.4370283018867924,1315.75,1368.0,1035.2375000000002,8
6,4.401099237349013,4.460965992536549,4.553141790206227,1.0,0.06,0.4804245283018868,1315.75,1368.0,1035.2375000000002,8
7,4.401099237349013,4.423905620277601,4.553141790206227,1.0,0.06,0.25660377358490566,1315.75,1368.0,1035.2375000000002,8
8,4.401099237349013,4.406800833081165,4.553141790206227,1.0,0.06,0.07264150943396226,1315.75,1368.0,1035.2375000000002,8
9,4.401099237349013,4.401099237349019,4.401099237349013,1.0,0.06,0.0,1315.75,1368.0,1035.2375000000002,8
10,4.401099237349013,4.401099237349019,4.401099237349013,1.0,0.06,0.0,1315.75,1368.0,1035.2375000000002,8
11,4.401099237349013,4.401099237349019,4.401099237349013,1.0,0.09,0.0,1315.75,1368.0,1035.2375000000002,8
12,4.401099237349013,4.401099237349019,4.401099237349013,1.0,0.09,0.0,1315.75,1368.0,1035.2375000000002,8
13,4.401099237349013,4.401099237349019,4.401099237349013,1.0,0.09,0.0,1315.75,1368.0,1035.2375000000002,8
14,4.401099237349013,4.401099237349019,4.401099237349013,1.0,0.09,0.0,1315.75,1368.0,1035.2375000000002,8
15,4.401099237349013,4.401099237349019,4.401099237349013,1.0,0.09,0.0,1315.75,1368.0,1035.2375000000002,8
16,4.401099237349013,4.401099237349019,4.401099237349013,1.0,0.09,0.0,1315.75,1368.0,1035.2375000000002,8
17,4.401099237349013,4.401099237349019,4.401099237349013,1.0,0.09,0.0,1315.75,1368.0,1035.2375000000002,8
18,4.401099237349013,4.401099237349019,4.401099237349013,1.0,0.09,0.0,1315.75,1368.0,1035.2375000000002,8
19,4.401099237349013,4.401099237349019,4.401099237349013,1.0,0.09,0.0,1315.75,1368.0,1035.2375000000002,8
20,4.401099237349013,4.401099237349019,4.401099237349013,1.0,0.09,0.0,1315.75,1368.0,1035.2375000000002,8
21,4.401099237349013,4.401099237349019,4.401099237349013,1.0,0.135,0.0,1315.75,1368.0,1035.2375000000002,8
22,4.401099237349013,4.401099237349019,4.401099237349013,1.0,0.135,0.0,1315.75,1368.0,1035.2375000000002,8
23,4.401099237349013,4.401099237349019,4.401099237349013,1.0,0.135,0.0,1315.75,1368.0,1035.2375000000002,8
24,4.401099237349013,4.401099237349019,4.401099237349013,1.0,0.135,0.0,1315.75,1368.0,1035.2375000000002,8
25,4.401099237349013,4.401099237349019,4.401099237349013,1.0,0.135,0.0,1315.75,1368.0,1035.2375000000002,8
1,1.1146046418133377,22.064932835217064,102.34937690137838,1.0,0.06,0.3883176100628973,1315.75,1368.0,1035.2375000000002,8
2,1.1146046418133377,12.064015871633485,58.17024526300349,1.0,0.06,0.3321653189577875,1315.75,1368.0,1035.2375000000002,8
3,1.1146046418133377,5.208156860677336,52.47949846871921,1.0,0.06,0.1484838274932481,1315.75,1368.0,1035.2375000000002,8
4,1.1146046418133377,1.6045837043067923,22.46953064069008,1.0,0.06,0.06517295597484296,1315.75,1368.0,1035.2375000000002,8
5,1.1146046418133377,1.3339669517994772,1.3455123365355863,1.0,0.06,0.09559748427672957,1315.75,1368.0,1035.2375000000002,8
6,1.1146046418133377,1.3166488746953084,1.3455123365355863,1.0,0.06,0.22012578616352202,1315.75,1368.0,1035.2375000000002,8
7,1.1146046418133377,1.2863422397630135,1.3455123365355863,1.0,0.06,0.3835691823899371,1315.75,1368.0,1035.2375000000002,8
8,1.1146046418133377,1.2358311815425218,1.3455123365355863,1.0,0.06,0.5018867924528302,1315.75,1368.0,1035.2375000000002,8
9,1.1146046418133377,1.1665588731258472,1.3455123365355863,1.0,0.06,0.35094339622641507,1315.75,1368.0,1035.2375000000002,8
10,1.1146046418133377,1.1232636803654255,1.3455123365355863,1.0,0.06,0.07264150943396226,1315.75,1368.0,1035.2375000000002,8
11,1.1146046418133377,1.1146046418133413,1.1146046418133377,1.0,0.09,0.0,1315.75,1368.0,1035.2375000000002,8
12,1.1146046418133377,1.1146046418133413,1.1146046418133377,1.0,0.09,0.0,1315.75,1368.0,1035.2375000000002,8
13,1.1146046418133377,1.1146046418133413,1.1146046418133377,1.0,0.09,0.0,1315.75,1368.0,1035.2375000000002,8
14,1.1146046418133377,1.1146046418133413,1.1146046418133377,1.0,0.09,0.0,1315.75,1368.0,1035.2375000000002,8
15,1.1146046418133377,1.1146046418133413,1.1146046418133377,1.0,0.09,0.0,1315.75,1368.0,1035.2375000000002,8
16,1.1146046418133377,1.1146046418133413,1.1146046418133377,1.0,0.09,0.0,1315.75,1368.0,1035.2375000000002,8
17,1.1146046418133377,1.1146046418133413,1.1146046418133377,1.0,0.09,0.0,1315.75,1368.0,1035.2375000000002,8
18,1.1146046418133377,1.1146046418133413,1.1146046418133377,1.0,0.09,0.0,1315.75,1368.0,1035.2375000000002,8
19,1.1146046418133377,1.1146046418133413,1.1146046418133377,1.0,0.09,0.0,1315.75,1368.0,1035.2375000000002,8
20,1.1146046418133377,1.1146046418133413,1.1146046418133377,1.0,0.09,0.0,1315.75,1368.0,1035.2375000000002,8
21,1.1146046418133377,1.1160478149053552,1.3455123365355863,1.0,0.135,0.0125,1315.75,1368.0,1035.2375000000002,8
22,1.1146046418133377,1.1146046418133413,1.1146046418133377,1.0,0.135,0.0,1315.75,1368.0,1035.2375000000002,8
23,1.1146046418133377,1.1146046418133413,1.1146046418133377,1.0,0.135,0.0,1315.75,1368.0,1035.2375000000002,8
24,1.1146046418133377,1.1146046418133413,1.1146046418133377,1.0,0.135,0.0,1315.75,1368.0,1035.2375000000002,8
25,1.1146046418133377,1.1146046418133413,1.1146046418133377,1.0,0.135,0.0,1315.75,1368.0,1035.2375000000002,8
1,1.3857792316023456,23.79324135963217,111.46765807710736,1.0,0.06,0.30839985486212557,1315.75,1368.0,1035.2375000000002,8
2,1.3857792316023456,9.18050590865127,54.387200493338625,1.0,0.06,0.266138814016175,1315.75,1368.0,1035.2375000000002,8
3,1.3857792316023456,3.3965941182834976,36.53442668806131,1.0,0.06,0.13472877358490565,1315.75,1368.0,1035.2375000000002,8
4,1.3857792316023456,1.5636905759614916,17.841880494523053,1.0,0.06,0.02078092243186574,1315.75,1368.0,1035.2375000000002,8
5,1.3857792316023456,1.3857792316023487,1.3857792316023456,1.0,0.06,0.0,1315.75,1368.0,1035.2375000000002,8
6,1.3857792316023456,1.3857792316023487,1.3857792316023456,1.0,0.06,0.0,1315.75,1368.0,1035.2375000000002,8
7,1.3857792316023456,1.3857792316023487,1.3857792316023456,1.0,0.06,0.0,1315.75,1368.0,1035.2375000000002,8
8,1.3857792316023456,1.3857792316023487,1.3857792316023456,1.0,0.06,0.0,1315.75,1368.0,1035.2375000000002,8
9,1.3857792316023456,1.3857792316023487,1.3857792316023456,1.0,0.06,0.0,1315.75,1368.0,1035.2375000000002,8
10,1.3857792316023456,1.3857792316023487,1.3857792316023456,1.0,0.06,0.0,1315.75,1368.0,1035.2375000000002,8
11,1.3857792316023456,1.5569839734262123,28.77853792342025,1.0,0.09,0.0125,1315.75,1368.0,1035.2375000000002,8
12,1.3857792316023456,1.3857792316023487,1.3857792316023456,1.0,0.09,0.0,1315.75,1368.0,1035.2375000000002,8
13,1.3857792316023456,1.3857792316023487,1.3857792316023456,1.0,0.09,0.0,1315.75,1368.0,1035.2375000000002,8
14,1.3857792316023456,1.3857792316023487,1.3857792316023456,1.0,0.09,0.0,1315.75,1368.0,1035.2375000000002,8
15,1.3857792316023456,1.3857792316023487,1.3857792316023456,1.0,0.09,0.0,1315.75,1368.0,1035.2375000000002,8
16,1.3857792316023456,1.3857792316023487,1.3857792316023456,1.0,0.09,0.0,1315.75,1368.0,1035.2375000000002,8
17,1.3857792316023456,1.3857792316023487,1.3857792316023456,1.0,0.09,0.0,1315.75,1368.0,1035.2375000000002,8
18,1.3857792316023456,1.3857792316023487,1.3857792316023456,1.0,0.09,0.0,1315.75,1368.0,1035.2375000000002,8
19,1.3857792316023456,1.3857792316023487,1.3857792316023456,1.0,0.09,0.0,1315.75,1368.0,1035.2375000000002,8
20,1.3857792316023456,1.3857792316023487,1.3857792316023456,1.0,0.09,0.0,1315.75,1368.0,1035.2375000000002,8
21,1.3857792316023456,1.3857792316023487,1.3857792316023456,1.0,0.135,0.0,1315.75,1368.0,1035.2375000000002,8
22,1.3857792316023456,1.3857792316023487,1.3857792316023456,1.0,0.135,0.0,1315.75,1368.0,1035.2375000000002,8
23,1.3857792316023456,1.3857792316023487,1.3857792316023456,1.0,0.135,0.0,1315.75,1368.0,1035.2375000000002,8
24,1.3857792316023456,1.3857792316023487,1.3857792316023456,1.0,0.135,0.0,1315.75,1368.0,1035.2375000000002,8
25,1.3857792316023456,1.3857792316023487,1.3857792316023456,1.0,0.135,0.0,1315.75,1368.0,1035.2375000000002,8
1,1.3857792316023456,22.477135282044106,114.93673474250059,1.0,0.06,0.30392477019836006,1315.75,1368.0,1035.2375000000002,8
2,1.3857792316023456,11.076125291350222,58.17938856340964,1.0,0.06,0.3077605570530027,1315.75,1368.0,1035.2375000000002,8
3,1.3857792316023456,4.670956248735954,33.642067665087666,1.0,0.06,0.20731132075471698,1315.75,1368.0,1035.2375000000002,8
4,1.3857792316023456,1.7655922805019617,21.10161899616421,1.0,0.06,0.04132599580712796,1315.75,1368.0,1035.2375000000002,8
5,1.3857792316023456,1.4277593209124348,8.102593521216175,1.0,0.06,0.0125,1315.75,1368.0,1035.2375000000002,8
6,1.3857792316023456,1.3857792316023487,1.3857792316023456,1.0,0.06,0.0,1315.75,1368.0,1035.2375000000002,8
7,1.3857792316023456,1.3857792316023487,1.3857792316023456,1.0,0.06,0.0,1315.75,1368.0,1035.2375000000002,8
8,1.3857792316023456,1.3857792316023487,1.3857792316023456,1.0,0.06,0.0,1315.75,1368.0,1035.2375000000002,8
9,1.3857792316023456,1.3857792316023487,1.3857792316023456,1.0,0.06,0.0,1315.75,1368.0,1035.2375000000002,8
10,1.3857792316023456,1.3857792316023487,1.3857792316023456,1.0,0.06,0.0,1315.75,1368.0,1035.2375000000002,8
11,1.3857792316023456,1.3857792316023487,1.3857792316023456,1.0,0.09,0.0,1315.75,1368.0,1035.2375000000002,8
12,1.3857792316023456,1.3857792316023487,1.3857792316023456,1.0,0.09,0.0,1315.75,1368.0,1035.2375000000002,8
13,1.3857792316023456,1.3857792316023487,1.3857792316023456,1.0,0.09,0.0,1315.75,1368.0,1035.2375000000002,8
14,1.3857792316023456,1.3857792316023487,1.3857792316023456,1.0,0.09,0.0,1315.75,1368.0,1035.2375000000002,8
15,1.3857792316023456,1.3857792316023487,1.3857792316023456,1.0,0.09,0.0,1315.75,1368.0,1035.2375000000002,8
16,1.3857792316023456,1.3857792316023487,1.3857792316023456,1.0,0.09,0.0,1315.75,1368.0,1035.2375000000002,8
17,1.3857792316023456,1.3857792316023487,1.3857792316023456,1.0,0.09,0.0,1315.75,1368.0,1035.2375000000002,8
18,1.3857792316023456,1.3857792316023487,1.3857792316023456,1.0,0.09,0.0,1315.75,1368.0,1035.2375000000002,8
19,1.3857792316023456,1.3857792316023487,1.3857792316023456,1.0,0.09,0.0,1315.75,1368.0,1035.2375000000002,8
20,1.3857792316023456,1.3857792316023487,1.3857792316023456,1.0,0.09,0.0,1315.75,1368.0,1035.2375000000002,8
21,1.3857792316023456,1.3857792316023487,1.3857792316023456,1.0,0.135,0.024842767295597486,1315.75,1368.0,1035.2375000000002,8
22,1.3857792316023456,1.3857792316023487,1.3857792316023456,1.0,0.135,0.0125,1315.75,1368.0,1035.2375000000002,8
23,1.3857792316023456,1.3857792316023487,1.3857792316023456,1.0,0.135,0.024842767295597486,1315.75,1368.0,1035.2375000000002,8
24,1.3857792316023456,1.3857792316023487,1.3857792316023456,1.0,0.135,0.03702830188679245,1315.75,1368.0,1035.2375000000002,8
25,1.3857792316023456,1.3857792316023487,1.3857792316023456,1.0,0.135,0.024842767295597486,1315.75,1368.0,1035.2375000000002,8
1,1.4763137884174622,19.4518723041098,73.79934497205267,1.0,0.06,0.40675227113905477,1315.75,1368.0,1035.2375000000002,8
2,1.4763137884174622,9.275086040334227,46.778648376172846,1.0,0.06,0.3403957023060759,1315.75,1368.0,1035.2375000000002,8
3,1.4763137884174622,3.1694639572985235,35.04806011960243,1.0,0.06,0.18191823899371068,1315.75,1368.0,1035.2375000000002,8
4,1.4763137884174622,1.6649039940256436,10.61251800524186,1.0,0.06,0.06757075471698114,1315.75,1368.0,1035.2375000000002,8
5,1.4763137884174622,1.4763137884174586,1.4763137884174622,1.0,0.06,0.04905660377358491,1315.75,1368.0,1035.2375000000002,8
6,1.4763137884174622,1.4763137884174586,1.4763137884174622,1.0,0.06,0.04905660377358491,1315.75,1368.0,1035.2375000000002,8
7,1.4763137884174622,1.4763137884174586,1.4763137884174622,1.0,0.06,0.04905660377358491,1315.75,1368.0,1035.2375000000002,8
8,1.4763137884174622,1.4763137884174586,1.4763137884174622,1.0,0.06,0.07264150943396226,1315.75,1368.0,1035.2375000000002,8
9,1.4763137884174622,1.4763137884174586,1.4763137884174622,1.0,0.06,0.07264150943396226,1315.75,1368.0,1035.2375000000002,8
10,1.4763137884174622,1.4763137884174586,1.4763137884174622,1.0,0.06,0.09559748427672957,1315.75,1368.0,1035.2375000000002,8
11,1.4763137884174622,1.4763137884174586,1.4763137884174622,1.0,0.09,0.03702830188679245,1315.75,1368.0,1035.2375000000002,8
12,1.4763137884174622,1.4763137884174586,1.4763137884174622,1.0,0.09,0.0125,1315.75,1368.0,1035.2375000000002,8
13,1.4763137884174622,1.4763137884174586,1.4763137884174622,1.0,0.09,0.0125,1315.75,1368.0,1035.2375000000002,8
14,1.4763137884174622,1.4763137884174586,1.4763137884174622,1.0,0.09,0.0125,1315.75,1368.0,1035.2375000000002,8
15,1.4763137884174622,1.4763137884174586,1.4763137884174622,1.0,0.09,0.0,1315.75,1368.0,1035.2375000000002,8
16,1.4763137884174622,1.4763137884174586,1.4763137884174622,1.0,0.09,0.0,1315.75,1368.0,1035.2375000000002,8
17,1.4763137884174622,1.4763137884174586,1.4763137884174622,1.0,0.09,0.0,1315.75,1368.0,1035.2375000000002,8
18,1.4763137884174622,1.4763137884174586,1.4763137884174622,1.0,0.09,0.0,1315.75,1368.0,1035.2375000000002,8
19,1.4763137884174622,1.4763137884174586,1.4763137884174622,1.0,0.09,0.0,1315.75,1368.0,1035.2375000000002,8
20,1.4763137884174622,1.4763137884174586,1.4763137884174622,1.0,0.09,0.0,1315.75,1368.0,1035.2375000000002,8
21,1.4763137884174622,1.4763137884174586,1.4763137884174622,1.0,0.135,0.0,1315.75,1368.0,1035.2375000000002,8
22,1.4763137884174622,1.4763137884174586,1.4763137884174622,1.0,0.135,0.0,1315.75,1368.0,1035.2375000000002,8
23,1.4763137884174622,1.4763137884174586,1.4763137884174622,1.0,0.135,0.0,1315.75,1368.0,1035.2375000000002,8
24,1.4763137884174622,1.4763137884174586,1.4763137884174622,1.0,0.135,0.0,1315.75,1368.0,1035.2375000000002,8
25,1.4763137884174622,4.856041965913013,45.65830089270525,1.0,0.135,0.18378930817609584,1315.75,1368.0,1035.2375000000002,8
1,1.4763137884174622,21.35958109391376,82.61978745232148,1.0,0.06,0.4258647798742097,1315.75,1368.0,1035.2375000000002,8
2,1.4763137884174622,10.821737090322355,47.81942897636887,1.0,0.06,0.3773715932914076,1315.75,1368.0,1035.2375000000002,8
3,1.4763137884174622,4.450920954891575,33.19138513860946,1.0,0.06,0.2723073899371069,1315.75,1368.0,1035.2375000000002,8
4,1.4763137884174622,1.9572684194604402,27.732462119918868,1.0,0.06,0.058352987421383645,1315.75,1368.0,1035.2375000000002,8
5,1.4763137884174622,1.4763137884174586,1.4763137884174622,1.0,0.06,0.0,1315.75,1368.0,1035.2375000000002,8
6,1.4763137884174622,1.4763137884174586,1.4763137884174622,1.0,0.06,0.0,1315.75,1368.0,1035.2375000000002,8
7,1.4763137884174622,1.4763137884174586,1.4763137884174622,1.0,0.06,0.0,1315.75,1368.0,1035.2375000000002,8
8,1.4763137884174622,1.4763137884174586,1.4763137884174622,1.0,0.06,0.0,1315.75,1368.0,1035.2375000000002,8
9,1.4763137884174622,1.4763137884174586,1.4763137884174622,1.0,0.06,0.0,1315.75,1368.0,1035.2375000000002,8
10,1.4763137884174622,1.4763137884174586,1.4763137884174622,1.0,0.06,0.0,1315.75,1368.0,1035.2375000000002,8
11,1.4763137884174622,1.4763137884174586,1.4763137884174622,1.0,0.09,0.0,1315.75,1368.0,1035.2375000000002,8
12,1.4763137884174622,1.4763137884174586,1.4763137884174622,1.0,0.09,0.0,1315.75,1368.0,1035.2375000000002,8
13,1.4763137884174622,1.4763137884174586,1.4763137884174622,1.0,0.09,0.0,1315.75,1368.0,1035.2375000000002,8
14,1.4763137884174622,1.4763137884174586,1.4763137884174622,1.0,0.09,0.0,1315.75,1368.0,1035.2375000000002,8
15,1.4763137884174622,1.4763137884174586,1.4763137884174622,1.0,0.09,0.0,1315.75,1368.0,1035.2375000000002,8
16,1.4763137884174622,1.4763137884174586,1.4763137884174622,1.0,0.09,0.0,1315.75,1368.0,1035.2375000000002,8
17,1.4763137884174622,1.4763137884174586,1.4763137884174622,1.0,0.09,0.0,1315.75,1368.0,1035.2375000000002,8
18,1.4763137884174622,1.4763137884174586,1.4763137884174622,1.0,0.09,0.0,1315.75,1368.0,1035.2375000000002,8
19,1.4763137884174622,1.4763137884174586,1.4763137884174622,1.0,0.09,0.0,1315.75,1368.0,1035.2375000000002,8
20,1.4763137884174622,1.4763137884174586,1.4763137884174622,1.0,0.09,0.0,1315.75,1368.0,1035.2375000000002,8
21,1.4763137884174622,1.4763137884174586,1.4763137884174622,1.0,0.135,0.0,1315.75,1368.0,1035.2375000000002,8
22,1.4763137884174622,1.4763137884174586,1.4763137884174622,1.0,0.135,0.0,1315.75,1368.0,1035.2375000000002,8
23,1.4763137884174622,1.4763137884174586,1.4763137884174622,1.0,0.135,0.0,1315.75,1368.0,1035.2375000000002,8
24,1.4763137884174622,1.4763137884174586,1.4763137884174622,1.0,0.135,0.0,1315.75,1368.0,1035.2375000000002,8
25,1.2963253989938304,4.2721151353869615,62.895775709272414,1.0,0.135,0.11408355795148083,1315.75,1368.0,1035.2375000000002,8
26,1.2963253989938304,1.6978965723594495,23.592089525127236,1.0,0.0945,0.040828092243186606,1315.75,1368.0,1035.2375000000002,8
27,1.2963253989938304,1.4650645140784824,1.4763137884174622,1.0,0.0945,0.1179245283018868,1315.75,1368.0,1035.2375000000002,8
28,1.2963253989938304,1.4425659654005292,1.4763137884174622,1.0,0.0945,0.30660377358490565,1315.75,1368.0,1035.2375000000002,8
29,1.2963253989938304,1.4088181423835997,1.4763137884174622,1.0,0.0945,0.4716981132075472,1315.75,1368.0,1035.2375000000002,8
30,1.2963253989938304,1.3649459724615918,1.4763137884174622,1.0,0.0945,0.47476415094339625,1315.75,1368.0,1035.2375000000002,8
31,1.2963253989938304,1.3221987299734805,1.4763137884174622,1.0,0.0945,0.2477201257861635,1315.75,1368.0,1035.2375000000002,8
32,1.2963253989938304,1.2974503264277328,1.4763137884174622,1.0,0.0945,0.0125,1315.75,1368.0,1035.2375000000002,8
33,1.2963253989938304,1.296325398993835,1.2963253989938304,1.0,0.0945,0.0,1315.75,1368.0,1035.2375000000002,8
34,1.2963253989938304,1.296325398993835,1.2963253989938304,1.0,0.0945,0.0,1315.75,1368.0,1035.2375000000002,8
35,1.2963253989938304,1.296325398993835,1.2963253989938304,1.0,0.0945,0.0,1315.75,1368.0,1035.2375000000002,8
36,1.2963253989938304,1.2974503264277326,1.4763137884174622,1.0,0.14175,0.0125,1315.75,1368.0,1035.2375000000002,8
37,1.2963253989938304,1.296325398993835,1.2963253989938304,1.0,0.14175,0.0,1315.75,1368.0,1035.2375000000002,8
38,1.2963253989938304,1.296325398993835,1.2963253989938304,1.0,0.14175,0.0,1315.75,1368.0,1035.2375000000002,8
39,1.2963253989938304,1.296325398993835,1.2963253989938304,1.0,0.14175,0.0,1315.75,1368.0,1035.2375000000002,8
40,1.2963253989938304,1.296325398993835,1.2963253989938304,1.0,0.14175,0.0,1315.75,1368.0,1035.2375000000002,8
41,1.2963253989938304,1.296325398993835,1.2963253989938304,1.0,0.14175,0.0,1315.75,1368.0,1035.2375000000002,8
42,1.2963253989938304,1.296325398993835,1.2963253989938304,1.0,0.14175,0.0,1315.75,1368.0,1035.2375000000002,8
43,1.2963253989938304,1.296325398993835,1.2963253989938304,1.0,0.14175,0.0,1315.75,1368.0,1035.2375000000002,8
44,1.2963253989938304,1.296325398993835,1.2963253989938304,1.0,0.14175,0.0,1315.75,1368.0,1035.2375000000002,8
45,1.2963253989938304,1.296325398993835,1.2963253989938304,1.0,0.14175,0.0,1315.75,1368.0,1035.2375000000002,8
46,1.2963253989938304,1.296325398993835,1.2963253989938304,1.0,0.15,0.0,1315.75,1368.0,1035.2375000000002,8
47,1.2963253989938304,1.296325398993835,1.2963253989938304,1.0,0.15,0.0,1315.75,1368.0,1035.2375000000002,8
48,1.2963253989938304,1.296325398993835,1.2963253989938304,1.0,0.15,0.0,1315.75,1368.0,1035.2375000000002,8
49,1.2963253989938304,1.296325398993835,1.2963253989938304,1.0,0.15,0.0,1315.75,1368.0,1035.2375000000002,8
50,1.2963253989938304,1.296325398993835,1.2963253989938304,1.0,0.15,0.0,1315.75,1368.0,1035.2375000000002,8
1,1.6042065824129161,20.258849766367568,102.63774101186972,1.0,0.06,0.3108883647798704,1315.75,1368.0,1035.2375000000002,8
2,1.6042065824129161,9.066040681842424,45.455251633343806,1.0,0.06,0.2742587601078167,1315.75,1368.0,1035.2375000000002,8
3,1.6042065824129161,3.1436821016887255,28.75685007457069,1.0,0.06,0.1717374213836478,1315.75,1368.0,1035.2375000000002,8
4,1.6042065824129161,1.6146657829773698,3.277678672724672,1.0,0.06,0.0125,1315.75,1368.0,1035.2375000000002,8
5,1.6042065824129161,1.6042065824129215,1.6042065824129161,1.0,0.06,0.0,1315.75,1368.0,1035.2375000000002,8
6,1.6042065824129161,1.6042065824129215,1.6042065824129161,1.0,0.06,0.0,1315.75,1368.0,1035.2375000000002,8
7,1.6042065824129161,1.6042065824129215,1.6042065824129161,1.0,0.06,0.0,1315.75,1368.0,1035.2375000000002,8
8,1.6042065824129161,1.6042065824129215,1.6042065824129161,1.0,0.06,0.0,1315.75,1368.0,1035.2375000000002,8
9,1.6042065824129161,1.6042065824129215,1.6042065824129161,1.0,0.06,0.0,1315.75,1368.0,1035.2375000000002,8
10,1.6042065824129161,1.6042065824129215,1.6042065824129161,1.0,0.06,0.0,1315.75,1368.0,1035.2375000000002,8
11,1.6042065824129161,1.6042065824129215,1.6042065824129161,1.0,0.09,0.0,1315.75,1368.0,1035.2375000000002,8
12,1.6042065824129161,1.6042065824129215,1.6042065824129161,1.0,0.09,0.0,1315.75,1368.0,1035.2375000000002,8
13,1.6042065824129161,1.6042065824129215,1.6042065824129161,1.0,0.09,0.0,1315.75,1368.0,1035.2375000000002,8
14,1.6042065824129161,1.6042065824129215,1.6042065824129161,1.0,0.09,0.0,1315.75,1368.0,1035.2375000000002,8
15,1.6042065824129161,1.6042065824129215,1.6042065824129161,1.0,0.09,0.0,1315.75,1368.0,1035.2375000000002,8
16,1.6042065824129161,1.6042065824129215,1.6042065824129161,1.0,0.09,0.0,1315.75,1368.0,1035.2375000000002,8
17,1.6042065824129161,1.6042065824129215,1.6042065824129161,1.0,0.09,0.0,1315.75,1368.0,1035.2375000000002,8
18,1.6042065824129161,1.6042065824129215,1.6042065824129161,1.0,0.09,0.0,1315.75,1368.0,1035.2375000000002,8
19,1.6042065824129161,1.6042065824129215,1.6042065824129161,1.0,0.09,0.0,1315.75,1368.0,1035.2375000000002,8
20,1.6042065824129161,1.6042065824129215,1.6042065824129161,1.0,0.09,0.0,1315.75,1368.0,1035.2375000000002,8
21,1.6042065824129161,1.6042065824129215,1.6042065824129161,1.0,0.135,0.0,1315.75,1368.0,1035.2375000000002,8
22,1.6042065824129161,1.6042065824129215,1.6042065824129161,1.0,0.135,0.0,1315.75,1368.0,1035.2375000000002,8
23,1.6042065824129161,1.6042065824129215,1.6042065824129161,1.0,0.135,0.0,1315.75,1368.0,1035.2375000000002,8
24,1.6042065824129161,1.6042065824129215,1.6042065824129161,1.0,0.135,0.0,1315.75,1368.0,1035.2375000000002,8
25,1.6042065824129161,3.3717793715409377,51.53221455826723,1.0,0.135,0.10831761006289202,1315.75,1368.0,1035.2375000000002,8
1,1.7102713763811062,22.22437039495695,102.82286785866934,1.0,0.06,0.32667714884696386,1315.75,1368.0,1035.2375000000002,8
2,1.7102713763811062,10.810222278178848,70.46705338066064,1.0,0.06,0.24736198462613276,1315.75,1368.0,1035.2375000000002,8
3,1.7102713763811062,4.338189491875068,31.934565796120836,1.0,0.06,0.1926886792452844,1315.75,1368.0,1035.2375000000002,8
4,1.7102713763811062,2.2785659842682997,19.584045638721253,1.0,0.06,0.06350628930817613,1315.75,1368.0,1035.2375000000002,8
5,1.7102713763811062,1.7328955880157735,5.330145237927308,1.0,0.06,0.0125,1315.75,1368.0,1035.2375000000002,8
6,1.7102713763811062,1.71027137638111,1.7102713763811062,1.0,0.06,0.0,1315.75,1368.0,1035.2375000000002,8
7,1.7102713763811062,1.71027137638111,1.7102713763811062,1.0,0.06,0.0,1315.75,1368.0,1035.2375000000002,8
8,1.7102713763811062,1.71027137638111,1.7102713763811062,1.0,0.06,0.0,1315.75,1368.0,1035.2375000000002,8
9,1.7102713763811062,1.71027137638111,1.7102713763811062,1.0,0.06,0.0,1315.75,1368.0,1035.2375000000002,8
10,1.7102713763811062,1.71027137638111,1.7102713763811062,1.0,0.06,0.0,1315.75,1368.0,1035.2375000000002,8
11,1.7102713763811062,1.71027137638111,1.7102713763811062,1.0,0.09,0.0,1315.75,1368.0,1035.2375000000002,8
12,1.7102713763811062,1.71027137638111,1.7102713763811062,1.0,0.09,0.0,1315.75,1368.0,1035.2375000000002,8
13,1.7102713763811062,1.71027137638111,1.7102713763811062,1.0,0.09,0.0,1315.75,1368.0,1035.2375000000002,8
14,1.7102713763811062,1.71027137638111,1.7102713763811062,1.0,0.09,0.0,1315.75,1368.0,1035.2375000000002,8
15,1.7102713763811062,1.71027137638111,1.7102713763811062,1.0,0.09,0.0,1315.75,1368.0,1035.2375000000002,8
16,1.7102713763811062,1.71027137638111,1.7102713763811062,1.0,0.09,0.0,1315.75,1368.0,1035.2375000000002,8
17,1.7102713763811062,1.71027137638111,1.7102713763811062,1.0,0.09,0.0,1315.75,1368.0,1035.2375000000002,8
18,1.7102713763811062,1.71027137638111,1.7102713763811062,1.0,0.09,0.0,1315.75,1368.0,1035.2375000000002,8
19,1.7102713763811062,1.71027137638111,1.7102713763811062,1.0,0.09,0.0,1315.75,1368.0,1035.2375000000002,8
20,1.7102713763811062,1.71027137638111,1.7102713763811062,1.0,0.09,0.0,1315.75,1368.0,1035.2375000000002,8
21,1.7102713763811062,2.0090889266366028,49.52107941725959,1.0,0.135,0.0125,1315.75,1368.0,1035.2375000000002,8
22,1.7102713763811062,1.71027137638111,1.7102713763811062,1.0,0.135,0.0,1315.75,1368.0,1035.2375000000002,8
23,1.7102713763811062,1.71027137638111,1.7102713763811062,1.0,0.135,0.0,1315.75,1368.0,1035.2375000000002,8
24,1.7102713763811062,1.71027137638111,1.7102713763811062,1.0,0.135,0.0,1315.75,1368.0,1035.2375000000002,8
25,1.7102713763811062,1.71027137638111,1.7102713763811062,1.0,0.135,0.0,1315.75,1368.0,1035.2375000000002,8
1,1.6461910477230084,21.006390001331585,74.67320124675554,1.0,0.06,0.45357704402515725,1315.75,1368.0,1035.2375000000002,8
2,1.6461910477230084,7.5103960160863705,51.21987664646814,1.0,0.06,0.33778301886792944,1315.75,1368.0,1035.2375000000002,8
3,1.6461910477230084,2.8451636762411736,26.039243207520975,1.0,0.06,0.1540880503144654,1315.75,1368.0,1035.2375000000002,8
4,1.6461910477230084,1.8779176060664315,1.8869459135343531,1.0,0.06,0.19709119496855346,1315.75,1368.0,1035.2375000000002,8
5,1.6461910477230084,1.8613657090419014,1.8869459135343531,1.0,0.06,0.3431603773584906,1315.75,1368.0,1035.2375000000002,8
6,1.6461910477230084,1.8357855045494467,1.8869459135343531,1.0,0.06,0.460062893081761,1315.75,1368.0,1035.2375000000002,8
7,1.6461910477230084,1.7981675567664233,1.8869459135343531,1.0,0.06,0.5132861635220126,1315.75,1368.0,1035.2375000000002,8
8,1.6461910477230084,1.750016583604155,1.8869459135343531,1.0,0.06,0.5140723270440252,1315.75,1368.0,1035.2375000000002,8
9,1.6461910477230084,1.670266534304148,1.8869459135343531,1.0,0.06,0.18231132075471698,1315.75,1368.0,1035.2375000000002,8
10,1.6461910477230084,1.6492004835456562,1.8869459135343531,1.0,0.06,0.024842767295597486,1315.75,1368.0,1035.2375000000002,8
11,1.6461910477230084,1.8101791906760005,27.884293920201277,1.0,0.09,0.0125,1315.75,1368.0,1035.2375000000002,8
12,1.6461910477230084,1.6461910477230144,1.6461910477230084,1.0,0.09,0.0,1315.75,1368.0,1035.2375000000002,8
13,1.6461910477230084,1.6461910477230144,1.6461910477230084,1.0,0.09,0.0,1315.75,1368.0,1035.2375000000002,8
14,1.6461910477230084,1.6461910477230144,1.6461910477230084,1.0,0.09,0.0,1315.75,1368.0,1035.2375000000002,8
15,1.6461910477230084,1.6461910477230144,1.6461910477230084,1.0,0.09,0.0,1315.75,1368.0,1035.2375000000002,8
16,1.6461910477230084,1.6461910477230144,1.6461910477230084,1.0,0.09,0.0,1315.75,1368.0,1035.2375000000002,8
17,1.6461910477230084,1.6461910477230144,1.6461910477230084,1.0,0.09,0.0,1315.75,1368.0,1035.2375000000002,8
18,1.6461910477230084,1.6461910477230144,1.6461910477230084,1.0,0.09,0.0,1315.75,1368.0,1035.2375000000002,8
19,1.6461910477230084,1.6461910477230144,1.6461910477230084,1.0,0.09,0.0,1315.75,1368.0,1035.2375000000002,8
20,1.6461910477230084,1.6461910477230144,1.6461910477230084,1.0,0.09,0.0,1315.75,1368.0,1035.2375000000002,8
21,1.6461910477230084,1.6461910477230144,1.6461910477230084,1.0,0.135,0.0,1315.75,1368.0,1035.2375000000002,8
22,1.6461910477230084,1.6461910477230144,1.6461910477230084,1.0,0.135,0.0,1315.75,1368.0,1035.2375000000002,8
23,1.6461910477230084,1.6461910477230144,1.6461910477230084,1.0,0.135,0.0,1315.75,1368.0,1035.2375000000002,8
24,1.6461910477230084,1.6461910477230144,1.6461910477230084,1.0,0.135,0.0,1315.75,1368.0,1035.2375000000002,8
25,1.6461910477230084,1.6461910477230144,1.6461910477230084,1.0,0.135,0.0,1315.75,1368.0,1035.2375000000002,8
1,1.0598999221182788,22.44687972631136,74.00926115575396,1.0,0.06,0.4069261006289316,1315.75,1368.0,1035.2375000000002,8
2,1.0598999221182788,10.464633965446321,58.604748960365804,1.0,0.06,0.26903498427672956,1315.75,1368.0,1035.2375000000002,8
3,1.0598999221182788,3.6683134473453913,37.1908373798971,1.0,0.06,0.1868514150943396,1315.75,1368.0,1035.2375000000002,8
4,1.0598999221182788,1.3299697407748385,18.301065393440936,1.0,0.06,0.029009433962264033,1315.75,1368.0,1035.2375000000002,8
5,1.0598999221182788,1.0598999221182805,1.0598999221182788,1.0,0.06,0.0,1315.75,1368.0,1035.2375000000002,8
6,1.0598999221182788,1.0598999221182805,1.0598999221182788,1.0,0.06,0.0,1315.75,1368.0,1035.2375000000002,8
7,1.0598999221182788,1.0598999221182805,1.0598999221182788,1.0,0.06,0.0,1315.75,1368.0,1035.2375000000002,8
8,1.0598999221182788,1.0598999221182805,1.0598999221182788,1.0,0.06,0.0,1315.75,1368.0,1035.2375000000002,8
9,1.0598999221182788,1.0598999221182805,1.0598999221182788,1.0,0.06,0.0,1315.75,1368.0,1035.2375000000002,8
10,1.0598999221182788,1.0598999221182805,1.0598999221182788,1.0,0.06,0.0,1315.75,1368.0,1035.2375000000002,8
11,1.0598999221182788,1.0598999221182805,1.0598999221182788,1.0,0.09,0.0,1315.75,1368.0,1035.2375000000002,8
12,1.0598999221182788,1.0598999221182805,1.0598999221182788,1.0,0.09,0.0,1315.75,1368.0,1035.2375000000002,8
13,1.0598999221182788,1.0598999221182805,1.0598999221182788,1.0,0.09,0.0,1315.75,1368.0,1035.2375000000002,8
14,1.0598999221182788,1.0598999221182805,1.0598999221182788,1.0,0.09,0.0,1315.75,1368.0,1035.2375000000002,8
15,1.0598999221182788,1.0598999221182805,1.0598999221182788,1.0,0.09,0.0,1315.75,1368.0,1035.2375000000002,8
16,1.0598999221182788,1.0598999221182805,1.0598999221182788,1.0,0.09,0.0,1315.75,1368.0,1035.2375000000002,8
17,1.0598999221182788,1.0598999221182805,1.0598999221182788,1.0,0.09,0.0,1315.75,1368.0,1035.2375000000002,8
18,1.0598999221182788,1.0598999221182805,1.0598999221182788,1.0,0.09,0.0,1315.75,1368.0,1035.2375000000002,8
19,1.0598999221182788,1.0598999221182805,1.0598999221182788,1.0,0.09,0.0,1315.75,1368.0,1035.2375000000002,8
20,1.0598999221182788,1.0598999221182805,1.0598999221182788,1.0,0.09,0.0,1315.75,1368.0,1035.2375000000002,8
21,1.0598999221182788,1.0598999221182805,1.0598999221182788,1.0,0.135,0.0,1315.75,1368.0,1035.2375000000002,8
22,1.0598999221182788,1.0598999221182805,1.0598999221182788,1.0,0.135,0.0,1315.75,1368.0,1035.2375000000002,8
23,1.0598999221182788,1.0598999221182805,1.0598999221182788,1.0,0.135,0.0,1315.75,1368.0,1035.2375000000002,8
24,1.0598999221182788,1.0598999221182805,1.0598999221182788,1.0,0.135,0.0,1315.75,1368.0,1035.2375000000002,8
25,1.0598999221182788,3.349542349885575,44.34069263854419,1.0,0.135,0.11069182389937345,1315.75,1368.0,1035.2375000000002,8
1,2.321622037666095,22.562479766888828,88.22829234614397,1.0,0.06,0.43895877009083456,1315.75,1368.0,1035.2375000000002,8
2,2.321622037666095,10.61605763891745,54.882074732526405,1.0,0.06,0.3151729559748395,1315.75,1368.0,1035.2375000000002,8
3,2.321622037666095,4.634667423870966,26.08390138621738,1.0,0.06,0.2094929245283019,1315.75,1368.0,1035.2375000000002,8
4,2.321622037666095,2.467240346431071,13.425326816916828,1.0,0.06,0.04127358490566054,1315.75,1368.0,1035.2375000000002,8
5,2.321622037666095,2.32162203766609,2.321622037666095,1.0,0.06,0.0,1315.75,1368.0,1035.2375000000002,8
6,2.321622037666095,2.32162203766609,2.321622037666095,1.0,0.06,0.0,1315.75,1368.0,1035.2375000000002,8
7,2.321622037666095,2.32162203766609,2.321622037666095,1.0,0.06,0.0,1315.75,1368.0,1035.2375000000002,8
8,2.321622037666095,2.32162203766609,2.321622037666095,1.0,0.06,0.0,1315.75,1368.0,1035.2375000000002,8
9,2.321622037666095,2.32162203766609,2.321622037666095,1.0,0.06,0.0,1315.75,1368.0,1035.2375000000002,8
10,2.321622037666095,2.32162203766609,2.321622037666095,1.0,0.06,0.0,1315.75,1368.0,1035.2375000000002,8
11,2.321622037666095,2.32162203766609,2.321622037666095,1.0,0.09,0.0,1315.75,1368.0,1035.2375000000002,8
12,2.321622037666095,2.32162203766609,2.321622037666095,1.0,0.09,0.0,1315.75,1368.0,1035.2375000000002,8
13,2.321622037666095,2.32162203766609,2.321622037666095,1.0,0.09,0.0,1315.75,1368.0,1035.2375000000002,8
14,2.321622037666095,2.32162203766609,2.321622037666095,1.0,0.09,0.0,1315.75,1368.0,1035.2375000000002,8
15,2.321622037666095,2.32162203766609,2.321622037666095,1.0,0.09,0.0,1315.75,1368.0,1035.2375000000002,8
16,2.321622037666095,2.32162203766609,2.321622037666095,1.0,0.09,0.0,1315.75,1368.0,1035.2375000000002,8
17,2.321622037666095,2.32162203766609,2.321622037666095,1.0,0.09,0.0,1315.75,1368.0,1035.2375000000002,8
18,2.321622037666095,2.32162203766609,2.321622037666095,1.0,0.09,0.0,1315.75,1368.0,1035.2375000000002,8
19,2.321622037666095,2.32162203766609,2.321622037666095,1.0,0.09,0.0,1315.75,1368.0,1035.2375000000002,8
20,2.321622037666095,2.32162203766609,2.321622037666095,1.0,0.09,0.0,1315.75,1368.0,1035.2375000000002,8
21,2.321622037666095,2.32162203766609,2.321622037666095,1.0,0.135,0.0,1315.75,1368.0,1035.2375000000002,8
22,2.321622037666095,2.32162203766609,2.321622037666095,1.0,0.135,0.0,1315.75,1368.0,1035.2375000000002,8
23,2.321622037666095,2.32162203766609,2.321622037666095,1.0,0.135,0.0,1315.75,1368.0,1035.2375000000002,8
24,2.321622037666095,2.32162203766609,2.321622037666095,1.0,0.135,0.0,1315.75,1368.0,1035.2375000000002,8
25,2.321622037666095,4.745714153442031,42.043554130728815,1.0,0.135,0.09379804332634116,1315.75,1368.0,1035.2375000000002,8
1,3.098215494419763,21.989923039378557,71.4109898245372,1.0,0.06,0.4715998427672956,1315.75,1368.0,1035.2375000000002,8
2,3.098215494419763,10.15533402455517,45.62097563815961,1.0,0.06,0.40437106918240207,1315.75,1368.0,1035.2375000000002,8
3,3.098215494419763,5.100689191119191,34.32031503496787,1.0,0.06,0.18106918238993477,1315.75,1368.0,1035.2375000000002,8
4,3.098215494419763,3.2959422312041537,13.16347703599238,1.0,0.06,0.07936320754716981,1315.75,1368.0,1035.2375000000002,8
5,3.098215494419763,3.0982154944197724,3.098215494419763,1.0,0.06,0.0,1315.75,1368.0,1035.2375000000002,8
6,3.098215494419763,3.0982154944197724,3.098215494419763,1.0,0.06,0.0,1315.75,1368.0,1035.2375000000002,8
7,3.098215494419763,3.0982154944197724,3.098215494419763,1.0,0.06,0.0,1315.75,1368.0,1035.2375000000002,8
8,3.098215494419763,3.0982154944197724,3.098215494419763,1.0,0.06,0.0,1315.75,1368.0,1035.2375000000002,8
9,3.098215494419763,3.0982154944197724,3.098215494419763,1.0,0.06,0.0,1315.75,1368.0,1035.2375000000002,8
10,3.098215494419763,3.0982154944197724,3.098215494419763,1.0,0.06,0.0,1315.75,1368.0,1035.2375000000002,8
11,3.098215494419763,3.0982154944197724,3.098215494419763,1.0,0.09,0.0,1315.75,1368.0,1035.2375000000002,8
12,3.098215494419763,3.0982154944197724,3.098215494419763,1.0,0.09,0.0,1315.75,1368.0,1035.2375000000002,8
13,3.098215494419763,3.0982154944197724,3.098215494419763,1.0,0.09,0.0,1315.75,1368.0,1035.2375000000002,8
14,3.098215494419763,3.0982154944197724,3.098215494419763,1.0,0.09,0.0,1315.75,1368.0,1035.2375000000002,8
15,3.098215494419763,3.0982154944197724,3.098215494419763,1.0,0.09,0.0,1315.75,1368.0,1035.2375000000002,8
16,3.098215494419763,3.0982154944197724,3.098215494419763,1.0,0.09,0.0,1315.75,1368.0,1035.2375000000002,8
17,3.098215494419763,3.0982154944197724,3.098215494419763,1.0,0.09,0.0,1315.75,1368.0,1035.2375000000002,8
18,3.098215494419763,3.0982154944197724,3.098215494419763,1.0,0.09,0.0,1315.75,1368.0,1035.2375000000002,8
19,3.098215494419763,3.0982154944197724,3.098215494419763,1.0,0.09,0.0,1315.75,1368.0,1035.2375000000002,8
20,3.098215494419763,3.0982154944197724,3.098215494419763,1.0,0.09,0.0,1315.75,1368.0,1035.2375000000002,8
21,2.242716806282159,3.15059170317699,14.044904959987425,1.0,0.135,0.03089622641509434,1315.75,1368.0,1035.2375000000002,8
22,2.242716806282159,3.0607874268137514,3.098215494419763,1.0,0.0945,0.08419811320754716,1315.75,1368.0,1035.2375000000002,8
23,2.242716806282159,3.0180124924068705,3.098215494419763,1.0,0.0945,0.17099056603773585,1315.75,1368.0,1035.2375000000002,8
24,2.242716806282159,2.953850090796549,3.098215494419763,1.0,0.0945,0.282311320754717,1315.75,1368.0,1035.2375000000002,8
25,2.242716806282159,2.8148315539741846,3.098215494419763,1.0,0.0945,0.44583333333333336,1315.75,1368.0,1035.2375000000002,8
26,2.242716806282159,2.61699748234236,3.098215494419763,1.0,0.0945,0.49528301886792453,1315.75,1368.0,1035.2375000000002,8
27,2.242716806282159,2.392429076706235,3.098215494419763,1.0,0.0945,0.29056603773584905,1315.75,1368.0,1035.2375000000002,8
28,2.242716806282159,2.280144873888173,3.098215494419763,1.0,0.0945,0.08419811320754716,1315.75,1368.0,1035.2375000000002,8
29,2.242716806282159,2.2427168062821514,2.242716806282159,1.0,0.0945,0.0,1315.75,1368.0,1035.2375000000002,8
30,2.242716806282159,2.2427168062821514,2.242716806282159,1.0,0.0945,0.0,1315.75,1368.0,1035.2375000000002,8
31,2.242716806282159,2.2427168062821514,2.242716806282159,1.0,0.0945,0.0,1315.75,1368.0,1035.2375000000002,8
32,2.242716806282159,2.2480636730830117,3.098215494419763,1.0,0.14175,0.0125,1315.75,1368.0,1035.2375000000002,8
33,2.242716806282159,2.2427168062821514,2.242716806282159,1.0,0.14175,0.0,1315.75,1368.0,1035.2375000000002,8
34,2.242716806282159,2.2427168062821514,2.242716806282159,1.0,0.14175,0.0,1315.75,1368.0,1035.2375000000002,8
35,2.242716806282159,2.2427168062821514,2.242716806282159,1.0,0.14175,0.0,1315.75,1368.0,1035.2375000000002,8
36,2.242716806282159,2.2427168062821514,2.242716806282159,1.0,0.14175,0.0,1315.75,1368.0,1035.2375000000002,8
37,2.242716806282159,2.2427168062821514,2.242716806282159,1.0,0.14175,0.0,1315.75,1368.0,1035.2375000000002,8
38,2.242716806282159,2.2427168062821514,2.242716806282159,1.0,0.14175,0.0,1315.75,1368.0,1035.2375000000002,8
39,2.242716806282159,2.2427168062821514,2.242716806282159,1.0,0.14175,0.0,1315.75,1368.0,1035.2375000000002,8
40,2.242716806282159,2.2427168062821514,2.242716806282159,1.0,0.14175,0.0,1315.75,1368.0,1035.2375000000002,8
41,2.242716806282159,2.2427168062821514,2.242716806282159,1.0,0.14175,0.0,1315.75,1368.0,1035.2375000000002,8
42,2.242716806282159,2.2427168062821514,2.242716806282159,1.0,0.15,0.0,1315.75,1368.0,1035.2375000000002,8
43,2.242716806282159,2.2427168062821514,2.242716806282159,1.0,0.15,0.0,1315.75,1368.0,1035.2375000000002,8
44,2.242716806282159,2.2427168062821514,2.242716806282159,1.0,0.15,0.0,1315.75,1368.0,1035.2375000000002,8
45,2.242716806282159,2.2427168062821514,2.242716806282159,1.0,0.15,0.0,1315.75,1368.0,1035.2375000000002,8
46,2.242716806282159,2.2427168062821514,2.242716806282159,1.0,0.15,0.0,1315.75,1368.0,1035.2375000000002,8
1,3.0458474495989107,20.963593524128203,78.92997150352988,1.0,0.06,0.4090321453528821,1315.75,1368.0,1035.2375000000002,8
2,3.0458474495989107,10.158159117073888,52.13532312392009,1.0,0.06,0.30128406708595745,1315.75,1368.0,1035.2375000000002,8
3,3.0458474495989107,4.934508162207868,32.96909031307854,1.0,0.06,0.19268867924528302,1315.75,1368.0,1035.2375000000002,8
4,3.0458474495989107,3.895758913869784,9.182991918256553,1.0,0.06,0.27633647798742667,1315.75,1368.0,1035.2375000000002,8
5,3.0458474495989107,3.6512976148042187,4.057821925603252,1.0,0.06,0.5688679245283019,1315.75,1368.0,1035.2375000000002,8
6,3.0458474495989107,3.4087775595790175,4.057821925603252,1.0,0.06,0.5514150943396227,1315.75,1368.0,1035.2375000000002,8
7,3.0458474495989107,3.157760714303568,4.057821925603252,1.0,0.06,0.2525943396226415,1315.75,1368.0,1035.2375000000002,8
8,3.0458474495989107,3.054779953547956,3.7604477655225996,1.0,0.06,0.024842767295597486,1315.75,1368.0,1035.2375000000002,8
9,3.0458474495989107,3.04584744959891,3.0458474495989107,1.0,0.06,0.0,1315.75,1368.0,1035.2375000000002,8
10,3.0458474495989107,3.04584744959891,3.0458474495989107,1.0,0.06,0.0,1315.75,1368.0,1035.2375000000002,8
11,3.0458474495989107,3.04584744959891,3.0458474495989107,1.0,0.09,0.0,1315.75,1368.0,1035.2375000000002,8
12,3.0458474495989107,3.04584744959891,3.0458474495989107,1.0,0.09,0.0,1315.75,1368.0,1035.2375000000002,8
13,3.0458474495989107,3.04584744959891,3.0458474495989107,1.0,0.09,0.0,1315.75,1368.0,1035.2375000000002,8
14,3.0458474495989107,3.04584744959891,3.0458474495989107,1.0,0.09,0.0,1315.75,1368.0,1035.2375000000002,8
15,3.0458474495989107,3.04584744959891,3.0458474495989107,1.0,0.09,0.0,1315.75,1368.0,1035.2375000000002,8
16,3.0458474495989107,3.04584744959891,3.0458474495989107,1.0,0.09,0.0,1315.75,1368.0,1035.2375000000002,8
17,3.0458474495989107,3.04584744959891,3.0458474495989107,1.0,0.09,0.0,1315.75,1368.0,1035.2375000000002,8
18,3.0458474495989107,3.04584744959891,3.0458474495989107,1.0,0.09,0.0,1315.75,1368.0,1035.2375000000002,8
19,3.0458474495989107,3.04584744959891,3.0458474495989107,1.0,0.09,0.0,1315.75,1368.0,1035.2375000000002,8
20,3.0458474495989107,3.04584744959891,3.0458474495989107,1.0,0.09,0.0,1315.75,1368.0,1035.2375000000002,8
21,3.0458474495989107,3.04584744959891,3.0458474495989107,1.0,0.135,0.0,1315.75,1368.0,1035.2375000000002,8
22,3.0458474495989107,3.04584744959891,3.0458474495989107,1.0,0.135,0.0,1315.75,1368.0,1035.2375000000002,8
23,3.0458474495989107,3.04584744959891,3.0458474495989107,1.0,0.135,0.0,1315.75,1368.0,1035.2375000000002,8
24,3.0458474495989107,3.04584744959891,3.0458474495989107,1.0,0.135,0.0,1315.75,1368.0,1035.2375000000002,8
25,3.0458474495989107,3.04584744959891,3.0458474495989107,1.0,0.135,0.0,1315.75,1368.0,1035.2375000000002,8
1,2.6534502159455666,21.79937297775475,76.92060907055262,1.0,0.06,0.4499115566037736,1315.75,1368.0,1035.2375000000002,8
2,2.6534502159455666,11.036829973145368,51.983430090310634,1.0,0.06,0.3001684636118588,1315.75,1368.0,1035.2375000000002,8
3,2.6534502159455666,5.065976336295142,31.20319340894767,1.0,0.06,0.21762971698113207,1315.75,1368.0,1035.2375000000002,8
4,2.6534502159455666,2.821379708148638,17.82120241701043,1.0,0.06,0.04319968553459119,1315.75,1368.0,1035.2375000000002,8
5,2.6534502159455666,2.6534502159455586,2.6534502159455666,1.0,0.06,0.03702830188679245,1315.75,1368.0,1035.2375000000002,8
6,2.6534502159455666,2.6534502159455586,2.6534502159455666,1.0,0.06,0.04905660377358491,1315.75,1368.0,1035.2375000000002,8
7,2.6534502159455666,2.6534502159455586,2.6534502159455666,1.0,0.06,0.09559748427672957,1315.75,1368.0,1035.2375000000002,8
8,2.6534502159455666,2.6534502159455586,2.6534502159455666,1.0,0.06,0.07264150943396226,1315.75,1368.0,1035.2375000000002,8
9,2.6534502159455666,2.6534502159455586,2.6534502159455666,1.0,0.06,0.04905660377358491,1315.75,1368.0,1035.2375000000002,8
10,2.6534502159455666,2.6534502159455586,2.6534502159455666,1.0,0.06,0.04905660377358491,1315.75,1368.0,1035.2375000000002,8
11,2.6534502159455666,2.813289167824659,28.227682516601856,1.0,0.09,0.03089622641509434,1315.75,1368.0,1035.2375000000002,8
12,2.6534502159455666,2.6534502159455586,2.6534502159455666,1.0,0.09,0.03702830188679245,1315.75,1368.0,1035.2375000000002,8
13,2.6534502159455666,2.6534502159455586,2.6534502159455666,1.0,0.09,0.04905660377358491,1315.75,1368.0,1035.2375000000002,8
14,2.6534502159455666,2.6534502159455586,2.6534502159455666,1.0,0.09,0.06092767295597484,1315.75,1368.0,1035.2375000000002,8
15,2.6534502159455666,2.6534502159455586,2.6534502159455666,1.0,0.09,0.07264150943396226,1315.75,1368.0,1035.2375000000002,8
16,2.6534502159455666,2.6534502159455586,2.6534502159455666,1.0,0.09,0.04905660377358491,1315.75,1368.0,1035.2375000000002,8
17,2.6534502159455666,2.6534502159455586,2.6534502159455666,1.0,0.09,0.0125,1315.75,1368.0,1035.2375000000002,8
18,2.6534502159455666,2.6534502159455586,2.6534502159455666,1.0,0.09,0.0,1315.75,1368.0,1035.2375000000002,8
19,2.6534502159455666,2.6534502159455586,2.6534502159455666,1.0,0.09,0.0,1315.75,1368.0,1035.2375000000002,8
20,2.6534502159455666,2.6534502159455586,2.6534502159455666,1.0,0.09,0.0,1315.75,1368.0,1035.2375000000002,8
21,2.6534502159455666,2.6534502159455586,2.6534502159455666,1.0,0.135,0.0,1315.75,1368.0,1035.2375000000002,8
22,2.6534502159455666,2.6534502159455586,2.6534502159455666,1.0,0.135,0.0,1315.75,1368.0,1035.2375000000002,8
23,2.6534502159455666,2.6534502159455586,2.6534502159455666,1.0,0.135,0.0,1315.75,1368.0,1035.2375000000002,8
24,2.6534502159455666,2.6534502159455586,2.6534502159455666,1.0,0.135,0.0,1315.75,1368.0,1035.2375000000002,8
25,2.6534502159455666,2.6534502159455586,2.6534502159455666,1.0,0.135,0.0,1315.75,1368.0,1035.2375000000002,8
1,2.0707627424572315,22.077747724154655,121.49838052358976,1.0,0.06,0.35905517438536594,1315.75,1368.0,1035.2375000000002,8
2,2.0707627424572315,11.297451028633535,60.72561127136372,1.0,0.06,0.34444070080863093,1315.75,1368.0,1035.2375000000002,8
3,2.0707627424572315,4.013228830206262,30.64669151139228,1.0,0.06,0.1554716981132063,1315.75,1368.0,1035.2375000000002,8
4,2.0707627424572315,2.864350126046986,21.645632107992903,1.0,0.06,0.10642033542976824,1315.75,1368.0,1035.2375000000002,8
5,2.0707627424572315,2.5114201442827793,2.6534502159455666,1.0,0.06,0.37099056603773584,1315.75,1368.0,1035.2375000000002,8
6,2.0707627424572315,2.4058080397130204,2.6534502159455666,1.0,0.06,0.4918238993710692,1315.75,1368.0,1035.2375000000002,8
7,2.0707627424572315,2.256494374631637,2.6534502159455666,1.0,0.06,0.4370283018867924,1315.75,1368.0,1035.2375000000002,8
8,2.0707627424572315,2.132673286515367,2.6534502159455666,1.0,0.06,0.19111635220125786,1315.75,1368.0,1035.2375000000002,8
9,2.0707627424572315,2.078046335875835,2.6534502159455666,1.0,0.06,0.024842767295597486,1315.75,1368.0,1035.2375000000002,8
10,2.0707627424572315,2.070762742457231,2.0707627424572315,1.0,0.06,0.0,1315.75,1368.0,1035.2375000000002,8
11,2.0707627424572315,2.070762742457231,2.0707627424572315,1.0,0.09,0.0,1315.75,1368.0,1035.2375000000002,8
12,2.0707627424572315,2.070762742457231,2.0707627424572315,1.0,0.09,0.0,1315.75,1368.0,1035.2375000000002,8
13,2.0707627424572315,2.070762742457231,2.0707627424572315,1.0,0.09,0.0,1315.75,1368.0,1035.2375000000002,8
14,2.0707627424572315,2.070762742457231,2.0707627424572315,1.0,0.09,0.0,1315.75,1368.0,1035.2375000000002,8
15,2.0707627424572315,2.070762742457231,2.0707627424572315,1.0,0.09,0.0,1315.75,1368.0,1035.2375000000002,8
16,2.0707627424572315,2.070762742457231,2.0707627424572315,1.0,0.09,0.0,1315.75,1368.0,1035.2375000000002,8
17,2.0707627424572315,2.070762742457231,2.0707627424572315,1.0,0.09,0.0,1315.75,1368.0,1035.2375000000002,8
18,2.0707627424572315,2.070762742457231,2.0707627424572315,1.0,0.09,0.0,1315.75,1368.0,1035.2375000000002,8
19,2.0707627424572315,2.070762742457231,2.0707627424572315,1.0,0.09,0.0,1315.75,1368.0,1035.2375000000002,8
20,2.0707627424572315,2.070762742457231,2.0707627424572315,1.0,0.09,0.0,1315.75,1368.0,1035.2375000000002,8
21,2.0707627424572315,2.070762742457231,2.0707627424572315,1.0,0.135,0.0,1315.75,1368.0,1035.2375000000002,8
22,2.0707627424572315,2.070762742457231,2.0707627424572315,1.0,0.135,0.0,1315.75,1368.0,1035.2375000000002,8
23,2.0707627424572315,2.070762742457231,2.0707627424572315,1.0,0.135,0.0,1315.75,1368.0,1035.2375000000002,8
24,2.0707627424572315,2.070762742457231,2.0707627424572315,1.0,0.135,0.0,1315.75,1368.0,1035.2375000000002,8
25,2.0707627424572315,2.070762742457231,2.0707627424572315,1.0,0.135,0.0,1315.75,1368.0,1035.2375000000002,8
1,2.9940556405550938,21.029424840492872,94.49896465239789,1.0,0.06,0.39438329839272107,1315.75,1368.0,1035.2375000000002,8
2,2.9940556405550938,10.100529240877048,42.65157784566471,1.0,0.06,0.38811320754718415,1315.75,1368.0,1035.2375000000002,8
3,2.9940556405550938,5.34111948539719,26.361373166268816,1.0,0.06,0.19221698113207547,1315.75,1368.0,1035.2375000000002,8
4,2.9940556405550938,3.7468226154862,15.816346459088274,1.0,0.06,0.102437106918239,1315.75,1368.0,1035.2375000000002,8
5,2.9940556405550938,3.6055353290235237,3.7466460263623924,1.0,0.06,0.30660377358490565,1315.75,1368.0,1035.2375000000002,8
6,2.9940556405550938,3.4644246316846514,3.7466460263623924,1.0,0.06,0.4716981132075472,1315.75,1368.0,1035.2375000000002,8
7,2.9940556405550938,3.257462275587643,3.7466460263623924,1.0,0.06,0.4578616352201258,1315.75,1368.0,1035.2375000000002,8
8,2.9940556405550938,3.0646109892245215,3.7466460263623924,1.0,0.06,0.17099056603773585,1315.75,1368.0,1035.2375000000002,8
9,2.9940556405550938,2.998759330466383,3.7466460263623924,1.0,0.06,0.0125,1315.75,1368.0,1035.2375000000002,8
10,2.9940556405550938,2.994055640555087,2.9940556405550938,1.0,0.06,0.0,1315.75,1368.0,1035.2375000000002,8
11,2.9940556405550938,2.994055640555087,2.9940556405550938,1.0,0.09,0.0,1315.75,1368.0,1035.2375000000002,8
12,2.9940556405550938,2.994055640555087,2.9940556405550938,1.0,0.09,0.0,1315.75,1368.0,1035.2375000000002,8
13,2.9940556405550938,2.994055640555087,2.9940556405550938,1.0,0.09,0.0,1315.75,1368.0,1035.2375000000002,8
14,2.9940556405550938,2.994055640555087,2.9940556405550938,1.0,0.09,0.0,1315.75,1368.0,1035.2375000000002,8
15,2.9940556405550938,2.994055640555087,2.9940556405550938,1.0,0.09,0.0,1315.75,1368.0,1035.2375000000002,8
16,2.9940556405550938,2.994055640555087,2.9940556405550938,1.0,0.09,0.0,1315.75,1368.0,1035.2375000000002,8
17,2.9940556405550938,2.994055640555087,2.9940556405550938,1.0,0.09,0.0,1315.75,1368.0,1035.2375000000002,8
18,2.9940556405550938,2.994055640555087,2.9940556405550938,1.0,0.09,0.0,1315.75,1368.0,1035.2375000000002,8
19,2.9940556405550938,2.994055640555087,2.9940556405550938,1.0,0.09,0.0,1315.75,1368.0,1035.2375000000002,8
20,2.9940556405550938,2.994055640555087,2.9940556405550938,1.0,0.09,0.0,1315.75,1368.0,1035.2375000000002,8
21,2.9940556405550938,2.998759330466383,3.7466460263623924,1.0,0.135,0.0125,1315.75,1368.0,1035.2375000000002,8
22,2.9940556405550938,2.994055640555087,2.9940556405550938,1.0,0.135,0.0,1315.75,1368.0,1035.2375000000002,8
23,2.9940556405550938,2.994055640555087,2.9940556405550938,1.0,0.135,0.0,1315.75,1368.0,1035.2375000000002,8
24,2.9940556405550938,2.994055640555087,2.9940556405550938,1.0,0.135,0.0,1315.75,1368.0,1035.2375000000002,8
25,2.9940556405550938,2.994055640555087,2.9940556405550938,1.0,0.135,0.0,1315.75,1368.0,1035.2375000000002,8
1,3.7466460263623924,22.626849150315742,85.55387341316487,1.0,0.06,0.40172169811322617,1315.75,1368.0,1035.2375000000002,8
2,3.7466460263623924,10.770642398327144,45.24567593499856,1.0,0.06,0.33744758909853395,1315.75,1368.0,1035.2375000000002,8
3,3.7466460263623924,5.30147003661841,32.432264282145084,1.0,0.06,0.13922955974842768,1315.75,1368.0,1035.2375000000002,8
4,3.7466460263623924,3.819941862014821,13.049036504857183,1.0,0.06,0.024921383647798744,1315.75,1368.0,1035.2375000000002,8
5,3.7466460263623924,3.746646026362395,3.7466460263623924,1.0,0.06,0.0,1315.75,1368.0,1035.2375000000002,8
6,3.7466460263623924,3.746646026362395,3.7466460263623924,1.0,0.06,0.0,1315.75,1368.0,1035.2375000000002,8
7,3.7466460263623924,3.746646026362395,3.7466460263623924,1.0,0.06,0.0,1315.75,1368.0,1035.2375000000002,8
8,3.7466460263623924,3.746646026362395,3.7466460263623924,1.0,0.06,0.0,1315.75,1368.0,1035.2375000000002,8
9,3.7466460263623924,3.746646026362395,3.7466460263623924,1.0,0.06,0.0,1315.75,1368.0,1035.2375000000002,8
10,3.7466460263623924,3.746646026362395,3.7466460263623924,1.0,0.06,0.0,1315.75,1368.0,1035.2375000000002,8
11,3.7466460263623924,3.746646026362395,3.7466460263623924,1.0,0.09,0.0,1315.75,1368.0,1035.2375000000002,8
12,3.7466460263623924,3.746646026362395,3.7466460263623924,1.0,0.09,0.0,1315.75,1368.0,1035.2375000000002,8
13,3.7466460263623924,3.746646026362395,3.7466460263623924,1.0,0.09,0.0,1315.75,1368.0,1035.2375000000002,8
14,3.7466460263623924,3.746646026362395,3.7466460263623924,1.0,0.09,0.0,1315.75,1368.0,1035.2375000000002,8
15,3.7466460263623924,3.746646026362395,3.7466460263623924,1.0,0.09,0.0,1315.75,1368.0,1035.2375000000002,8
16,3.7466460263623924,3.746646026362395,3.7466460263623924,1.0,0.09,0.0,1315.75,1368.0,1035.2375000000002,8
17,3.7466460263623924,3.746646026362395,3.7466460263623924,1.0,0.09,0.0,1315.75,1368.0,1035.2375000000002,8
18,3.7466460263623924,3.746646026362395,3.7466460263623924,1.0,0.09,0.0,1315.75,1368.0,1035.2375000000002,8
19,3.7466460263623924,3.746646026362395,3.7466460263623924,1.0,0.09,0.0,1315.75,1368.0,1035.2375000000002,8
20,3.7466460263623924,3.746646026362395,3.7466460263623924,1.0,0.09,0.0,1315.75,1368.0,1035.2375000000002,8
21,3.7466460263623924,3.746646026362395,3.7466460263623924,1.0,0.135,0.0,1315.75,1368.0,1035.2375000000002,8
22,3.7466460263623924,3.746646026362395,3.7466460263623924,1.0,0.135,0.0,1315.75,1368.0,1035.2375000000002,8
23,3.7466460263623924,3.746646026362395,3.7466460263623924,1.0,0.135,0.0,1315.75,1368.0,1035.2375000000002,8
24,3.7466460263623924,3.746646026362395,3.7466460263623924,1.0,0.135,0.0,1315.75,1368.0,1035.2375000000002,8
25,3.7466460263623924,5.287313785062227,55.455613812123296,1.0,0.135,0.09765461215933084,1315.75,1368.0,1035.2375000000002,8
1,1.056379515506158,21.5780325497263,94.42280991695318,1.0,0.06,0.3844889937106975,1315.75,1368.0,1035.2375000000002,8
2,1.056379515506158,9.393183387354142,49.19856929287015,1.0,0.06,0.3460298742138397,1315.75,1368.0,1035.2375000000002,8
3,1.056379515506158,2.8772477117190847,27.142194069747536,1.0,0.06,0.17783018867924527,1315.75,1368.0,1035.2375000000002,8
4,1.056379515506158,1.2225690121783563,11.830836472898142,1.0,0.06,0.04339622641509434,1315.75,1368.0,1035.2375000000002,8
5,1.056379515506158,1.0563795155061573,1.056379515506158,1.0,0.06,0.0,1315.75,1368.0,1035.2375000000002,8
6,1.056379515506158,1.0563795155061573,1.056379515506158,1.0,0.06,0.0,1315.75,1368.0,1035.2375000000002,8
7,1.056379515506158,1.0563795155061573,1.056379515506158,1.0,0.06,0.0,1315.75,1368.0,1035.2375000000002,8
8,1.056379515506158,1.0563795155061573,1.056379515506158,1.0,0.06,0.0,1315.75,1368.0,1035.2375000000002,8
9,1.056379515506158,1.0563795155061573,1.056379515506158,1.0,0.06,0.0,1315.75,1368.0,1035.2375000000002,8
10,1.056379515506158,1.0563795155061573,1.056379515506158,1.0,0.06,0.0,1315.75,1368.0,1035.2375000000002,8
11,1.056379515506158,1.0563795155061573,1.056379515506158,1.0,0.09,0.0,1315.75,1368.0,1035.2375000000002,8
12,1.056379515506158,1.0563795155061573,1.056379515506158,1.0,0.09,0.0,1315.75,1368.0,1035.2375000000002,8
13,1.056379515506158,1.0563795155061573,1.056379515506158,1.0,0.09,0.0,1315.75,1368.0,1035.2375000000002,8
14,1.056379515506158,1.0563795155061573,1.056379515506158,1.0,0.09,0.0,1315.75,1368.0,1035.2375000000002,8
15,1.056379515506158,1.0563795155061573,1.056379515506158,1.0,0.09,0.0,1315.75,1368.0,1035.2375000000002,8
16,1.056379515506158,1.0563795155061573,1.056379515506158,1.0,0.09,0.0,1315.75,1368.0,1035.2375000000002,8
17,1.056379515506158,1.0563795155061573,1.056379515506158,1.0,0.09,0.0,1315.75,1368.0,1035.2375000000002,8
18,1.056379515506158,1.0563795155061573,1.056379515506158,1.0,0.09,0.0,1315.75,1368.0,1035.2375000000002,8
19,1.056379515506158,1.0563795155061573,1.056379515506158,1.0,0.09,0.0,1315.75,1368.0,1035.2375000000002,8
20,1.056379515506158,1.0563795155061573,1.056379515506158,1.0,0.09,0.0,1315.75,1368.0,1035.2375000000002,8
21,1.056379515506158,1.0563795155061573,1.056379515506158,1.0,0.135,0.0,1315.75,1368.0,1035.2375000000002,8
22,1.056379515506158,1.0563795155061573,1.056379515506158,1.0,0.135,0.0,1315.75,1368.0,1035.2375000000002,8
23,1.056379515506158,1.0563795155061573,1.056379515506158,1.0,0.135,0.0,1315.75,1368.0,1035.2375000000002,8
24,1.056379515506158,1.0563795155061573,1.056379515506158,1.0,0.135,0.0,1315.75,1368.0,1035.2375000000002,8
25,1.056379515506158,4.031907908668289,58.90708290243943,1.0,0.135,0.14996855345912022,1315.75,1368.0,1035.2375000000002,8
1,3.268958526951865,21.997199848126197,102.85689267839453,1.0,0.06,0.3553887935963469,1315.75,1368.0,1035.2375000000002,8
2,3.268958526951865,9.445873279037079,69.18752957512824,1.0,0.06,0.2653975741239867,1315.75,1368.0,1035.2375000000002,8
3,3.268958526951865,5.382166125890735,27.774289607322704,1.0,0.06,0.24793632075471697,1315.75,1368.0,1035.2375000000002,8
4,3.268958526951865,3.9258613878057806,18.800155923223734,1.0,0.06,0.215015723270436,1315.75,1368.0,1035.2375000000002,8
5,3.268958526951865,3.6502847454919305,3.833886258122327,1.0,0.06,0.4578616352201258,1315.75,1368.0,1035.2375000000002,8
6,3.268958526951865,3.5514223925370985,3.833886258122327,1.0,0.06,0.5031446540880503,1315.75,1368.0,1035.2375000000002,8
7,3.268958526951865,3.396067266465218,3.833886258122327,1.0,0.06,0.35094339622641507,1315.75,1368.0,1035.2375000000002,8
8,3.268958526951865,3.2972049135103845,3.833886258122327,1.0,0.06,0.09559748427672957,1315.75,1368.0,1035.2375000000002,8
9,3.268958526951865,3.268958526951861,3.268958526951865,1.0,0.06,0.0,1315.75,1368.0,1035.2375000000002,8
10,3.268958526951865,3.268958526951861,3.268958526951865,1.0,0.06,0.0,1315.75,1368.0,1035.2375000000002,8
11,3.268958526951865,3.268958526951861,3.268958526951865,1.0,0.09,0.0,1315.75,1368.0,1035.2375000000002,8
12,3.268958526951865,3.268958526951861,3.268958526951865,1.0,0.09,0.0,1315.75,1368.0,1035.2375000000002,8
13,3.268958526951865,3.268958526951861,3.268958526951865,1.0,0.09,0.0,1315.75,1368.0,1035.2375000000002,8
14,3.268958526951865,3.268958526951861,3.268958526951865,1.0,0.09,0.0,1315.75,1368.0,1035.2375000000002,8
15,3.268958526951865,3.268958526951861,3.268958526951865,1.0,0.09,0.0,1315.75,1368.0,1035.2375000000002,8
16,3.268958526951865,3.268958526951861,3.268958526951865,1.0,0.09,0.0,1315.75,1368.0,1035.2375000000002,8
17,3.268958526951865,3.268958526951861,3.268958526951865,1.0,0.09,0.0,1315.75,1368.0,1035.2375000000002,8
18,3.268958526951865,3.268958526951861,3.268958526951865,1.0,0.09,0.0,1315.75,1368.0,1035.2375000000002,8
19,3.268958526951865,3.268958526951861,3.268958526951865,1.0,0.09,0.0,1315.75,1368.0,1035.2375000000002,8
20,3.268958526951865,3.268958526951861,3.268958526951865,1.0,0.09,0.0,1315.75,1368.0,1035.2375000000002,8
21,3.268958526951865,3.268958526951861,3.268958526951865,1.0,0.135,0.0,1315.75,1368.0,1035.2375000000002,8
22,3.268958526951865,3.268958526951861,3.268958526951865,1.0,0.135,0.0,1315.75,1368.0,1035.2375000000002,8
23,3.268958526951865,3.268958526951861,3.268958526951865,1.0,0.135,0.0,1315.75,1368.0,1035.2375000000002,8
24,3.268958526951865,3.268958526951861,3.268958526951865,1.0,0.135,0.0,1315.75,1368.0,1035.2375000000002,8
25,3.268958526951865,3.268958526951861,3.268958526951865,1.0,0.135,0.0,1315.75,1368.0,1035.2375000000002,8
1,2.9940556405550938,22.6906402867434,98.50193566635946,1.0,0.06,0.4441823899371014,1315.75,1368.0,1035.2375000000002,8
2,2.9940556405550938,10.56625083254959,48.680435769284486,1.0,0.06,0.31310646900270367,1315.75,1368.0,1035.2375000000002,8
3,2.9940556405550938,4.439620318675785,30.012776828095056,1.0,0.06,0.14345518867924528,1315.75,1368.0,1035.2375000000002,8
4,2.9940556405550938,2.994055640555087,2.9940556405550938,1.0,0.06,0.06139937106918239,1315.75,1368.0,1035.2375000000002,8
5,2.9940556405550938,2.994055640555087,2.9940556405550938,1.0,0.06,0.04929245283018868,1315.75,1368.0,1035.2375000000002,8
6,2.9940556405550938,2.994055640555087,2.9940556405550938,1.0,0.06,0.03718553459119497,1315.75,1368.0,1035.2375000000002,8
7,2.9940556405550938,2.994055640555087,2.9940556405550938,1.0,0.06,0.06092767295597484,1315.75,1368.0,1035.2375000000002,8
8,2.9940556405550938,2.994055640555087,2.9940556405550938,1.0,0.06,0.06092767295597484,1315.75,1368.0,1035.2375000000002,8
9,2.9940556405550938,2.994055640555087,2.9940556405550938,1.0,0.06,0.03702830188679245,1315.75,1368.0,1035.2375000000002,8
10,2.9940556405550938,2.994055640555087,2.9940556405550938,1.0,0.06,0.0,1315.75,1368.0,1035.2375000000002,8
11,2.9940556405550938,3.165882260931629,30.486314900801794,1.0,0.09,0.0125,1315.75,1368.0,1035.2375000000002,8
12,2.9940556405550938,2.994055640555087,2.9940556405550938,1.0,0.09,0.0,1315.75,1368.0,1035.2375000000002,8
13,2.9940556405550938,2.994055640555087,2.9940556405550938,1.0,0.09,0.0,1315.75,1368.0,1035.2375000000002,8
14,2.9940556405550938,2.994055640555087,2.9940556405550938,1.0,0.09,0.0,1315.75,1368.0,1035.2375000000002,8
15,2.9940556405550938,2.994055640555087,2.9940556405550938,1.0,0.09,0.0,1315.75,1368.0,1035.2375000000002,8
16,2.9940556405550938,2.994055640555087,2.9940556405550938,1.0,0.09,0.0,1315.75,1368.0,1035.2375000000002,8
17,2.9940556405550938,2.994055640555087,2.9940556405550938,1.0,0.09,0.0,1315.75,1368.0,1035.2375000000002,8
18,2.9940556405550938,2.994055640555087,2.9940556405550938,1.0,0.09,0.0,1315.75,1368.0,1035.2375000000002,8
19,2.9940556405550938,2.994055640555087,2.9940556405550938,1.0,0.09,0.0,1315.75,1368.0,1035.2375000000002,8
20,2.9940556405550938,2.994055640555087,2.9940556405550938,1.0,0.09,0.0,1315.75,1368.0,1035.2375000000002,8
21,2.9940556405550938,2.994055640555087,2.9940556405550938,1.0,0.135,0.0,1315.75,1368.0,1035.2375000000002,8
22,2.9940556405550938,2.994055640555087,2.9940556405550938,1.0,0.135,0.0,1315.75,1368.0,1035.2375000000002,8
23,2.9940556405550938,2.994055640555087,2.9940556405550938,1.0,0.135,0.0,1315.75,1368.0,1035.2375000000002,8
24,2.9940556405550938,2.994055640555087,2.9940556405550938,1.0,0.135,0.0,1315.75,1368.0,1035.2375000000002,8
25,2.9940556405550938,2.994055640555087,2.9940556405550938,1.0,0.135,0.0,1315.75,1368.0,1035.2375000000002,8
1,2.7140684678808524,22.019250934221418,91.3857837423622,1.0,0.06,0.431070929419988,1315.75,1368.0,1035.2375000000002,8
2,2.7140684678808524,11.556979568785529,54.567400399383644,1.0,0.06,0.4539622641509714,1315.75,1368.0,1035.2375000000002,8
3,2.7140684678808524,5.8330073354065455,35.241806244782886,1.0,0.06,0.29274764150943394,1315.75,1368.0,1035.2375000000002,8
4,2.7140684678808524,3.170960300473916,18.09849861298388,1.0,0.06,0.06527777777777734,1315.75,1368.0,1035.2375000000002,8
5,2.7140684678808524,2.71406846788085,2.7140684678808524,1.0,0.06,0.0,1315.75,1368.0,1035.2375000000002,8
6,2.7140684678808524,2.71406846788085,2.7140684678808524,1.0,0.06,0.0,1315.75,1368.0,1035.2375000000002,8
7,2.7140684678808524,2.71406846788085,2.7140684678808524,1.0,0.06,0.0,1315.75,1368.0,1035.2375000000002,8
8,2.7140684678808524,2.71406846788085,2.7140684678808524,1.0,0.06,0.0,1315.75,1368.0,1035.2375000000002,8
9,2.7140684678808524,2.71406846788085,2.7140684678808524,1.0,0.06,0.0,1315.75,1368.0,1035.2375000000002,8
10,2.7140684678808524,2.71406846788085,2.7140684678808524,1.0,0.06,0.0,1315.75,1368.0,1035.2375000000002,8
11,2.7140684678808524,2.71406846788085,2.7140684678808524,1.0,0.09,0.0,1315.75,1368.0,1035.2375000000002,8
12,2.7140684678808524,2.71406846788085,2.7140684678808524,1.0,0.09,0.0,1315.75,1368.0,1035.2375000000002,8
13,2.7140684678808524,2.71406846788085,2.7140684678808524,1.0,0.09,0.0,1315.75,1368.0,1035.2375000000002,8
14,2.7140684678808524,2.71406846788085,2.7140684678808524,1.0,0.09,0.0,1315.75,1368.0,1035.2375000000002,8
15,2.7140684678808524,2.71406846788085,2.7140684678808524,1.0,0.09,0.0,1315.75,1368.0,1035.2375000000002,8
16,2.7140684678808524,2.71406846788085,2.7140684678808524,1.0,0.09,0.0,1315.75,1368.0,1035.2375000000002,8
17,2.7140684678808524,2.71406846788085,2.7140684678808524,1.0,0.09,0.0,1315.75,1368.0,1035.2375000000002,8
18,2.7140684678808524,2.71406846788085,2.7140684678808524,1.0,0.09,0.0,1315.75,1368.0,1035.2375000000002,8
19,2.7140684678808524,2.71406846788085,2.7140684678808524,1.0,0.09,0.0,1315.75,1368.0,1035.2375000000002,8
20,2.7140684678808524,2.71406846788085,2.7140684678808524,1.0,0.09,0.0,1315.75,1368.0,1035.2375000000002,8
21,2.7140684678808524,2.8250523076121876,20.471482824894853,1.0,0.135,0.0125,1315.75,1368.0,1035.2375000000002,8
22,2.7140684678808524,2.71406846788085,2.7140684678808524,1.0,0.135,0.0,1315.75,1368.0,1035.2375000000002,8
23,2.7140684678808524,2.71406846788085,2.7140684678808524,1.0,0.135,0.0,1315.75,1368.0,1035.2375000000002,8
24,2.7140684678808524,2.71406846788085,2.7140684678808524,1.0,0.135,0.0,1315.75,1368.0,1035.2375000000002,8
25,2.7140684678808524,2.71406846788085,2.7140684678808524,1.0,0.135,0.0,1315.75,1368.0,1035.2375000000002,8
1,1.0598999221182788,24.306904982689137,140.2103107768793,1.0,0.06,0.35043238993711073,1315.75,1368.0,1035.2375000000002,8
2,1.0598999221182788,12.978186462818178,55.42803739757793,1.0,0.06,0.3571877807726871,1315.75,1368.0,1035.2375000000002,8
3,1.0598999221182788,7.355074707840982,41.439872831665234,1.0,0.06,0.2743972746331156,1315.75,1368.0,1035.2375000000002,8
4,1.0598999221182788,3.1152166115815265,25.777384706353317,1.0,0.06,0.21585429769391842,1315.75,1368.0,1035.2375000000002,8
5,1.0598999221182788,2.06273960298684,2.7140684678808524,1.0,0.06,0.5771226415094339,1315.75,1368.0,1035.2375000000002,8
6,1.0598999221182788,1.7112287870122944,2.7140684678808524,1.0,0.06,0.5370283018867924,1315.75,1368.0,1035.2375000000002,8
7,1.0598999221182788,1.2976866505716516,2.7140684678808524,1.0,0.06,0.2547955974842767,1315.75,1368.0,1035.2375000000002,8
8,1.0598999221182788,1.080577028940313,2.7140684678808524,1.0,0.06,0.024842767295597486,1315.75,1368.0,1035.2375000000002,8
9,1.0598999221182788,1.0598999221182805,1.0598999221182788,1.0,0.06,0.0,1315.75,1368.0,1035.2375000000002,8
10,1.0598999221182788,1.0598999221182805,1.0598999221182788,1.0,0.06,0.0,1315.75,1368.0,1035.2375000000002,8
11,1.0598999221182788,1.0702384755292969,2.7140684678808524,1.0,0.09,0.0125,1315.75,1368.0,1035.2375000000002,8
12,1.0598999221182788,1.0598999221182805,1.0598999221182788,1.0,0.09,0.0,1315.75,1368.0,1035.2375000000002,8
13,1.0598999221182788,1.0598999221182805,1.0598999221182788,1.0,0.09,0.0,1315.75,1368.0,1035.2375000000002,8
14,1.0598999221182788,1.0598999221182805,1.0598999221182788,1.0,0.09,0.0,1315.75,1368.0,1035.2375000000002,8
15,1.0598999221182788,1.0598999221182805,1.0598999221182788,1.0,0.09,0.0,1315.75,1368.0,1035.2375000000002,8
16,1.0598999221182788,1.0598999221182805,1.0598999221182788,1.0,0.09,0.0,1315.75,1368.0,1035.2375000000002,8
17,1.0598999221182788,1.0598999221182805,1.0598999221182788,1.0,0.09,0.0,1315.75,1368.0,1035.2375000000002,8
18,1.0598999221182788,1.0598999221182805,1.0598999221182788,1.0,0.09,0.0,1315.75,1368.0,1035.2375000000002,8
19,1.0598999221182788,1.0598999221182805,1.0598999221182788,1.0,0.09,0.0,1315.75,1368.0,1035.2375000000002,8
20,1.0598999221182788,1.0598999221182805,1.0598999221182788,1.0,0.09,0.0,1315.75,1368.0,1035.2375000000002,8
21,1.0598999221182788,1.0702384755292969,2.7140684678808524,1.0,0.135,0.0125,1315.75,1368.0,1035.2375000000002,8
22,1.0598999221182788,1.0598999221182805,1.0598999221182788,1.0,0.135,0.0,1315.75,1368.0,1035.2375000000002,8
23,1.0598999221182788,1.0598999221182805,1.0598999221182788,1.0,0.135,0.0,1315.75,1368.0,1035.2375000000002,8
24,1.0598999221182788,1.0598999221182805,1.0598999221182788,1.0,0.135,0.0,1315.75,1368.0,1035.2375000000002,8
25,1.0598999221182788,1.0598999221182805,1.0598999221182788,1.0,0.135,0.0,1315.75,1368.0,1035.2375000000002,8
1,2.6925993158887565,21.058850260100122,92.69792557014374,1.0,0.06,0.3220191299790337,1315.75,1368.0,1035.2375000000002,8
2,2.6925993158887565,9.07254965214182,66.13275997680384,1.0,0.06,0.24697327044025158,1315.75,1368.0,1035.2375000000002,8
3,2.6925993158887565,4.156676841974244,19.213982846656766,1.0,0.06,0.22902908805031447,1315.75,1368.0,1035.2375000000002,8
4,2.6925993158887565,2.873356553269166,14.044672385351085,1.0,0.06,0.17285770440251572,1315.75,1368.0,1035.2375000000002,8
5,2.6925993158887565,2.7392253808884943,2.7592079801741094,1.0,0.06,0.4845518867924528,1315.75,1368.0,1035.2375000000002,8
6,2.6925993158887565,2.7234058231207228,2.7592079801741094,1.0,0.06,0.5240959119496855,1315.75,1368.0,1035.2375000000002,8
7,2.6925993158887565,2.7088351778083015,2.7592079801741094,1.0,0.06,0.3764937106918239,1315.75,1368.0,1035.2375000000002,8
8,2.6925993158887565,2.6955134449512306,2.7592079801741094,1.0,0.06,0.08419811320754716,1315.75,1368.0,1035.2375000000002,8
9,2.6925993158887565,2.6934319241923133,2.7592079801741094,1.0,0.06,0.024842767295597486,1315.75,1368.0,1035.2375000000002,8
10,2.6925993158887565,2.6925993158887467,2.6925993158887565,1.0,0.06,0.0,1315.75,1368.0,1035.2375000000002,8
11,2.6925993158887565,2.721143732218036,7.193097264289718,1.0,0.09,0.024921383647798744,1315.75,1368.0,1035.2375000000002,8
12,2.6925993158887565,2.6925993158887467,2.6925993158887565,1.0,0.09,0.0,1315.75,1368.0,1035.2375000000002,8
13,2.6925993158887565,2.6925993158887467,2.6925993158887565,1.0,0.09,0.0,1315.75,1368.0,1035.2375000000002,8
14,2.6925993158887565,2.6925993158887467,2.6925993158887565,1.0,0.09,0.0,1315.75,1368.0,1035.2375000000002,8
15,2.6925993158887565,2.6925993158887467,2.6925993158887565,1.0,0.09,0.0,1315.75,1368.0,1035.2375000000002,8
16,2.6925993158887565,2.6925993158887467,2.6925993158887565,1.0,0.09,0.0,1315.75,1368.0,1035.2375000000002,8
17,2.6925993158887565,2.6925993158887467,2.6925993158887565,1.0,0.09,0.0,1315.75,1368.0,1035.2375000000002,8
18,2.6925993158887565,2.6925993158887467,2.6925993158887565,1.0,0.09,0.0,1315.75,1368.0,1035.2375000000002,8
19,2.6925993158887565,2.6925993158887467,2.6925993158887565,1.0,0.09,0.0,1315.75,1368.0,1035.2375000000002,8
20,2.6925993158887565,2.6925993158887467,2.6925993158887565,1.0,0.09,0.0,1315.75,1368.0,1035.2375000000002,8
21,2.6925993158887565,2.6925993158887467,2.6925993158887565,1.0,0.135,0.0,1315.75,1368.0,1035.2375000000002,8
22,2.6925993158887565,2.6925993158887467,2.6925993158887565,1.0,0.135,0.0,1315.75,1368.0,1035.2375000000002,8
23,2.6925993158887565,2.6925993158887467,2.6925993158887565,1.0,0.135,0.0,1315.75,1368.0,1035.2375000000002,8
24,2.6925993158887565,2.6925993158887467,2.6925993158887565,1.0,0.135,0.0,1315.75,1368.0,1035.2375000000002,8
25,2.6925993158887565,2.6925993158887467,2.6925993158887565,1.0,0.135,0.0,1315.75,1368.0,1035.2375000000002,8
1,4.464469131787617,22.782818177733397,95.64926932773865,1.0,0.06,0.37184819897084914,1315.75,1368.0,1035.2375000000002,8
2,4.464469131787617,10.528026977628016,63.333314681430785,1.0,0.06,0.2829964061096038,1315.75,1368.0,1035.2375000000002,8
3,4.464469131787617,5.928530172594062,28.372021186990658,1.0,0.06,0.15978773584905662,1315.75,1368.0,1035.2375000000002,8
4,4.464469131787617,4.58048188250104,14.202216565294655,1.0,0.06,0.024882075471698115,1315.75,1368.0,1035.2375000000002,8
5,4.464469131787617,4.46446913178761,4.464469131787617,1.0,0.06,0.0,1315.75,1368.0,1035.2375000000002,8
6,4.464469131787617,4.46446913178761,4.464469131787617,1.0,0.06,0.0,1315.75,1368.0,1035.2375000000002,8
7,4.464469131787617,4.46446913178761,4.464469131787617,1.0,0.06,0.0,1315.75,1368.0,1035.2375000000002,8
8,4.464469131787617,4.46446913178761,4.464469131787617,1.0,0.06,0.0,1315.75,1368.0,1035.2375000000002,8
9,4.464469131787617,4.46446913178761,4.464469131787617,1.0,0.06,0.0,1315.75,1368.0,1035.2375000000002,8
10,4.464469131787617,4.46446913178761,4.464469131787617,1.0,0.06,0.0,1315.75,1368.0,1035.2375000000002,8
11,4.464469131787617,4.46446913178761,4.464469131787617,1.0,0.09,0.0,1315.75,1368.0,1035.2375000000002,8
12,4.464469131787617,4.46446913178761,4.464469131787617,1.0,0.09,0.0,1315.75,1368.0,1035.2375000000002,8
13,4.464469131787617,4.46446913178761,4.464469131787617,1.0,0.09,0.0,1315.75,1368.0,1035.2375000000002,8
14,4.464469131787617,4.46446913178761,4.464469131787617,1.0,0.09,0.0,1315.75,1368.0,1035.2375000000002,8
15,4.464469131787617,4.46446913178761,4.464469131787617,1.0,0.09,0.0,1315.75,1368.0,1035.2375000000002,8
16,4.464469131787617,4.46446913178761,4.464469131787617,1.0,0.09,0.0,1315.75,1368.0,1035.2375000000002,8
17,4.464469131787617,4.46446913178761,4.464469131787617,1.0,0.09,0.0,1315.75,1368.0,1035.2375000000002,8
18,4.464469131787617,4.46446913178761,4.464469131787617,1.0,0.09,0.0,1315.75,1368.0,1035.2375000000002,8
19,4.464469131787617,4.46446913178761,4.464469131787617,1.0,0.09,0.0,1315.75,1368.0,1035.2375000000002,8
20,4.464469131787617,4.46446913178761,4.464469131787617,1.0,0.09,0.0,1315.75,1368.0,1035.2375000000002,8
21,4.464469131787617,4.589967100326998,24.544144098089646,1.0,0.135,0.0125,1315.75,1368.0,1035.2375000000002,8
22,4.464469131787617,4.46446913178761,4.464469131787617,1.0,0.135,0.0,1315.75,1368.0,1035.2375000000002,8
23,4.464469131787617,4.46446913178761,4.464469131787617,1.0,0.135,0.0,1315.75,1368.0,1035.2375000000002,8
24,4.464469131787617,4.46446913178761,4.464469131787617,1.0,0.135,0.0,1315.75,1368.0,1035.2375000000002,8
25,4.464469131787617,4.46446913178761,4.464469131787617,1.0,0.135,0.0,1315.75,1368.0,1035.2375000000002,8
1,3.294569487917807,23.263874270443164,81.45771234427292,1.0,0.06,0.494437893081761,1315.75,1368.0,1035.2375000000002,8
2,3.294569487917807,11.688909561719615,59.06033602956289,1.0,0.06,0.2764249213836478,1315.75,1368.0,1035.2375000000002,8
3,3.294569487917807,5.465433104429271,32.58716529327763,1.0,0.06,0.1377751572326984,1315.75,1368.0,1035.2375000000002,8
4,3.294569487917807,3.7758918355542592,21.164478270246466,1.0,0.06,0.1715146750524167,1315.75,1368.0,1035.2375000000002,8
5,3.294569487917807,3.483355612170937,3.536215726961822,1.0,0.06,0.34394654088050314,1315.75,1368.0,1035.2375000000002,8
6,3.294569487917807,3.4531498322904346,3.536215726961822,1.0,0.06,0.4540094339622642,1315.75,1368.0,1035.2375000000002,8
7,3.294569487917807,3.39273827252943,3.536215726961822,1.0,0.06,0.4854559748427673,1315.75,1368.0,1035.2375000000002,8
8,3.294569487917807,3.324775267798299,3.536215726961822,1.0,0.06,0.22012578616352202,1315.75,1368.0,1035.2375000000002,8
9,3.294569487917807,3.2975900659058466,3.536215726961822,1.0,0.06,0.024842767295597486,1315.75,1368.0,1035.2375000000002,8
10,3.294569487917807,3.294569487917797,3.294569487917807,1.0,0.06,0.0,1315.75,1368.0,1035.2375000000002,8
11,3.294569487917807,3.294569487917797,3.294569487917807,1.0,0.09,0.0,1315.75,1368.0,1035.2375000000002,8
12,3.294569487917807,3.294569487917797,3.294569487917807,1.0,0.09,0.0,1315.75,1368.0,1035.2375000000002,8
13,3.294569487917807,3.294569487917797,3.294569487917807,1.0,0.09,0.0,1315.75,1368.0,1035.2375000000002,8
14,3.294569487917807,3.294569487917797,3.294569487917807,1.0,0.09,0.0,1315.75,1368.0,1035.2375000000002,8
15,3.294569487917807,3.294569487917797,3.294569487917807,1.0,0.09,0.0,1315.75,1368.0,1035.2375000000002,8
16,3.294569487917807,3.294569487917797,3.294569487917807,1.0,0.09,0.0,1315.75,1368.0,1035.2375000000002,8
17,3.294569487917807,3.294569487917797,3.294569487917807,1.0,0.09,0.0,1315.75,1368.0,1035.2375000000002,8
18,3.294569487917807,3.294569487917797,3.294569487917807,1.0,0.09,0.0,1315.75,1368.0,1035.2375000000002,8
19,3.294569487917807,3.294569487917797,3.294569487917807,1.0,0.09,0.0,1315.75,1368.0,1035.2375000000002,8
20,3.294569487917807,3.294569487917797,3.294569487917807,1.0,0.09,0.0,1315.75,1368.0,1035.2375000000002,8
21,3.294569487917807,3.323060961962791,7.853205335116929,1.0,0.135,0.0125,1315.75,1368.0,1035.2375000000002,8
22,3.294569487917807,3.294569487917797,3.294569487917807,1.0,0.135,0.0,1315.75,1368.0,1035.2375000000002,8
23,3.294569487917807,3.294569487917797,3.294569487917807,1.0,0.135,0.0,1315.75,1368.0,1035.2375000000002,8
24,3.294569487917807,3.294569487917797,3.294569487917807,1.0,0.135,0.0,1315.75,1368.0,1035.2375000000002,8
25,3.294569487917807,3.294569487917797,3.294569487917807,1.0,0.135,0.0,1315.75,1368.0,1035.2375000000002,8
1,2.4474350181068,21.284506916217023,92.18194326125787,1.0,0.06,0.4131988120195625,1315.75,1368.0,1035.2375000000002,8
2,2.4474350181068,10.067713088422767,48.95246923274128,1.0,0.06,0.21046470999300962,1315.75,1368.0,1035.2375000000002,8
3,2.4474350181068,4.761511978677875,36.206504884712324,1.0,0.06,0.12988993710692381,1315.75,1368.0,1035.2375000000002,8
4,2.4474350181068,3.4826734021741337,6.311188055335511,1.0,0.06,0.11002358490566037,1315.75,1368.0,1035.2375000000002,8
5,2.4474350181068,3.400118138354938,3.536215726961822,1.0,0.06,0.22012578616352202,1315.75,1368.0,1035.2375000000002,8
6,2.4474350181068,3.2912400674694355,3.536215726961822,1.0,0.06,0.35094339622641507,1315.75,1368.0,1035.2375000000002,8
7,2.4474350181068,3.1279229611411803,3.536215726961822,1.0,0.06,0.4716981132075472,1315.75,1368.0,1035.2375000000002,8
8,2.4474350181068,2.903361939939832,3.536215726961822,1.0,0.06,0.48985849056603775,1315.75,1368.0,1035.2375000000002,8
9,2.4474350181068,2.6175570038653886,3.536215726961822,1.0,0.06,0.2653301886792453,1315.75,1368.0,1035.2375000000002,8
10,2.4474350181068,2.4882642946888556,3.536215726961822,1.0,0.06,0.07264150943396226,1315.75,1368.0,1035.2375000000002,8
11,2.4474350181068,2.447435018106792,2.4474350181068,1.0,0.09,0.0,1315.75,1368.0,1035.2375000000002,8
12,2.4474350181068,2.447435018106792,2.4474350181068,1.0,0.09,0.0,1315.75,1368.0,1035.2375000000002,8
13,2.4474350181068,2.447435018106792,2.4474350181068,1.0,0.09,0.0,1315.75,1368.0,1035.2375000000002,8
14,2.4474350181068,2.447435018106792,2.4474350181068,1.0,0.09,0.0,1315.75,1368.0,1035.2375000000002,8
15,2.4474350181068,2.447435018106792,2.4474350181068,1.0,0.09,0.0,1315.75,1368.0,1035.2375000000002,8
16,2.4474350181068,2.447435018106792,2.4474350181068,1.0,0.09,0.0,1315.75,1368.0,1035.2375000000002,8
17,2.4474350181068,2.447435018106792,2.4474350181068,1.0,0.09,0.0,1315.75,1368.0,1035.2375000000002,8
18,2.4474350181068,2.447435018106792,2.4474350181068,1.0,0.09,0.0,1315.75,1368.0,1035.2375000000002,8
19,2.4474350181068,2.447435018106792,2.4474350181068,1.0,0.09,0.0,1315.75,1368.0,1035.2375000000002,8
20,2.4474350181068,2.447435018106792,2.4474350181068,1.0,0.09,0.0,1315.75,1368.0,1035.2375000000002,8
21,2.4474350181068,2.447435018106792,2.4474350181068,1.0,0.135,0.0,1315.75,1368.0,1035.2375000000002,8
22,2.4474350181068,2.447435018106792,2.4474350181068,1.0,0.135,0.0,1315.75,1368.0,1035.2375000000002,8
23,2.4474350181068,2.447435018106792,2.4474350181068,1.0,0.135,0.0,1315.75,1368.0,1035.2375000000002,8
24,2.4474350181068,2.447435018106792,2.4474350181068,1.0,0.135,0.0,1315.75,1368.0,1035.2375000000002,8
25,2.4474350181068,2.447435018106792,2.4474350181068,1.0,0.135,0.0,1315.75,1368.0,1035.2375000000002,8
1,2.230608772365895,22.132777364800283,68.7897644542129,1.0,0.06,0.40001572327045487,1315.75,1368.0,1035.2375000000002,8
2,2.230608772365895,11.568640973090952,55.971262306750084,1.0,0.06,0.3094634433962264,1315.75,1368.0,1035.2375000000002,8
3,2.230608772365895,4.906531660827033,27.39361811287568,1.0,0.06,0.19795597484277133,1315.75,1368.0,1035.2375000000002,8
4,2.230608772365895,2.594800763262231,19.14660875549267,1.0,0.06,0.040133647798742136,1315.75,1368.0,1035.2375000000002,8
5,2.230608772365895,2.249139538897241,5.195531417382299,1.0,0.06,0.0125,1315.75,1368.0,1035.2375000000002,8
6,2.230608772365895,2.2306087723658883,2.230608772365895,1.0,0.06,0.0,1315.75,1368.0,1035.2375000000002,8
7,2.230608772365895,2.2306087723658883,2.230608772365895,1.0,0.06,0.0,1315.75,1368.0,1035.2375000000002,8
8,2.230608772365895,2.2306087723658883,2.230608772365895,1.0,0.06,0.0,1315.75,1368.0,1035.2375000000002,8
9,2.230608772365895,2.2306087723658883,2.230608772365895,1.0,0.06,0.0,1315.75,1368.0,1035.2375000000002,8
10,2.230608772365895,2.2306087723658883,2.230608772365895,1.0,0.06,0.0,1315.75,1368.0,1035.2375000000002,8
11,2.230608772365895,2.3973396124510358,28.907543185989457,1.0,0.09,0.0125,1315.75,1368.0,1035.2375000000002,8
12,2.230608772365895,2.2306087723658883,2.230608772365895,1.0,0.09,0.0,1315.75,1368.0,1035.2375000000002,8
13,2.230608772365895,2.2306087723658883,2.230608772365895,1.0,0.09,0.0,1315.75,1368.0,1035.2375000000002,8
14,2.230608772365895,2.2306087723658883,2.230608772365895,1.0,0.09,0.0,1315.75,1368.0,1035.2375000000002,8
15,2.230608772365895,2.2306087723658883,2.230608772365895,1.0,0.09,0.0,1315.75,1368.0,1035.2375000000002,8
16,2.230608772365895,2.2306087723658883,2.230608772365895,1.0,0.09,0.0,1315.75,1368.0,1035.2375000000002,8
17,2.230608772365895,2.2306087723658883,2.230608772365895,1.0,0.09,0.0,1315.75,1368.0,1035.2375000000002,8
18,2.230608772365895,2.2306087723658883,2.230608772365895,1.0,0.09,0.0,1315.75,1368.0,1035.2375000000002,8
19,2.230608772365895,2.2306087723658883,2.230608772365895,1.0,0.09,0.0,1315.75,1368.0,1035.2375000000002,8
20,2.230608772365895,2.2306087723658883,2.230608772365895,1.0,0.09,0.0,1315.75,1368.0,1035.2375000000002,8
21,2.230608772365895,2.2406292566518657,3.833886258122327,1.0,0.135,0.0125,1315.75,1368.0,1035.2375000000002,8
22,2.230608772365895,2.2306087723658883,2.230608772365895,1.0,0.135,0.0,1315.75,1368.0,1035.2375000000002,8
23,2.230608772365895,2.2306087723658883,2.230608772365895,1.0,0.135,0.0,1315.75,1368.0,1035.2375000000002,8
24,2.230608772365895,2.2306087723658883,2.230608772365895,1.0,0.135,0.0,1315.75,1368.0,1035.2375000000002,8
25,2.230608772365895,2.2306087723658883,2.230608772365895,1.0,0.135,0.0,1315.75,1368.0,1035.2375000000002,8
1,2.230608772365895,20.44766544800164,72.17217912603651,1.0,0.06,0.4163434661076086,1315.75,1368.0,1035.2375000000002,8
2,2.230608772365895,9.704598769602404,56.325586995186235,1.0,0.06,0.3311713836478,1315.75,1368.0,1035.2375000000002,8
3,2.230608772365895,3.94461874438338,27.79511376216649,1.0,0.06,0.1643867924528302,1315.75,1368.0,1035.2375000000002,8
4,2.230608772365895,2.513121367442132,13.014048642428095,1.0,0.06,0.049371069182389475,1315.75,1368.0,1035.2375000000002,8
5,2.230608772365895,2.2306087723658883,2.230608772365895,1.0,0.06,0.0,1315.75,1368.0,1035.2375000000002,8
6,2.230608772365895,2.2306087723658883,2.230608772365895,1.0,0.06,0.0,1315.75,1368.0,1035.2375000000002,8
7,2.230608772365895,2.2306087723658883,2.230608772365895,1.0,0.06,0.0,1315.75,1368.0,1035.2375000000002,8
8,2.230608772365895,2.2306087723658883,2.230608772365895,1.0,0.06,0.0,1315.75,1368.0,1035.2375000000002,8
9,2.230608772365895,2.2306087723658883,2.230608772365895,1.0,0.06,0.0,1315.75,1368.0,1035.2375000000002,8
10,2.230608772365895,2.2306087723658883,2.230608772365895,1.0,0.06,0.0,1315.75,1368.0,1035.2375000000002,8
11,2.230608772365895,2.2306087723658883,2.230608772365895,1.0,0.09,0.0,1315.75,1368.0,1035.2375000000002,8
12,2.230608772365895,2.2306087723658883,2.230608772365895,1.0,0.09,0.0,1315.75,1368.0,1035.2375000000002,8
13,2.230608772365895,2.2306087723658883,2.230608772365895,1.0,0.09,0.0,1315.75,1368.0,1035.2375000000002,8
14,2.230608772365895,2.2306087723658883,2.230608772365895,1.0,0.09,0.0,1315.75,1368.0,1035.2375000000002,8
15,2.230608772365895,2.2306087723658883,2.230608772365895,1.0,0.09,0.0,1315.75,1368.0,1035.2375000000002,8
16,2.230608772365895,2.2306087723658883,2.230608772365895,1.0,0.09,0.0,1315.75,1368.0,1035.2375000000002,8
17,2.230608772365895,2.2306087723658883,2.230608772365895,1.0,0.09,0.0,1315.75,1368.0,1035.2375000000002,8
18,2.230608772365895,2.2306087723658883,2.230608772365895,1.0,0.09,0.0,1315.75,1368.0,1035.2375000000002,8
19,2.230608772365895,2.2306087723658883,2.230608772365895,1.0,0.09,0.0,1315.75,1368.0,1035.2375000000002,8
20,2.230608772365895,2.2306087723658883,2.230608772365895,1.0,0.09,0.0,1315.75,1368.0,1035.2375000000002,8
21,2.230608772365895,2.2306087723658883,2.230608772365895,1.0,0.135,0.0125,1315.75,1368.0,1035.2375000000002,8
22,2.230608772365895,2.2306087723658883,2.230608772365895,1.0,0.135,0.0125,1315.75,1368.0,1035.2375000000002,8
23,2.230608772365895,2.2306087723658883,2.230608772365895,1.0,0.135,0.0,1315.75,1368.0,1035.2375000000002,8
24,2.230608772365895,2.2306087723658883,2.230608772365895,1.0,0.135,0.0,1315.75,1368.0,1035.2375000000002,8
25,2.230608772365895,3.2128717504235795,31.276173015893544,1.0,0.135,0.10497903563941358,1315.75,1368.0,1035.2375000000002,8
1,2.126880994769675,21.57157459582386,85.06977489912393,1.0,0.06,0.36235062893082853,1315.75,1368.0,1035.2375000000002,8
2,2.126880994769675,10.087878579809175,49.62769591576599,1.0,0.06,0.30858228511530517,1315.75,1368.0,1035.2375000000002,8
3,2.126880994769675,4.738151450246223,34.167328850402285,1.0,0.06,0.20261399371069183,1315.75,1368.0,1035.2375000000002,8
4,2.126880994769675,2.360940242571226,19.171564640745313,1.0,0.06,0.11690251572327044,1315.75,1368.0,1035.2375000000002,8
5,2.126880994769675,2.126880994769676,2.126880994769675,1.0,0.06,0.19520440251572327,1315.75,1368.0,1035.2375000000002,8
6,2.126880994769675,2.126880994769676,2.126880994769675,1.0,0.06,0.1944182389937107,1315.75,1368.0,1035.2375000000002,8
7,2.126880994769675,2.126880994769676,2.126880994769675,1.0,0.06,0.19583333333333333,1315.75,1368.0,1035.2375000000002,8
8,2.126880994769675,2.126880994769676,2.126880994769675,1.0,0.06,0.19630503144654088,1315.75,1368.0,1035.2375000000002,8
9,2.126880994769675,2.126880994769676,2.126880994769675,1.0,0.06,0.1421383647798742,1315.75,1368.0,1035.2375000000002,8
10,2.126880994769675,2.126880994769676,2.126880994769675,1.0,0.06,0.1744496855345912,1315.75,1368.0,1035.2375000000002,8
11,2.126880994769675,2.126880994769676,2.126880994769675,1.0,0.09,0.15196540880503145,1315.75,1368.0,1035.2375000000002,8
12,2.126880994769675,2.126880994769676,2.126880994769675,1.0,0.09,0.16069182389937106,1315.75,1368.0,1035.2375000000002,8
13,2.126880994769675,2.126880994769676,2.126880994769675,1.0,0.09,0.1179245283018868,1315.75,1368.0,1035.2375000000002,8
14,2.126880994769675,2.126880994769676,2.126880994769675,1.0,0.09,0.1179245283018868,1315.75,1368.0,1035.2375000000002,8
15,2.126880994769675,2.126880994769676,2.126880994769675,1.0,0.09,0.1179245283018868,1315.75,1368.0,1035.2375000000002,8
16,2.126880994769675,2.126880994769676,2.126880994769675,1.0,0.09,0.12885220125786165,1315.75,1368.0,1035.2375000000002,8
17,2.126880994769675,2.126880994769676,2.126880994769675,1.0,0.09,0.1179245283018868,1315.75,1368.0,1035.2375000000002,8
18,2.126880994769675,2.126880994769676,2.126880994769675,1.0,0.09,0.17099056603773585,1315.75,1368.0,1035.2375000000002,8
19,2.126880994769675,2.126880994769676,2.126880994769675,1.0,0.09,0.13962264150943396,1315.75,1368.0,1035.2375000000002,8
20,2.126880994769675,2.126880994769676,2.126880994769675,1.0,0.09,0.10683962264150944,1315.75,1368.0,1035.2375000000002,8
21,2.126880994769675,2.617585152252126,28.29776939383357,1.0,0.135,0.08608490566038,1315.75,1368.0,1035.2375000000002,8
22,2.126880994769675,2.126880994769676,2.126880994769675,1.0,0.135,0.09559748427672957,1315.75,1368.0,1035.2375000000002,8
23,2.126880994769675,2.126880994769676,2.126880994769675,1.0,0.135,0.06092767295597484,1315.75,1368.0,1035.2375000000002,8
24,2.126880994769675,2.126880994769676,2.126880994769675,1.0,0.135,0.08419811320754716,1315.75,1368.0,1035.2375000000002,8
25,2.126880994769675,2.126880994769676,2.126880994769675,1.0,0.135,0.10683962264150944,1315.75,1368.0,1035.2375000000002,8
1,2.126880994769675,22.625994946115775,100.05592304143752,1.0,0.06,0.4306865828092264,1315.75,1368.0,1035.2375000000002,8
2,2.126880994769675,12.20771489173505,64.19573580631995,1.0,0.06,0.39322589098532484,1315.75,1368.0,1035.2375000000002,8
3,2.126880994769675,4.672729169789707,49.68295325734704,1.0,0.06,0.15351153039832388,1315.75,1368.0,1035.2375000000002,8
4,2.126880994769675,2.2565268871172286,19.90890979001462,1.0,0.06,0.040932914046121135,1315.75,1368.0,1035.2375000000002,8
5,2.126880994769675,2.126880994769676,2.126880994769675,1.0,0.06,0.03702830188679245,1315.75,1368.0,1035.2375000000002,8
6,2.126880994769675,2.126880994769676,2.126880994769675,1.0,0.06,0.0125,1315.75,1368.0,1035.2375000000002,8
7,2.126880994769675,2.126880994769676,2.126880994769675,1.0,0.06,0.0,1315.75,1368.0,1035.2375000000002,8
8,2.126880994769675,2.126880994769676,2.126880994769675,1.0,0.06,0.0,1315.75,1368.0,1035.2375000000002,8
9,2.126880994769675,2.126880994769676,2.126880994769675,1.0,0.06,0.0,1315.75,1368.0,1035.2375000000002,8
10,2.126880994769675,2.126880994769676,2.126880994769675,1.0,0.06,0.0,1315.75,1368.0,1035.2375000000002,8
11,2.126880994769675,2.230073112719631,18.6376198667622,1.0,0.09,0.0125,1315.75,1368.0,1035.2375000000002,8
12,2.126880994769675,2.126880994769676,2.126880994769675,1.0,0.09,0.0,1315.75,1368.0,1035.2375000000002,8
13,2.126880994769675,2.126880994769676,2.126880994769675,1.0,0.09,0.0,1315.75,1368.0,1035.2375000000002,8
14,2.126880994769675,2.126880994769676,2.126880994769675,1.0,0.09,0.0,1315.75,1368.0,1035.2375000000002,8
15,2.126880994769675,2.126880994769676,2.126880994769675,1.0,0.09,0.0,1315.75,1368.0,1035.2375000000002,8
16,2.126880994769675,2.126880994769676,2.126880994769675,1.0,0.09,0.0,1315.75,1368.0,1035.2375000000002,8
17,2.126880994769675,2.126880994769676,2.126880994769675,1.0,0.09,0.0,1315.75,1368.0,1035.2375000000002,8
18,2.126880994769675,2.126880994769676,2.126880994769675,1.0,0.09,0.0,1315.75,1368.0,1035.2375000000002,8
19,2.126880994769675,2.126880994769676,2.126880994769675,1.0,0.09,0.0,1315.75,1368.0,1035.2375000000002,8
20,2.126880994769675,2.126880994769676,2.126880994769675,1.0,0.09,0.0,1315.75,1368.0,1035.2375000000002,8
21,2.126880994769675,2.126880994769676,2.126880994769675,1.0,0.135,0.0,1315.75,1368.0,1035.2375000000002,8
22,2.126880994769675,2.126880994769676,2.126880994769675,1.0,0.135,0.0,1315.75,1368.0,1035.2375000000002,8
23,2.126880994769675,2.126880994769676,2.126880994769675,1.0,0.135,0.0,1315.75,1368.0,1035.2375000000002,8
24,2.126880994769675,2.126880994769676,2.126880994769675,1.0,0.135,0.0,1315.75,1368.0,1035.2375000000002,8
25,2.126880994769675,2.126880994769676,2.126880994769675,1.0,0.135,0.0,1315.75,1368.0,1035.2375000000002,8
1,4.224424700195767,22.849252352136382,103.35746480209274,1.0,0.06,0.39178459119496767,1315.75,1368.0,1035.2375000000002,8
2,4.224424700195767,11.499019120118465,48.21602431213744,1.0,0.06,0.35529350104821206,1315.75,1368.0,1035.2375000000002,8
3,4.224424700195767,5.652272903124677,28.496334731063843,1.0,0.06,0.1767885220125786,1315.75,1368.0,1035.2375000000002,8
4,4.224424700195767,4.3192868501609265,16.5849389992462,1.0,0.06,0.03702830188679192,1315.75,1368.0,1035.2375000000002,8
5,4.224424700195767,4.224424700195757,4.224424700195767,1.0,0.06,0.03702830188679245,1315.75,1368.0,1035.2375000000002,8
6,4.224424700195767,4.224424700195757,4.224424700195767,1.0,0.06,0.024842767295597486,1315.75,1368.0,1035.2375000000002,8
7,4.224424700195767,4.224424700195757,4.224424700195767,1.0,0.06,0.0125,1315.75,1368.0,1035.2375000000002,8
8,4.224424700195767,4.224424700195757,4.224424700195767,1.0,0.06,0.0,1315.75,1368.0,1035.2375000000002,8
9,4.224424700195767,4.224424700195757,4.224424700195767,1.0,0.06,0.0,1315.75,1368.0,1035.2375000000002,8
10,4.224424700195767,4.224424700195757,4.224424700195767,1.0,0.06,0.0,1315.75,1368.0,1035.2375000000002,8
11,4.224424700195767,4.224424700195757,4.224424700195767,1.0,0.09,0.0,1315.75,1368.0,1035.2375000000002,8
12,4.224424700195767,4.224424700195757,4.224424700195767,1.0,0.09,0.0,1315.75,1368.0,1035.2375000000002,8
13,4.224424700195767,4.224424700195757,4.224424700195767,1.0,0.09,0.0,1315.75,1368.0,1035.2375000000002,8
14,4.224424700195767,4.224424700195757,4.224424700195767,1.0,0.09,0.0,1315.75,1368.0,1035.2375000000002,8
15,4.224424700195767,4.224424700195757,4.224424700195767,1.0,0.09,0.0,1315.75,1368.0,1035.2375000000002,8
16,4.224424700195767,4.224424700195757,4.224424700195767,1.0,0.09,0.0,1315.75,1368.0,1035.2375000000002,8
17,4.224424700195767,4.224424700195757,4.224424700195767,1.0,0.09,0.0,1315.75,1368.0,1035.2375000000002,8
18,4.224424700195767,4.224424700195757,4.224424700195767,1.0,0.09,0.0,1315.75,1368.0,1035.2375000000002,8
19,4.224424700195767,4.224424700195757,4.224424700195767,1.0,0.09,0.0,1315.75,1368.0,1035.2375000000002,8
20,4.224424700195767,4.224424700195757,4.224424700195767,1.0,0.09,0.0,1315.75,1368.0,1035.2375000000002,8
21,4.224424700195767,4.224424700195757,4.224424700195767,1.0,0.135,0.0,1315.75,1368.0,1035.2375000000002,8
22,4.224424700195767,4.224424700195757,4.224424700195767,1.0,0.135,0.0,1315.75,1368.0,1035.2375000000002,8
23,4.224424700195767,4.224424700195757,4.224424700195767,1.0,0.135,0.0,1315.75,1368.0,1035.2375000000002,8
24,4.224424700195767,4.224424700195757,4.224424700195767,1.0,0.135,0.0,1315.75,1368.0,1035.2375000000002,8
25,4.224424700195767,6.340231625683435,38.40512798051465,1.0,0.135,0.15617138364779873,1315.75,1368.0,1035.2375000000002,8
1,2.4741821930864463,23.95461906351866,80.81468609255236,1.0,0.06,0.31707184325108695,1315.75,1368.0,1035.2375000000002,8
2,2.4741821930864463,11.793221850629045,63.83708556957798,1.0,0.06,0.29307053009883016,1315.75,1368.0,1035.2375000000002,8
3,2.4741821930864463,6.112788764041264,36.22275562049762,1.0,0.06,0.13438155136268828,1315.75,1368.0,1035.2375000000002,8
4,2.4741821930864463,4.015936743328614,4.224424700195767,1.0,0.06,0.151375786163522,1315.75,1368.0,1035.2375000000002,8
5,2.4741821930864463,3.785409090335624,4.224424700195767,1.0,0.06,0.2813679245283019,1315.75,1368.0,1035.2375000000002,8
6,2.4741821930864463,3.401896882757549,4.224424700195767,1.0,0.06,0.3625,1315.75,1368.0,1035.2375000000002,8
7,2.4741821930864463,2.976083595584547,4.224424700195767,1.0,0.06,0.2658805031446541,1315.75,1368.0,1035.2375000000002,8
8,2.4741821930864463,2.6371357746190967,4.224424700195767,1.0,0.06,0.12979559748427674,1315.75,1368.0,1035.2375000000002,8
9,2.4741821930864463,2.484959543968903,4.198558334279207,1.0,0.06,0.0125,1315.75,1368.0,1035.2375000000002,8
10,2.4741821930864463,2.4741821930864485,2.4741821930864463,1.0,0.06,0.0,1315.75,1368.0,1035.2375000000002,8
11,2.4741821930864463,2.4741821930864485,2.4741821930864463,1.0,0.09,0.0,1315.75,1368.0,1035.2375000000002,8
12,2.4741821930864463,2.4741821930864485,2.4741821930864463,1.0,0.09,0.0,1315.75,1368.0,1035.2375000000002,8
13,2.4741821930864463,2.4741821930864485,2.4741821930864463,1.0,0.09,0.0,1315.75,1368.0,1035.2375000000002,8
14,2.4741821930864463,2.4741821930864485,2.4741821930864463,1.0,0.09,0.0,1315.75,1368.0,1035.2375000000002,8
15,2.4741821930864463,2.4741821930864485,2.4741821930864463,1.0,0.09,0.0,1315.75,1368.0,1035.2375000000002,8
16,2.4741821930864463,2.4741821930864485,2.4741821930864463,1.0,0.09,0.0,1315.75,1368.0,1035.2375000000002,8
17,2.4741821930864463,2.4741821930864485,2.4741821930864463,1.0,0.09,0.0,1315.75,1368.0,1035.2375000000002,8
18,2.4741821930864463,2.4741821930864485,2.4741821930864463,1.0,0.09,0.0,1315.75,1368.0,1035.2375000000002,8
19,2.4741821930864463,2.4741821930864485,2.4741821930864463,1.0,0.09,0.0,1315.75,1368.0,1035.2375000000002,8
20,2.4741821930864463,2.4741821930864485,2.4741821930864463,1.0,0.09,0.0,1315.75,1368.0,1035.2375000000002,8
21,2.4741821930864463,2.485121208755882,4.224424700195767,1.0,0.135,0.0125,1315.75,1368.0,1035.2375000000002,8
22,2.4741821930864463,2.4741821930864485,2.4741821930864463,1.0,0.135,0.0,1315.75,1368.0,1035.2375000000002,8
23,2.4741821930864463,2.4741821930864485,2.4741821930864463,1.0,0.135,0.0,1315.75,1368.0,1035.2375000000002,8
24,2.4741821930864463,2.4741821930864485,2.4741821930864463,1.0,0.135,0.0,1315.75,1368.0,1035.2375000000002,8
25,2.4741821930864463,2.4741821930864485,2.4741821930864463,1.0,0.135,0.0,1315.75,1368.0,1035.2375000000002,8
1,4.553141790206227,20.621041985291974,76.22384516260192,1.0,0.06,0.3819357092941961,1315.75,1368.0,1035.2375000000002,8
2,4.553141790206227,10.430253637298733,47.36218011712768,1.0,0.06,0.36205974842767996,1315.75,1368.0,1035.2375000000002,8
3,4.553141790206227,5.644486319466223,31.63658735278286,1.0,0.06,0.10553459119496912,1315.75,1368.0,1035.2375000000002,8
4,4.553141790206227,4.568151218777567,6.954650361619125,1.0,0.06,0.024842767295597486,1315.75,1368.0,1035.2375000000002,8
5,4.553141790206227,4.553141790206236,4.553141790206227,1.0,0.06,0.024842767295597486,1315.75,1368.0,1035.2375000000002,8
6,4.553141790206227,4.553141790206236,4.553141790206227,1.0,0.06,0.024842767295597486,1315.75,1368.0,1035.2375000000002,8
7,4.553141790206227,4.553141790206236,4.553141790206227,1.0,0.06,0.03702830188679245,1315.75,1368.0,1035.2375000000002,8
8,4.553141790206227,4.553141790206236,4.553141790206227,1.0,0.06,0.04905660377358491,1315.75,1368.0,1035.2375000000002,8
9,4.553141790206227,4.553141790206236,4.553141790206227,1.0,0.06,0.03702830188679245,1315.75,1368.0,1035.2375000000002,8
10,4.553141790206227,4.553141790206236,4.553141790206227,1.0,0.06,0.03702830188679245,1315.75,1368.0,1035.2375000000002,8
11,4.553141790206227,4.553141790206236,4.553141790206227,1.0,0.09,0.024842767295597486,1315.75,1368.0,1035.2375000000002,8
12,4.553141790206227,4.553141790206236,4.553141790206227,1.0,0.09,0.0125,1315.75,1368.0,1035.2375000000002,8
13,4.553141790206227,4.553141790206236,4.553141790206227,1.0,0.09,0.0,1315.75,1368.0,1035.2375000000002,8
14,4.553141790206227,4.553141790206236,4.553141790206227,1.0,0.09,0.0,1315.75,1368.0,1035.2375000000002,8
15,4.553141790206227,4.553141790206236,4.553141790206227,1.0,0.09,0.0,1315.75,1368.0,1035.2375000000002,8
16,4.553141790206227,4.553141790206236,4.553141790206227,1.0,0.09,0.0,1315.75,1368.0,1035.2375000000002,8
17,4.553141790206227,4.553141790206236,4.553141790206227,1.0,0.09,0.0,1315.75,1368.0,1035.2375000000002,8
18,4.553141790206227,4.553141790206236,4.553141790206227,1.0,0.09,0.0,1315.75,1368.0,1035.2375000000002,8
19,4.553141790206227,4.553141790206236,4.553141790206227,1.0,0.09,0.0,1315.75,1368.0,1035.2375000000002,8
20,4.553141790206227,4.553141790206236,4.553141790206227,1.0,0.09,0.0,1315.75,1368.0,1035.2375000000002,8
21,4.553141790206227,4.553141790206236,4.553141790206227,1.0,0.135,0.0,1315.75,1368.0,1035.2375000000002,8
22,4.553141790206227,4.553141790206236,4.553141790206227,1.0,0.135,0.0,1315.75,1368.0,1035.2375000000002,8
23,4.553141790206227,4.553141790206236,4.553141790206227,1.0,0.135,0.0,1315.75,1368.0,1035.2375000000002,8
24,4.553141790206227,4.553141790206236,4.553141790206227,1.0,0.135,0.0,1315.75,1368.0,1035.2375000000002,8
25,4.553141790206227,5.607512387358251,47.84344285424566,1.0,0.135,0.10418238993711045,1315.75,1368.0,1035.2375000000002,8
1,1.3455123365355863,22.96146211552086,91.8686806872051,1.0,0.06,0.47262185534591195,1315.75,1368.0,1035.2375000000002,8
2,1.3455123365355863,9.533816097584433,59.265005605260214,1.0,0.06,0.3685691823899468,1315.75,1368.0,1035.2375000000002,8
3,1.3455123365355863,4.211813339457839,41.971535368396744,1.0,0.06,0.18209119496855652,1315.75,1368.0,1035.2375000000002,8
4,1.3455123365355863,1.619165211639075,22.732866559875575,1.0,0.06,0.03408018867924528,1315.75,1368.0,1035.2375000000002,8
5,1.3455123365355863,1.3455123365355897,1.3455123365355863,1.0,0.06,0.04905660377358491,1315.75,1368.0,1035.2375000000002,8
6,1.3455123365355863,1.3455123365355897,1.3455123365355863,1.0,0.06,0.024842767295597486,1315.75,1368.0,1035.2375000000002,8
7,1.3455123365355863,1.3455123365355897,1.3455123365355863,1.0,0.06,0.08419811320754716,1315.75,1368.0,1035.2375000000002,8
8,1.3455123365355863,1.3455123365355897,1.3455123365355863,1.0,0.06,0.15023584905660378,1315.75,1368.0,1035.2375000000002,8
9,1.3455123365355863,1.3455123365355897,1.3455123365355863,1.0,0.06,0.15023584905660378,1315.75,1368.0,1035.2375000000002,8
10,1.3455123365355863,1.3455123365355897,1.3455123365355863,1.0,0.06,0.08419811320754716,1315.75,1368.0,1035.2375000000002,8
11,1.3455123365355863,1.3455123365355897,1.3455123365355863,1.0,0.09,0.13962264150943396,1315.75,1368.0,1035.2375000000002,8
12,1.3455123365355863,1.3455123365355897,1.3455123365355863,1.0,0.09,0.12885220125786165,1315.75,1368.0,1035.2375000000002,8
13,1.3455123365355863,1.3455123365355897,1.3455123365355863,1.0,0.09,0.10683962264150944,1315.75,1368.0,1035.2375000000002,8
14,1.3455123365355863,1.3455123365355897,1.3455123365355863,1.0,0.09,0.07264150943396226,1315.75,1368.0,1035.2375000000002,8
15,1.3455123365355863,1.3455123365355897,1.3455123365355863,1.0,0.09,0.03702830188679245,1315.75,1368.0,1035.2375000000002,8
16,1.3455123365355863,1.3455123365355897,1.3455123365355863,1.0,0.09,0.04905660377358491,1315.75,1368.0,1035.2375000000002,8
17,1.3455123365355863,1.3455123365355897,1.3455123365355863,1.0,0.09,0.03702830188679245,1315.75,1368.0,1035.2375000000002,8
18,1.3455123365355863,1.3455123365355897,1.3455123365355863,1.0,0.09,0.03702830188679245,1315.75,1368.0,1035.2375000000002,8
19,1.3455123365355863,1.3455123365355897,1.3455123365355863,1.0,0.09,0.04905660377358491,1315.75,1368.0,1035.2375000000002,8
20,1.3455123365355863,1.3455123365355897,1.3455123365355863,1.0,0.09,0.04905660377358491,1315.75,1368.0,1035.2375000000002,8
21,1.3455123365355863,1.3455123365355897,1.3455123365355863,1.0,0.135,0.09559748427672957,1315.75,1368.0,1035.2375000000002,8
22,1.3455123365355863,1.3455123365355897,1.3455123365355863,1.0,0.135,0.08419811320754716,1315.75,1368.0,1035.2375000000002,8
23,1.3455123365355863,1.3455123365355897,1.3455123365355863,1.0,0.135,0.12885220125786165,1315.75,1368.0,1035.2375000000002,8
24,1.3455123365355863,1.3455123365355897,1.3455123365355863,1.0,0.135,0.07264150943396226,1315.75,1368.0,1035.2375000000002,8
25,1.3455123365355863,4.682979294710692,46.43264682010746,1.0,0.135,0.14999999999999988,1315.75,1368.0,1035.2375000000002,8
1,3.612939272746621,22.962253412788286,88.49042925740771,1.0,0.06,0.33269785115304445,1315.75,1368.0,1035.2375000000002,8
2,3.612939272746621,11.196552019131689,48.48674127480188,1.0,0.06,0.3664439203354272,1315.75,1368.0,1035.2375000000002,8
3,3.612939272746621,5.718969380879469,27.536440023266067,1.0,0.06,0.19147012578616351,1315.75,1368.0,1035.2375000000002,8
4,3.612939272746621,3.8101795551126543,18.562903834513783,1.0,0.06,0.03304507337526208,1315.75,1368.0,1035.2375000000002,8
5,3.612939272746621,3.612939272746632,3.612939272746621,1.0,0.06,0.0,1315.75,1368.0,1035.2375000000002,8
6,3.612939272746621,3.612939272746632,3.612939272746621,1.0,0.06,0.0,1315.75,1368.0,1035.2375000000002,8
7,3.612939272746621,3.612939272746632,3.612939272746621,1.0,0.06,0.0,1315.75,1368.0,1035.2375000000002,8
8,3.612939272746621,3.612939272746632,3.612939272746621,1.0,0.06,0.0,1315.75,1368.0,1035.2375000000002,8
9,3.612939272746621,3.612939272746632,3.612939272746621,1.0,0.06,0.0,1315.75,1368.0,1035.2375000000002,8
10,3.612939272746621,3.612939272746632,3.612939272746621,1.0,0.06,0.0,1315.75,1368.0,1035.2375000000002,8
11,3.612939272746621,3.612939272746632,3.612939272746621,1.0,0.09,0.0,1315.75,1368.0,1035.2375000000002,8
12,3.612939272746621,3.612939272746632,3.612939272746621,1.0,0.09,0.0,1315.75,1368.0,1035.2375000000002,8
13,3.612939272746621,3.612939272746632,3.612939272746621,1.0,0.09,0.0,1315.75,1368.0,1035.2375000000002,8
14,3.612939272746621,3.612939272746632,3.612939272746621,1.0,0.09,0.0,1315.75,1368.0,1035.2375000000002,8
15,3.612939272746621,3.612939272746632,3.612939272746621,1.0,0.09,0.0,1315.75,1368.0,1035.2375000000002,8
16,3.612939272746621,3.612939272746632,3.612939272746621,1.0,0.09,0.0,1315.75,1368.0,1035.2375000000002,8
17,3.612939272746621,3.612939272746632,3.612939272746621,1.0,0.09,0.0,1315.75,1368.0,1035.2375000000002,8
18,3.612939272746621,3.612939272746632,3.612939272746621,1.0,0.09,0.0,1315.75,1368.0,1035.2375000000002,8
19,3.612939272746621,3.612939272746632,3.612939272746621,1.0,0.09,0.0,1315.75,1368.0,1035.2375000000002,8
20,3.612939272746621,3.612939272746632,3.612939272746621,1.0,0.09,0.0,1315.75,1368.0,1035.2375000000002,8
21,3.612939272746621,3.612939272746632,3.612939272746621,1.0,0.135,0.0,1315.75,1368.0,1035.2375000000002,8
22,3.612939272746621,3.612939272746632,3.612939272746621,1.0,0.135,0.0,1315.75,1368.0,1035.2375000000002,8
23,3.612939272746621,3.612939272746632,3.612939272746621,1.0,0.135,0.0,1315.75,1368.0,1035.2375000000002,8
24,3.612939272746621,3.612939272746632,3.612939272746621,1.0,0.135,0.0,1315.75,1368.0,1035.2375000000002,8
25,3.612939272746621,5.714497651995897,47.00080036632998,1.0,0.135,0.09486373165618449,1315.75,1368.0,1035.2375000000002,8
1,1.6042065824129161,22.29659956312831,92.31021281996858,1.0,0.06,0.4351764500349397,1315.75,1368.0,1035.2375000000002,8
2,1.6042065824129161,11.829286778965656,69.40655031556194,1.0,0.06,0.2879913522012579,1315.75,1368.0,1035.2375000000002,8
3,1.6042065824129161,4.868072267159722,31.32296741627061,1.0,0.06,0.2174135220125786,1315.75,1368.0,1035.2375000000002,8
4,1.6042065824129161,2.44999622925529,26.954181090560958,1.0,0.06,0.06315513626834426,1315.75,1368.0,1035.2375000000002,8
5,1.6042065824129161,2.1662449164802338,2.2465361070612824,1.0,0.06,0.22012578616352202,1315.75,1368.0,1035.2375000000002,8
6,1.6042065824129161,2.093982844957293,2.2465361070612824,1.0,0.06,0.3644654088050314,1315.75,1368.0,1035.2375000000002,8
7,1.6042065824129161,1.9293859042661516,2.2465361070612824,1.0,0.06,0.503066037735849,1315.75,1368.0,1035.2375000000002,8
8,1.6042065824129161,1.800919999336482,2.2465361070612824,1.0,0.06,0.4275943396226415,1315.75,1368.0,1035.2375000000002,8
9,1.6042065824129161,1.680483213464914,2.2465361070612824,1.0,0.06,0.2106132075471698,1315.75,1368.0,1035.2375000000002,8
10,1.6042065824129161,1.616250261000078,2.2465361070612824,1.0,0.06,0.03702830188679245,1315.75,1368.0,1035.2375000000002,8
11,1.6042065824129161,1.6082211419419736,2.2465361070612824,1.0,0.09,0.0125,1315.75,1368.0,1035.2375000000002,8
12,1.6042065824129161,1.6042065824129215,1.6042065824129161,1.0,0.09,0.0,1315.75,1368.0,1035.2375000000002,8
13,1.6042065824129161,1.6042065824129215,1.6042065824129161,1.0,0.09,0.0,1315.75,1368.0,1035.2375000000002,8
14,1.6042065824129161,1.6042065824129215,1.6042065824129161,1.0,0.09,0.0,1315.75,1368.0,1035.2375000000002,8
15,1.6042065824129161,1.6042065824129215,1.6042065824129161,1.0,0.09,0.0,1315.75,1368.0,1035.2375000000002,8
16,1.6042065824129161,1.6042065824129215,1.6042065824129161,1.0,0.09,0.0,1315.75,1368.0,1035.2375000000002,8
17,1.6042065824129161,1.6042065824129215,1.6042065824129161,1.0,0.09,0.0,1315.75,1368.0,1035.2375000000002,8
18,1.6042065824129161,1.6042065824129215,1.6042065824129161,1.0,0.09,0.0,1315.75,1368.0,1035.2375000000002,8
19,1.6042065824129161,1.6042065824129215,1.6042065824129161,1.0,0.09,0.0,1315.75,1368.0,1035.2375000000002,8
20,1.6042065824129161,1.6042065824129215,1.6042065824129161,1.0,0.09,0.0,1315.75,1368.0,1035.2375000000002,8
21,1.6042065824129161,1.6042065824129215,1.6042065824129161,1.0,0.135,0.0,1315.75,1368.0,1035.2375000000002,8
22,1.6042065824129161,1.6042065824129215,1.6042065824129161,1.0,0.135,0.0,1315.75,1368.0,1035.2375000000002,8
23,1.6042065824129161,1.6042065824129215,1.6042065824129161,1.0,0.135,0.0,1315.75,1368.0,1035.2375000000002,8
24,1.6042065824129161,1.6042065824129215,1.6042065824129161,1.0,0.135,0.0,1315.75,1368.0,1035.2375000000002,8
25,1.6042065824129161,1.6042065824129215,1.6042065824129161,1.0,0.135,0.0,1315.75,1368.0,1035.2375000000002,8
1,1.9297094927708374,21.94361394555934,91.73026955188453,1.0,0.06,0.3831996855346021,1315.75,1368.0,1035.2375000000002,8
2,1.9297094927708374,9.099200811657486,46.50075081940508,1.0,0.06,0.2640274034141974,1315.75,1368.0,1035.2375000000002,8
3,1.9297094927708374,4.632185806681017,40.76670260491832,1.0,0.06,0.1794811320754717,1315.75,1368.0,1035.2375000000002,8
4,1.9297094927708374,2.3229326171159608,15.243783021528538,1.0,0.06,0.06647012578616353,1315.75,1368.0,1035.2375000000002,8
5,1.9297094927708374,2.2267344436681253,2.2465361070612824,1.0,0.06,0.12963836477987423,1315.75,1368.0,1035.2375000000002,8
6,1.9297094927708374,2.1930716158997656,2.2465361070612824,1.0,0.06,0.292688679245283,1315.75,1368.0,1035.2375000000002,8
7,1.9297094927708374,2.1396071247382524,2.2465361070612824,1.0,0.06,0.46635220125786164,1315.75,1368.0,1035.2375000000002,8
8,1.9297094927708374,2.0604004711656407,2.2465361070612824,1.0,0.06,0.4877358490566038,1315.75,1368.0,1035.2375000000002,8
9,1.9297094927708374,1.9693128195571372,2.2465361070612824,1.0,0.06,0.22012578616352202,1315.75,1368.0,1035.2375000000002,8
10,1.9297094927708374,1.9376301581280928,2.2465361070612824,1.0,0.06,0.04905660377358491,1315.75,1368.0,1035.2375000000002,8
11,1.9297094927708374,2.053421223205023,21.723586362241505,1.0,0.09,0.0125,1315.75,1368.0,1035.2375000000002,8
12,1.9297094927708374,1.9297094927708316,1.9297094927708374,1.0,0.09,0.0,1315.75,1368.0,1035.2375000000002,8
13,1.9297094927708374,1.9297094927708316,1.9297094927708374,1.0,0.09,0.0,1315.75,1368.0,1035.2375000000002,8
14,1.9297094927708374,1.9297094927708316,1.9297094927708374,1.0,0.09,0.0,1315.75,1368.0,1035.2375000000002,8
15,1.9297094927708374,1.9297094927708316,1.9297094927708374,1.0,0.09,0.0,1315.75,1368.0,1035.2375000000002,8
16,1.9297094927708374,1.9297094927708316,1.9297094927708374,1.0,0.09,0.0,1315.75,1368.0,1035.2375000000002,8
17,1.9297094927708374,1.9297094927708316,1.9297094927708374,1.0,0.09,0.0,1315.75,1368.0,1035.2375000000002,8
18,1.9297094927708374,1.9297094927708316,1.9297094927708374,1.0,0.09,0.0,1315.75,1368.0,1035.2375000000002,8
19,1.9297094927708374,1.9297094927708316,1.9297094927708374,1.0,0.09,0.0,1315.75,1368.0,1035.2375000000002,8
20,1.9297094927708374,1.9297094927708316,1.9297094927708374,1.0,0.09,0.0,1315.75,1368.0,1035.2375000000002,8
21,1.9297094927708374,1.9297094927708316,1.9297094927708374,1.0,0.135,0.0,1315.75,1368.0,1035.2375000000002,8
22,1.9297094927708374,1.9297094927708316,1.9297094927708374,1.0,0.135,0.0,1315.75,1368.0,1035.2375000000002,8
23,1.9297094927708374,1.9297094927708316,1.9297094927708374,1.0,0.135,0.0,1315.75,1368.0,1035.2375000000002,8
24,1.9297094927708374,1.9297094927708316,1.9297094927708374,1.0,0.135,0.0,1315.75,1368.0,1035.2375000000002,8
25,1.9297094927708374,1.9297094927708316,1.9297094927708374,1.0,0.135,0.0,1315.75,1368.0,1035.2375000000002,8
1,1.7808811195661631,19.317359438268166,106.1885093515879,1.0,0.06,0.3960604472396779,1315.75,1368.0,1035.2375000000002,8
2,1.7808811195661631,7.532403331189829,44.07018992144647,1.0,0.06,0.2676362683438189,1315.75,1368.0,1035.2375000000002,8
3,1.7808811195661631,3.401080855927566,30.21084658861553,1.0,0.06,0.1022536687631029,1315.75,1368.0,1035.2375000000002,8
4,1.7808811195661631,2.016066378108067,17.76137636624138,1.0,0.06,0.09326519916142653,1315.75,1368.0,1035.2375000000002,8
5,1.7808811195661631,1.7808811195661687,1.7808811195661631,1.0,0.06,0.18608490566037736,1315.75,1368.0,1035.2375000000002,8
6,1.7808811195661631,1.7808811195661687,1.7808811195661631,1.0,0.06,0.2279874213836478,1315.75,1368.0,1035.2375000000002,8
7,1.7808811195661631,1.7808811195661687,1.7808811195661631,1.0,0.06,0.19630503144654088,1315.75,1368.0,1035.2375000000002,8
8,1.7808811195661631,1.7808811195661687,1.7808811195661631,1.0,0.06,0.22602201257861634,1315.75,1368.0,1035.2375000000002,8
9,1.7808811195661631,1.7808811195661687,1.7808811195661631,1.0,0.06,0.23577044025157232,1315.75,1368.0,1035.2375000000002,8
10,1.7808811195661631,1.7808811195661687,1.7808811195661631,1.0,0.06,0.1404874213836478,1315.75,1368.0,1035.2375000000002,8
11,1.7808811195661631,1.7808811195661687,1.7808811195661631,1.0,0.09,0.2009433962264151,1315.75,1368.0,1035.2375000000002,8
12,1.7808811195661631,1.7808811195661687,1.7808811195661631,1.0,0.09,0.1811320754716981,1315.75,1368.0,1035.2375000000002,8
13,1.7808811195661631,1.7808811195661687,1.7808811195661631,1.0,0.09,0.1811320754716981,1315.75,1368.0,1035.2375000000002,8
14,1.7808811195661631,1.7808811195661687,1.7808811195661631,1.0,0.09,0.16069182389937106,1315.75,1368.0,1035.2375000000002,8
15,1.7808811195661631,1.7808811195661687,1.7808811195661631,1.0,0.09,0.12885220125786165,1315.75,1368.0,1035.2375000000002,8
16,1.7808811195661631,1.7808811195661687,1.7808811195661631,1.0,0.09,0.17099056603773585,1315.75,1368.0,1035.2375000000002,8
17,1.7808811195661631,1.7808811195661687,1.7808811195661631,1.0,0.09,0.17099056603773585,1315.75,1368.0,1035.2375000000002,8
18,1.7808811195661631,1.7808811195661687,1.7808811195661631,1.0,0.09,0.13962264150943396,1315.75,1368.0,1035.2375000000002,8
19,1.7808811195661631,1.7808811195661687,1.7808811195661631,1.0,0.09,0.12885220125786165,1315.75,1368.0,1035.2375000000002,8
20,1.7808811195661631,1.7808811195661687,1.7808811195661631,1.0,0.09,0.2106132075471698,1315.75,1368.0,1035.2375000000002,8
21,1.7808811195661631,1.9335460576027828,26.20727120542424,1.0,0.135,0.1309748427672956,1315.75,1368.0,1035.2375000000002,8
22,1.7808811195661631,1.7808811195661687,1.7808811195661631,1.0,0.135,0.25660377358490566,1315.75,1368.0,1035.2375000000002,8
23,1.7808811195661631,1.7808811195661687,1.7808811195661631,1.0,0.135,0.3143867924528302,1315.75,1368.0,1035.2375000000002,8
24,1.7808811195661631,1.7808811195661687,1.7808811195661631,1.0,0.135,0.3220125786163522,1315.75,1368.0,1035.2375000000002,8
25,1.7808811195661631,1.7808811195661687,1.7808811195661631,1.0,0.135,0.3644654088050314,1315.75,1368.0,1035.2375000000002,8
1,1.8869459135343531,22.305497869024144,92.64976228969232,1.0,0.06,0.40900943396226047,1315.75,1368.0,1035.2375000000002,8
2,1.8869459135343531,9.997007654574283,71.36006717536806,1.0,0.06,0.3472596585804171,1315.75,1368.0,1035.2375000000002,8
3,1.8869459135343531,5.039219802894669,31.94010231316777,1.0,0.06,0.24064465408804583,1315.75,1368.0,1035.2375000000002,8
4,1.8869459135343531,2.6823669580010083,20.187240048730946,1.0,0.06,0.08257861635220255,1315.75,1368.0,1035.2375000000002,8
5,1.8869459135343531,1.8869459135343571,1.8869459135343531,1.0,0.06,0.0,1315.75,1368.0,1035.2375000000002,8
6,1.8869459135343531,1.8869459135343571,1.8869459135343531,1.0,0.06,0.0,1315.75,1368.0,1035.2375000000002,8
7,1.8869459135343531,1.8869459135343571,1.8869459135343531,1.0,0.06,0.0,1315.75,1368.0,1035.2375000000002,8
8,1.8869459135343531,1.8869459135343571,1.8869459135343531,1.0,0.06,0.0,1315.75,1368.0,1035.2375000000002,8
9,1.8869459135343531,1.8869459135343571,1.8869459135343531,1.0,0.06,0.0,1315.75,1368.0,1035.2375000000002,8
10,1.8869459135343531,1.8869459135343571,1.8869459135343531,1.0,0.06,0.0,1315.75,1368.0,1035.2375000000002,8
11,1.8869459135343531,1.8869459135343571,1.8869459135343531,1.0,0.09,0.0,1315.75,1368.0,1035.2375000000002,8
12,1.8869459135343531,1.8869459135343571,1.8869459135343531,1.0,0.09,0.0,1315.75,1368.0,1035.2375000000002,8
13,1.8869459135343531,1.8869459135343571,1.8869459135343531,1.0,0.09,0.0,1315.75,1368.0,1035.2375000000002,8
14,1.8869459135343531,1.8869459135343571,1.8869459135343531,1.0,0.09,0.0,1315.75,1368.0,1035.2375000000002,8
15,1.8869459135343531,1.8869459135343571,1.8869459135343531,1.0,0.09,0.0,1315.75,1368.0,1035.2375000000002,8
16,1.8869459135343531,1.8869459135343571,1.8869459135343531,1.0,0.09,0.0,1315.75,1368.0,1035.2375000000002,8
17,1.8869459135343531,1.8869459135343571,1.8869459135343531,1.0,0.09,0.0,1315.75,1368.0,1035.2375000000002,8
18,1.8869459135343531,1.8869459135343571,1.8869459135343531,1.0,0.09,0.0,1315.75,1368.0,1035.2375000000002,8
19,1.8869459135343531,1.8869459135343571,1.8869459135343531,1.0,0.09,0.0,1315.75,1368.0,1035.2375000000002,8
20,1.8869459135343531,1.8869459135343571,1.8869459135343531,1.0,0.09,0.0,1315.75,1368.0,1035.2375000000002,8
21,1.8869459135343531,1.8869459135343571,1.8869459135343531,1.0,0.135,0.0,1315.75,1368.0,1035.2375000000002,8
22,1.8869459135343531,1.8869459135343571,1.8869459135343531,1.0,0.135,0.0,1315.75,1368.0,1035.2375000000002,8
23,1.8869459135343531,1.8869459135343571,1.8869459135343531,1.0,0.135,0.0,1315.75,1368.0,1035.2375000000002,8
24,1.8869459135343531,1.8869459135343571,1.8869459135343531,1.0,0.135,0.0,1315.75,1368.0,1035.2375000000002,8
25,1.8869459135343531,3.4658129136414524,52.20798261066542,1.0,0.135,0.08012316561844815,1315.75,1368.0,1035.2375000000002,8
1,1.8869459135343531,23.08726850892283,87.01914385516083,1.0,0.06,0.39947327044025494,1315.75,1368.0,1035.2375000000002,8
2,1.8869459135343531,9.704822474775428,62.38094470244421,1.0,0.06,0.3211215932914071,1315.75,1368.0,1035.2375000000002,8
3,1.8869459135343531,3.397513535366658,30.788168625623968,1.0,0.06,0.12519654088050314,1315.75,1368.0,1035.2375000000002,8
4,1.8869459135343531,2.1234386525057927,27.04645865635475,1.0,0.06,0.048480083857442326,1315.75,1368.0,1035.2375000000002,8
5,1.8869459135343531,1.8869459135343571,1.8869459135343531,1.0,0.06,0.09559748427672957,1315.75,1368.0,1035.2375000000002,8
6,1.8869459135343531,1.8869459135343571,1.8869459135343531,1.0,0.06,0.08419811320754716,1315.75,1368.0,1035.2375000000002,8
7,1.8869459135343531,1.8869459135343571,1.8869459135343531,1.0,0.06,0.04905660377358491,1315.75,1368.0,1035.2375000000002,8
8,1.8869459135343531,1.8869459135343571,1.8869459135343531,1.0,0.06,0.03702830188679245,1315.75,1368.0,1035.2375000000002,8
9,1.8869459135343531,1.8869459135343571,1.8869459135343531,1.0,0.06,0.024842767295597486,1315.75,1368.0,1035.2375000000002,8
10,1.8869459135343531,1.8869459135343571,1.8869459135343531,1.0,0.06,0.0125,1315.75,1368.0,1035.2375000000002,8
11,1.8869459135343531,1.8869459135343571,1.8869459135343531,1.0,0.09,0.06092767295597484,1315.75,1368.0,1035.2375000000002,8
12,1.8869459135343531,1.8869459135343571,1.8869459135343531,1.0,0.09,0.03702830188679245,1315.75,1368.0,1035.2375000000002,8
13,1.8869459135343531,1.8869459135343571,1.8869459135343531,1.0,0.09,0.07264150943396226,1315.75,1368.0,1035.2375000000002,8
14,1.8869459135343531,1.8869459135343571,1.8869459135343531,1.0,0.09,0.09559748427672957,1315.75,1368.0,1035.2375000000002,8
15,1.8869459135343531,1.8869459135343571,1.8869459135343531,1.0,0.09,0.12885220125786165,1315.75,1368.0,1035.2375000000002,8
16,1.8869459135343531,1.8869459135343571,1.8869459135343531,1.0,0.09,0.15023584905660378,1315.75,1368.0,1035.2375000000002,8
17,1.8869459135343531,1.8869459135343571,1.8869459135343531,1.0,0.09,0.1811320754716981,1315.75,1368.0,1035.2375000000002,8
18,1.8869459135343531,1.8869459135343571,1.8869459135343531,1.0,0.09,0.17099056603773585,1315.75,1368.0,1035.2375000000002,8
19,1.8869459135343531,1.8869459135343571,1.8869459135343531,1.0,0.09,0.15023584905660378,1315.75,1368.0,1035.2375000000002,8
20,1.8869459135343531,1.8869459135343571,1.8869459135343531,1.0,0.09,0.15023584905660378,1315.75,1368.0,1035.2375000000002,8
21,1.8869459135343531,1.8869459135343571,1.8869459135343531,1.0,0.135,0.2477201257861635,1315.75,1368.0,1035.2375000000002,8
22,1.8869459135343531,1.8869459135343571,1.8869459135343531,1.0,0.135,0.2738993710691824,1315.75,1368.0,1035.2375000000002,8
23,1.8869459135343531,1.8869459135343571,1.8869459135343531,1.0,0.135,0.3143867924528302,1315.75,1368.0,1035.2375000000002,8
24,1.8869459135343531,1.8869459135343571,1.8869459135343531,1.0,0.135,0.2986635220125786,1315.75,1368.0,1035.2375000000002,8
25,1.8869459135343531,4.70325355043839,60.0250930678463,1.0,0.135,0.14401205450734123,1315.75,1368.0,1035.2375000000002,8
1,1.0598999221182788,21.353773035204615,101.23621751541434,1.0,0.06,0.39557389937107945,1315.75,1368.0,1035.2375000000002,8
2,1.0598999221182788,8.073771312989223,60.38469958202691,1.0,0.06,0.2576370170709824,1315.75,1368.0,1035.2375000000002,8
3,1.0598999221182788,2.5304653678512663,31.055358726393543,1.0,0.06,0.1604756289308176,1315.75,1368.0,1035.2375000000002,8
4,1.0598999221182788,1.1443260717997792,14.568083871157873,1.0,0.06,0.024842767295597486,1315.75,1368.0,1035.2375000000002,8
5,1.0598999221182788,1.0598999221182805,1.0598999221182788,1.0,0.06,0.0,1315.75,1368.0,1035.2375000000002,8
6,1.0598999221182788,1.0598999221182805,1.0598999221182788,1.0,0.06,0.0,1315.75,1368.0,1035.2375000000002,8
7,1.0598999221182788,1.0598999221182805,1.0598999221182788,1.0,0.06,0.0,1315.75,1368.0,1035.2375000000002,8
8,1.0598999221182788,1.0598999221182805,1.0598999221182788,1.0,0.06,0.0,1315.75,1368.0,1035.2375000000002,8
9,1.0598999221182788,1.0598999221182805,1.0598999221182788,1.0,0.06,0.0,1315.75,1368.0,1035.2375000000002,8
10,1.0598999221182788,1.0598999221182805,1.0598999221182788,1.0,0.06,0.0,1315.75,1368.0,1035.2375000000002,8
11,1.0598999221182788,1.0598999221182805,1.0598999221182788,1.0,0.09,0.0,1315.75,1368.0,1035.2375000000002,8
12,1.0598999221182788,1.0598999221182805,1.0598999221182788,1.0,0.09,0.0,1315.75,1368.0,1035.2375000000002,8
13,1.0598999221182788,1.0598999221182805,1.0598999221182788,1.0,0.09,0.0,1315.75,1368.0,1035.2375000000002,8
14,1.0598999221182788,1.0598999221182805,1.0598999221182788,1.0,0.09,0.0,1315.75,1368.0,1035.2375000000002,8
15,1.0598999221182788,1.0598999221182805,1.0598999221182788,1.0,0.09,0.0,1315.75,1368.0,1035.2375000000002,8
16,1.0598999221182788,1.0598999221182805,1.0598999221182788,1.0,0.09,0.0,1315.75,1368.0,1035.2375000000002,8
17,1.0598999221182788,1.0598999221182805,1.0598999221182788,1.0,0.09,0.0,1315.75,1368.0,1035.2375000000002,8
18,1.0598999221182788,1.0598999221182805,1.0598999221182788,1.0,0.09,0.0,1315.75,1368.0,1035.2375000000002,8
19,1.0598999221182788,1.0598999221182805,1.0598999221182788,1.0,0.09,0.0,1315.75,1368.0,1035.2375000000002,8
20,1.0598999221182788,1.0598999221182805,1.0598999221182788,1.0,0.09,0.0,1315.75,1368.0,1035.2375000000002,8
21,1.0598999221182788,1.0598999221182805,1.0598999221182788,1.0,0.135,0.0,1315.75,1368.0,1035.2375000000002,8
22,1.0598999221182788,1.0598999221182805,1.0598999221182788,1.0,0.135,0.0,1315.75,1368.0,1035.2375000000002,8
23,1.0598999221182788,1.0598999221182805,1.0598999221182788,1.0,0.135,0.0,1315.75,1368.0,1035.2375000000002,8
24,1.0598999221182788,1.0598999221182805,1.0598999221182788,1.0,0.135,0.0,1315.75,1368.0,1035.2375000000002,8
25,1.0598999221182788,4.25920931797124,43.823134896078855,1.0,0.135,0.17058176100628897,1315.75,1368.0,1035.2375000000002,8
1,1.0598999221182788,21.427422824002377,91.42779404473006,1.0,0.06,0.4181516422082448,1315.75,1368.0,1035.2375000000002,8
2,1.0598999221182788,8.508730610977304,59.83207981461021,1.0,0.06,0.2799191374662941,1315.75,1368.0,1035.2375000000002,8
3,1.0598999221182788,3.2477606176705143,38.29923639727619,1.0,0.06,0.16945754716981132,1315.75,1368.0,1035.2375000000002,8
4,1.0598999221182788,1.085400272186681,3.7256736620941533,1.0,0.06,0.01871069182389937,1315.75,1368.0,1035.2375000000002,8
5,1.0598999221182788,1.0598999221182805,1.0598999221182788,1.0,0.06,0.0,1315.75,1368.0,1035.2375000000002,8
6,1.0598999221182788,1.0598999221182805,1.0598999221182788,1.0,0.06,0.0,1315.75,1368.0,1035.2375000000002,8
7,1.0598999221182788,1.0598999221182805,1.0598999221182788,1.0,0.06,0.0,1315.75,1368.0,1035.2375000000002,8
8,1.0598999221182788,1.0598999221182805,1.0598999221182788,1.0,0.06,0.0,1315.75,1368.0,1035.2375000000002,8
9,1.0598999221182788,1.0598999221182805,1.0598999221182788,1.0,0.06,0.0,1315.75,1368.0,1035.2375000000002,8
10,1.0598999221182788,1.0598999221182805,1.0598999221182788,1.0,0.06,0.0,1315.75,1368.0,1035.2375000000002,8
11,1.0598999221182788,1.0598999221182805,1.0598999221182788,1.0,0.09,0.0,1315.75,1368.0,1035.2375000000002,8
12,1.0598999221182788,1.0598999221182805,1.0598999221182788,1.0,0.09,0.0,1315.75,1368.0,1035.2375000000002,8
13,1.0598999221182788,1.0598999221182805,1.0598999221182788,1.0,0.09,0.0,1315.75,1368.0,1035.2375000000002,8
14,1.0598999221182788,1.0598999221182805,1.0598999221182788,1.0,0.09,0.0,1315.75,1368.0,1035.2375000000002,8
15,1.0598999221182788,1.0598999221182805,1.0598999221182788,1.0,0.09,0.0,1315.75,1368.0,1035.2375000000002,8
16,1.0598999221182788,1.0598999221182805,1.0598999221182788,1.0,0.09,0.0,1315.75,1368.0,1035.2375000000002,8
17,1.0598999221182788,1.0598999221182805,1.0598999221182788,1.0,0.09,0.0,1315.75,1368.0,1035.2375000000002,8
18,1.0598999221182788,1.0598999221182805,1.0598999221182788,1.0,0.09,0.0,1315.75,1368.0,1035.2375000000002,8
19,1.0598999221182788,1.0598999221182805,1.0598999221182788,1.0,0.09,0.0,1315.75,1368.0,1035.2375000000002,8
20,1.0598999221182788,1.0598999221182805,1.0598999221182788,1.0,0.09,0.0,1315.75,1368.0,1035.2375000000002,8
21,1.0598999221182788,1.0598999221182805,1.0598999221182788,1.0,0.135,0.0,1315.75,1368.0,1035.2375000000002,8
22,1.0598999221182788,1.0598999221182805,1.0598999221182788,1.0,0.135,0.0,1315.75,1368.0,1035.2375000000002,8
23,1.0598999221182788,1.0598999221182805,1.0598999221182788,1.0,0.135,0.0,1315.75,1368.0,1035.2375000000002,8
24,1.0598999221182788,1.0598999221182805,1.0598999221182788,1.0,0.135,0.0,1315.75,1368.0,1035.2375000000002,8
25,1.0598999221182788,5.119780846265572,43.7439918796689,1.0,0.135,0.20317610062892758,1315.75,1368.0,1035.2375000000002,8
1,1.3857792316023456,20.58734579405054,77.01239540248169,1.0,0.06,0.4519752358490566,1315.75,1368.0,1035.2375000000002,8
2,1.3857792316023456,8.487636162435852,53.60396400816931,1.0,0.06,0.4021226415094408,1315.75,1368.0,1035.2375000000002,8
3,1.3857792316023456,2.8490058239586977,28.1565398589119,1.0,0.06,0.1186635220125767,1315.75,1368.0,1035.2375000000002,8
4,1.3857792316023456,1.3857792316023487,1.3857792316023456,1.0,0.06,0.024842767295597486,1315.75,1368.0,1035.2375000000002,8
5,1.3857792316023456,1.3857792316023487,1.3857792316023456,1.0,0.06,0.024842767295597486,1315.75,1368.0,1035.2375000000002,8
6,1.3857792316023456,1.3857792316023487,1.3857792316023456,1.0,0.06,0.03702830188679245,1315.75,1368.0,1035.2375000000002,8
7,1.3857792316023456,1.3857792316023487,1.3857792316023456,1.0,0.06,0.08419811320754716,1315.75,1368.0,1035.2375000000002,8
8,1.3857792316023456,1.3857792316023487,1.3857792316023456,1.0,0.06,0.04905660377358491,1315.75,1368.0,1035.2375000000002,8
9,1.3857792316023456,1.3857792316023487,1.3857792316023456,1.0,0.06,0.07264150943396226,1315.75,1368.0,1035.2375000000002,8
10,1.3857792316023456,1.3857792316023487,1.3857792316023456,1.0,0.06,0.10683962264150944,1315.75,1368.0,1035.2375000000002,8
11,1.3857792316023456,1.3857792316023487,1.3857792316023456,1.0,0.09,0.1179245283018868,1315.75,1368.0,1035.2375000000002,8
12,1.3857792316023456,1.3857792316023487,1.3857792316023456,1.0,0.09,0.2106132075471698,1315.75,1368.0,1035.2375000000002,8
13,1.3857792316023456,1.3857792316023487,1.3857792316023456,1.0,0.09,0.2009433962264151,1315.75,1368.0,1035.2375000000002,8
14,1.3857792316023456,1.3857792316023487,1.3857792316023456,1.0,0.09,0.08419811320754716,1315.75,1368.0,1035.2375000000002,8
15,1.3857792316023456,1.3857792316023487,1.3857792316023456,1.0,0.09,0.09559748427672957,1315.75,1368.0,1035.2375000000002,8
16,1.3857792316023456,1.3857792316023487,1.3857792316023456,1.0,0.09,0.04905660377358491,1315.75,1368.0,1035.2375000000002,8
17,1.3857792316023456,1.3857792316023487,1.3857792316023456,1.0,0.09,0.0125,1315.75,1368.0,1035.2375000000002,8
18,1.3857792316023456,1.3857792316023487,1.3857792316023456,1.0,0.09,0.0,1315.75,1368.0,1035.2375000000002,8
19,1.3857792316023456,1.3857792316023487,1.3857792316023456,1.0,0.09,0.0,1315.75,1368.0,1035.2375000000002,8
20,1.3857792316023456,1.3857792316023487,1.3857792316023456,1.0,0.09,0.0,1315.75,1368.0,1035.2375000000002,8
21,1.3857792316023456,1.3857792316023487,1.3857792316023456,1.0,0.135,0.0,1315.75,1368.0,1035.2375000000002,8
22,1.3857792316023456,1.3857792316023487,1.3857792316023456,1.0,0.135,0.0,1315.75,1368.0,1035.2375000000002,8
23,1.3857792316023456,1.3857792316023487,1.3857792316023456,1.0,0.135,0.0,1315.75,1368.0,1035.2375000000002,8
24,1.3857792316023456,3.2185040835893077,37.730960235535406,1.0,0.135,0.11265723270440232,1315.75,1368.0,1035.2375000000002,8
25,1.3857792316023456,1.4798865509057726,16.4429503201502,1.0,0.135,0.0125,1315.75,1368.0,1035.2375000000002,8
1,1.3857792316023456,20.84535579264456,82.557624809846,1.0,0.06,0.37617138364781216,1315.75,1368.0,1035.2375000000002,8
2,1.3857792316023456,9.394746298152608,43.85004917979227,1.0,0.06,0.42583333333334894,1315.75,1368.0,1035.2375000000002,8
3,1.3857792316023456,3.4777228872178085,28.425274068682974,1.0,0.06,0.2322130503144654,1315.75,1368.0,1035.2375000000002,8
4,1.3857792316023456,1.5125779313421213,8.371125175620998,1.0,0.06,0.055345911949685536,1315.75,1368.0,1035.2375000000002,8
5,1.3857792316023456,1.3857792316023487,1.3857792316023456,1.0,0.06,0.0,1315.75,1368.0,1035.2375000000002,8
6,1.3857792316023456,1.3857792316023487,1.3857792316023456,1.0,0.06,0.0,1315.75,1368.0,1035.2375000000002,8
7,1.3857792316023456,1.3857792316023487,1.3857792316023456,1.0,0.06,0.0,1315.75,1368.0,1035.2375000000002,8
8,1.3857792316023456,1.3857792316023487,1.3857792316023456,1.0,0.06,0.0,1315.75,1368.0,1035.2375000000002,8
9,1.3857792316023456,1.3857792316023487,1.3857792316023456,1.0,0.06,0.0,1315.75,1368.0,1035.2375000000002,8
10,1.3857792316023456,1.3857792316023487,1.3857792316023456,1.0,0.06,0.0,1315.75,1368.0,1035.2375000000002,8
11,1.3857792316023456,1.3857792316023487,1.3857792316023456,1.0,0.09,0.0,1315.75,1368.0,1035.2375000000002,8
12,1.3857792316023456,1.3857792316023487,1.3857792316023456,1.0,0.09,0.0,1315.75,1368.0,1035.2375000000002,8
13,1.3857792316023456,1.3857792316023487,1.3857792316023456,1.0,0.09,0.0,1315.75,1368.0,1035.2375000000002,8
14,1.3857792316023456,1.3857792316023487,1.3857792316023456,1.0,0.09,0.0,1315.75,1368.0,1035.2375000000002,8
15,1.3857792316023456,1.3857792316023487,1.3857792316023456,1.0,0.09,0.0,1315.75,1368.0,1035.2375000000002,8
16,1.3857792316023456,1.3857792316023487,1.3857792316023456,1.0,0.09,0.0,1315.75,1368.0,1035.2375000000002,8
17,1.3857792316023456,1.3857792316023487,1.3857792316023456,1.0,0.09,0.0,1315.75,1368.0,1035.2375000000002,8
18,1.3857792316023456,1.3857792316023487,1.3857792316023456,1.0,0.09,0.0,1315.75,1368.0,1035.2375000000002,8
19,1.3857792316023456,1.3857792316023487,1.3857792316023456,1.0,0.09,0.0,1315.75,1368.0,1035.2375000000002,8
20,1.3857792316023456,1.3857792316023487,1.3857792316023456,1.0,0.09,0.0,1315.75,1368.0,1035.2375000000002,8
21,1.3857792316023456,1.436430646198268,9.490005566949474,1.0,0.135,0.0125,1315.75,1368.0,1035.2375000000002,8
22,1.3857792316023456,1.3857792316023487,1.3857792316023456,1.0,0.135,0.0,1315.75,1368.0,1035.2375000000002,8
23,1.3857792316023456,1.3857792316023487,1.3857792316023456,1.0,0.135,0.0,1315.75,1368.0,1035.2375000000002,8
24,1.3857792316023456,1.3857792316023487,1.3857792316023456,1.0,0.135,0.0,1315.75,1368.0,1035.2375000000002,8
25,1.3857792316023456,1.3857792316023487,1.3857792316023456,1.0,0.135,0.0,1315.75,1368.0,1035.2375000000002,8
1,1.4763137884174622,20.997370658722534,109.19681907275552,1.0,0.06,0.3198964884696014,1315.75,1368.0,1035.2375000000002,8
2,1.4763137884174622,8.907052778492117,55.324377418099175,1.0,0.06,0.2763140161725049,1315.75,1368.0,1035.2375000000002,8
3,1.4763137884174622,3.3511750097573767,26.856312385765804,1.0,0.06,0.14915487421383647,1315.75,1368.0,1035.2375000000002,8
4,1.4763137884174622,1.6692323699241247,17.895804673313645,1.0,0.06,0.029009433962264387,1315.75,1368.0,1035.2375000000002,8
5,1.4763137884174622,1.4763137884174586,1.4763137884174622,1.0,0.06,0.0,1315.75,1368.0,1035.2375000000002,8
6,1.4763137884174622,1.4763137884174586,1.4763137884174622,1.0,0.06,0.0,1315.75,1368.0,1035.2375000000002,8
7,1.4763137884174622,1.4763137884174586,1.4763137884174622,1.0,0.06,0.0,1315.75,1368.0,1035.2375000000002,8
8,1.4763137884174622,1.4763137884174586,1.4763137884174622,1.0,0.06,0.0,1315.75,1368.0,1035.2375000000002,8
9,1.4763137884174622,1.4763137884174586,1.4763137884174622,1.0,0.06,0.0,1315.75,1368.0,1035.2375000000002,8
10,1.4763137884174622,1.4763137884174586,1.4763137884174622,1.0,0.06,0.0,1315.75,1368.0,1035.2375000000002,8
11,1.4763137884174622,1.4763137884174586,1.4763137884174622,1.0,0.09,0.0,1315.75,1368.0,1035.2375000000002,8
12,1.4763137884174622,1.4763137884174586,1.4763137884174622,1.0,0.09,0.0,1315.75,1368.0,1035.2375000000002,8
13,1.4763137884174622,1.4763137884174586,1.4763137884174622,1.0,0.09,0.0,1315.75,1368.0,1035.2375000000002,8
14,1.4763137884174622,1.4763137884174586,1.4763137884174622,1.0,0.09,0.0,1315.75,1368.0,1035.2375000000002,8
15,1.4763137884174622,1.4763137884174586,1.4763137884174622,1.0,0.09,0.0,1315.75,1368.0,1035.2375000000002,8
16,1.4763137884174622,1.4763137884174586,1.4763137884174622,1.0,0.09,0.0,1315.75,1368.0,1035.2375000000002,8
17,1.4763137884174622,1.4763137884174586,1.4763137884174622,1.0,0.09,0.0,1315.75,1368.0,1035.2375000000002,8
18,1.4763137884174622,1.4763137884174586,1.4763137884174622,1.0,0.09,0.0,1315.75,1368.0,1035.2375000000002,8
19,1.4763137884174622,1.4763137884174586,1.4763137884174622,1.0,0.09,0.0,1315.75,1368.0,1035.2375000000002,8
20,1.4763137884174622,1.4763137884174586,1.4763137884174622,1.0,0.09,0.0,1315.75,1368.0,1035.2375000000002,8
21,1.4763137884174622,1.4763137884174586,1.4763137884174622,1.0,0.135,0.0,1315.75,1368.0,1035.2375000000002,8
22,1.4763137884174622,1.4763137884174586,1.4763137884174622,1.0,0.135,0.0,1315.75,1368.0,1035.2375000000002,8
23,1.4763137884174622,1.4763137884174586,1.4763137884174622,1.0,0.135,0.0,1315.75,1368.0,1035.2375000000002,8
24,1.4763137884174622,1.4763137884174586,1.4763137884174622,1.0,0.135,0.0,1315.75,1368.0,1035.2375000000002,8
25,1.4763137884174622,3.71659599455392,47.3427792831132,1.0,0.135,0.1452672955974804,1315.75,1368.0,1035.2375000000002,8
1,4.057821925603252,20.758009789286312,84.4223714114799,1.0,0.06,0.402367225716267,1315.75,1368.0,1035.2375000000002,8
2,4.057821925603252,9.599905397413208,44.377063115913906,1.0,0.06,0.2533580413297372,1315.75,1368.0,1035.2375000000002,8
3,4.057821925603252,5.335900783434973,27.557270136965684,1.0,0.06,0.15750786163522013,1315.75,1368.0,1035.2375000000002,8
4,4.057821925603252,4.291235742634833,23.9447849837601,1.0,0.06,0.04292452830188679,1315.75,1368.0,1035.2375000000002,8
5,4.057821925603252,4.0600303573176655,4.2344964627565,1.0,0.06,0.024842767295597486,1315.75,1368.0,1035.2375000000002,8
6,4.057821925603252,4.057821925603249,4.057821925603252,1.0,0.06,0.0,1315.75,1368.0,1035.2375000000002,8
7,4.057821925603252,4.057821925603249,4.057821925603252,1.0,0.06,0.0,1315.75,1368.0,1035.2375000000002,8
8,4.057821925603252,4.057821925603249,4.057821925603252,1.0,0.06,0.0,1315.75,1368.0,1035.2375000000002,8
9,4.057821925603252,4.057821925603249,4.057821925603252,1.0,0.06,0.0,1315.75,1368.0,1035.2375000000002,8
10,4.057821925603252,4.057821925603249,4.057821925603252,1.0,0.06,0.0,1315.75,1368.0,1035.2375000000002,8
11,4.057821925603252,4.057821925603249,4.057821925603252,1.0,0.09,0.0,1315.75,1368.0,1035.2375000000002,8
12,4.057821925603252,4.057821925603249,4.057821925603252,1.0,0.09,0.0,1315.75,1368.0,1035.2375000000002,8
13,4.057821925603252,4.057821925603249,4.057821925603252,1.0,0.09,0.0,1315.75,1368.0,1035.2375000000002,8
14,4.057821925603252,4.057821925603249,4.057821925603252,1.0,0.09,0.0,1315.75,1368.0,1035.2375000000002,8
15,4.057821925603252,4.057821925603249,4.057821925603252,1.0,0.09,0.0,1315.75,1368.0,1035.2375000000002,8
16,4.057821925603252,4.057821925603249,4.057821925603252,1.0,0.09,0.0,1315.75,1368.0,1035.2375000000002,8
17,4.057821925603252,4.057821925603249,4.057821925603252,1.0,0.09,0.0,1315.75,1368.0,1035.2375000000002,8
18,4.057821925603252,4.057821925603249,4.057821925603252,1.0,0.09,0.0,1315.75,1368.0,1035.2375000000002,8
19,4.057821925603252,4.057821925603249,4.057821925603252,1.0,0.09,0.0,1315.75,1368.0,1035.2375000000002,8
20,4.057821925603252,4.057821925603249,4.057821925603252,1.0,0.09,0.0,1315.75,1368.0,1035.2375000000002,8
21,4.057821925603252,4.057821925603249,4.057821925603252,1.0,0.135,0.0,1315.75,1368.0,1035.2375000000002,8
22,4.057821925603252,4.057821925603249,4.057821925603252,1.0,0.135,0.0,1315.75,1368.0,1035.2375000000002,8
23,4.057821925603252,4.057821925603249,4.057821925603252,1.0,0.135,0.0,1315.75,1368.0,1035.2375000000002,8
24,4.057821925603252,4.057821925603249,4.057821925603252,1.0,0.135,0.0,1315.75,1368.0,1035.2375000000002,8
25,4.057821925603252,4.057821925603249,4.057821925603252,1.0,0.135,0.0,1315.75,1368.0,1035.2375000000002,8
1,3.5395710590231104,22.753976334346547,80.92909340048396,1.0,0.06,0.32734538784067807,1315.75,1368.0,1035.2375000000002,8
2,3.5395710590231104,9.982257647151553,57.08758829214557,1.0,0.06,0.34218553459120793,1315.75,1368.0,1035.2375000000002,8
3,3.5395710590231104,4.681601141953961,28.608520282761635,1.0,0.06,0.17132468553459118,1315.75,1368.0,1035.2375000000002,8
4,3.5395710590231104,4.126765175829831,5.065551051556507,1.0,0.06,0.29465408805031446,1315.75,1368.0,1035.2375000000002,8
5,3.5395710590231104,4.043391976729824,4.2344964627565,1.0,0.06,0.4102201257861635,1315.75,1368.0,1035.2375000000002,8
6,3.5395710590231104,3.878347193343145,4.2344964627565,1.0,0.06,0.5058569182389937,1315.75,1368.0,1035.2375000000002,8
7,3.5395710590231104,3.661183004676455,4.2344964627565,1.0,0.06,0.29056603773584905,1315.75,1368.0,1035.2375000000002,8
8,3.5395710590231104,3.5656307616631127,4.2344964627565,1.0,0.06,0.07264150943396226,1315.75,1368.0,1035.2375000000002,8
9,3.5395710590231104,3.5395710590231095,3.5395710590231104,1.0,0.06,0.0,1315.75,1368.0,1035.2375000000002,8
10,3.5395710590231104,3.5395710590231095,3.5395710590231104,1.0,0.06,0.0,1315.75,1368.0,1035.2375000000002,8
11,3.5395710590231104,3.5439143427964437,4.2344964627565,1.0,0.09,0.0125,1315.75,1368.0,1035.2375000000002,8
12,3.5395710590231104,3.5395710590231095,3.5395710590231104,1.0,0.09,0.0,1315.75,1368.0,1035.2375000000002,8
13,3.5395710590231104,3.5395710590231095,3.5395710590231104,1.0,0.09,0.0,1315.75,1368.0,1035.2375000000002,8
14,3.5395710590231104,3.5395710590231095,3.5395710590231104,1.0,0.09,0.0,1315.75,1368.0,1035.2375000000002,8
15,3.5395710590231104,3.5395710590231095,3.5395710590231104,1.0,0.09,0.0,1315.75,1368.0,1035.2375000000002,8
16,3.5395710590231104,3.5395710590231095,3.5395710590231104,1.0,0.09,0.0,1315.75,1368.0,1035.2375000000002,8
17,3.5395710590231104,3.5395710590231095,3.5395710590231104,1.0,0.09,0.0,1315.75,1368.0,1035.2375000000002,8
18,3.5395710590231104,3.5395710590231095,3.5395710590231104,1.0,0.09,0.0,1315.75,1368.0,1035.2375000000002,8
19,3.5395710590231104,3.5395710590231095,3.5395710590231104,1.0,0.09,0.0,1315.75,1368.0,1035.2375000000002,8
20,3.5395710590231104,3.5395710590231095,3.5395710590231104,1.0,0.09,0.0,1315.75,1368.0,1035.2375000000002,8
21,3.5395710590231104,3.5439143427964432,4.2344964627565,1.0,0.135,0.0125,1315.75,1368.0,1035.2375000000002,8
22,3.5395710590231104,3.5395710590231095,3.5395710590231104,1.0,0.135,0.0,1315.75,1368.0,1035.2375000000002,8
23,3.5395710590231104,3.5395710590231095,3.5395710590231104,1.0,0.135,0.0,1315.75,1368.0,1035.2375000000002,8
24,3.5395710590231104,3.5395710590231095,3.5395710590231104,1.0,0.135,0.0,1315.75,1368.0,1035.2375000000002,8
25,3.5395710590231104,3.5395710590231095,3.5395710590231104,1.0,0.135,0.0,1315.75,1368.0,1035.2375000000002,8
1,2.6534502159455666,21.05281710275307,89.12963884432419,1.0,0.06,0.3525943396226418,1315.75,1368.0,1035.2375000000002,8
2,2.6534502159455666,10.323347195951012,52.43328879128191,1.0,0.06,0.34758909853249564,1315.75,1368.0,1035.2375000000002,8
3,2.6534502159455666,5.799238423360469,41.60930230902889,1.0,0.06,0.2177515723270494,1315.75,1368.0,1035.2375000000002,8
4,2.6534502159455666,3.069607837729305,25.339319509254388,1.0,0.06,0.04622641509433962,1315.75,1368.0,1035.2375000000002,8
5,2.6534502159455666,2.6534502159455586,2.6534502159455666,1.0,0.06,0.0,1315.75,1368.0,1035.2375000000002,8
6,2.6534502159455666,2.6534502159455586,2.6534502159455666,1.0,0.06,0.0,1315.75,1368.0,1035.2375000000002,8
7,2.6534502159455666,2.6534502159455586,2.6534502159455666,1.0,0.06,0.0,1315.75,1368.0,1035.2375000000002,8
8,2.6534502159455666,2.6534502159455586,2.6534502159455666,1.0,0.06,0.0,1315.75,1368.0,1035.2375000000002,8
9,2.6534502159455666,2.6534502159455586,2.6534502159455666,1.0,0.06,0.0,1315.75,1368.0,1035.2375000000002,8
10,2.6534502159455666,2.6534502159455586,2.6534502159455666,1.0,0.06,0.0,1315.75,1368.0,1035.2375000000002,8
11,2.6534502159455666,2.6534502159455586,2.6534502159455666,1.0,0.09,0.0,1315.75,1368.0,1035.2375000000002,8
12,2.6534502159455666,2.6534502159455586,2.6534502159455666,1.0,0.09,0.0,1315.75,1368.0,1035.2375000000002,8
13,2.6534502159455666,2.6534502159455586,2.6534502159455666,1.0,0.09,0.0,1315.75,1368.0,1035.2375000000002,8
14,2.6534502159455666,2.6534502159455586,2.6534502159455666,1.0,0.09,0.0,1315.75,1368.0,1035.2375000000002,8
15,2.6534502159455666,2.6534502159455586,2.6534502159455666,1.0,0.09,0.0,1315.75,1368.0,1035.2375000000002,8
16,2.6534502159455666,2.6534502159455586,2.6534502159455666,1.0,0.09,0.0,1315.75,1368.0,1035.2375000000002,8
17,2.6534502159455666,2.6534502159455586,2.6534502159455666,1.0,0.09,0.0,1315.75,1368.0,1035.2375000000002,8
18,2.6534502159455666,2.6534502159455586,2.6534502159455666,1.0,0.09,0.0,1315.75,1368.0,1035.2375000000002,8
19,2.6534502159455666,2.6534502159455586,2.6534502159455666,1.0,0.09,0.0,1315.75,1368.0,1035.2375000000002,8
20,2.6534502159455666,2.6534502159455586,2.6534502159455666,1.0,0.09,0.0,1315.75,1368.0,1035.2375000000002,8
21,2.6534502159455666,2.6534502159455586,2.6534502159455666,1.0,0.135,0.0,1315.75,1368.0,1035.2375000000002,8
22,2.6534502159455666,2.6534502159455586,2.6534502159455666,1.0,0.135,0.0,1315.75,1368.0,1035.2375000000002,8
23,2.6534502159455666,2.6534502159455586,2.6534502159455666,1.0,0.135,0.0,1315.75,1368.0,1035.2375000000002,8
24,2.6534502159455666,2.6534502159455586,2.6534502159455666,1.0,0.135,0.0,1315.75,1368.0,1035.2375000000002,8
25,2.6534502159455666,5.9674068944244505,75.91351330157782,1.0,0.135,0.11758058176100629,1315.75,1368.0,1035.2375000000002,8
1,3.32351960677039,24.468139293784276,94.40003344257076,1.0,0.06,0.35289570230607364,1315.75,1368.0,1035.2375000000002,8
2,3.32351960677039,10.48782843437189,57.01533874584271,1.0,0.06,0.32531446540882475,1315.75,1368.0,1035.2375000000002,8
3,3.32351960677039,4.541004866720106,28.75392795120647,1.0,0.06,0.10493710691823989,1315.75,1368.0,1035.2375000000002,8
4,3.32351960677039,3.6838254681341347,6.38914929760069,1.0,0.06,0.31674528301886795,1315.75,1368.0,1035.2375000000002,8
5,3.32351960677039,3.603840859750094,3.7466460263623924,1.0,0.06,0.45,1315.75,1368.0,1035.2375000000002,8
6,3.32351960677039,3.500703794974543,3.7466460263623924,1.0,0.06,0.48985849056603775,1315.75,1368.0,1035.2375000000002,8
7,3.32351960677039,3.3711213289744917,3.7466460263623924,1.0,0.06,0.2009433962264151,1315.75,1368.0,1035.2375000000002,8
8,3.32351960677039,3.3261641468928422,3.7466460263623924,1.0,0.06,0.0125,1315.75,1368.0,1035.2375000000002,8
9,3.32351960677039,3.323519606770392,3.32351960677039,1.0,0.06,0.0,1315.75,1368.0,1035.2375000000002,8
10,3.32351960677039,3.323519606770392,3.32351960677039,1.0,0.06,0.0,1315.75,1368.0,1035.2375000000002,8
11,3.32351960677039,3.4229443877514854,18.808358144153015,1.0,0.09,0.024921383647798744,1315.75,1368.0,1035.2375000000002,8
12,3.32351960677039,3.323519606770392,3.32351960677039,1.0,0.09,0.0,1315.75,1368.0,1035.2375000000002,8
13,3.32351960677039,3.323519606770392,3.32351960677039,1.0,0.09,0.0,1315.75,1368.0,1035.2375000000002,8
14,3.32351960677039,3.323519606770392,3.32351960677039,1.0,0.09,0.0,1315.75,1368.0,1035.2375000000002,8
15,3.32351960677039,3.323519606770392,3.32351960677039,1.0,0.09,0.0,1315.75,1368.0,1035.2375000000002,8
16,3.32351960677039,3.323519606770392,3.32351960677039,1.0,0.09,0.0,1315.75,1368.0,1035.2375000000002,8
17,3.32351960677039,3.323519606770392,3.32351960677039,1.0,0.09,0.0,1315.75,1368.0,1035.2375000000002,8
18,3.32351960677039,3.323519606770392,3.32351960677039,1.0,0.09,0.0,1315.75,1368.0,1035.2375000000002,8
19,3.32351960677039,3.323519606770392,3.32351960677039,1.0,0.09,0.0,1315.75,1368.0,1035.2375000000002,8
20,3.32351960677039,3.323519606770392,3.32351960677039,1.0,0.09,0.0,1315.75,1368.0,1035.2375000000002,8
21,3.32351960677039,3.3261641468928422,3.7466460263623924,1.0,0.135,0.0125,1315.75,1368.0,1035.2375000000002,8
22,3.32351960677039,3.323519606770392,3.32351960677039,1.0,0.135,0.0,1315.75,1368.0,1035.2375000000002,8
23,3.32351960677039,3.323519606770392,3.32351960677039,1.0,0.135,0.0,1315.75,1368.0,1035.2375000000002,8
24,3.32351960677039,3.323519606770392,3.32351960677039,1.0,0.135,0.0,1315.75,1368.0,1035.2375000000002,8
25,3.32351960677039,3.323519606770392,3.32351960677039,1.0,0.135,0.0,1315.75,1368.0,1035.2375000000002,8
1,2.0707627424572315,22.68848219863187,107.0035049946955,1.0,0.06,0.3648370497427128,1315.75,1368.0,1035.2375000000002,8
2,2.0707627424572315,11.054755782039859,60.72563368950935,1.0,0.06,0.32776280323450463,1315.75,1368.0,1035.2375000000002,8
3,2.0707627424572315,5.764279156231959,33.579430213963136,1.0,0.06,0.30345911949685533,1315.75,1368.0,1035.2375000000002,8
4,2.0707627424572315,2.8104418490296714,19.063352869482376,1.0,0.06,0.12885220125786165,1315.75,1368.0,1035.2375000000002,8
5,2.0707627424572315,2.2479321196984876,2.321622037666095,1.0,0.06,0.4175314465408805,1315.75,1368.0,1035.2375000000002,8
6,2.0707627424572315,2.2165747077973807,2.321622037666095,1.0,0.06,0.48985849056603775,1315.75,1368.0,1035.2375000000002,8
7,2.0707627424572315,2.158563495780332,2.321622037666095,1.0,0.06,0.4578616352201258,1315.75,1368.0,1035.2375000000002,8
8,2.0707627424572315,2.1005522837632835,2.321622037666095,1.0,0.06,0.2106132075471698,1315.75,1368.0,1035.2375000000002,8
9,2.0707627424572315,2.073898483647342,2.321622037666095,1.0,0.06,0.024842767295597486,1315.75,1368.0,1035.2375000000002,8
10,2.0707627424572315,2.0723306130522863,2.321622037666095,1.0,0.06,0.0125,1315.75,1368.0,1035.2375000000002,8
11,2.0707627424572315,2.143399537738711,13.692649987493828,1.0,0.09,0.0125,1315.75,1368.0,1035.2375000000002,8
12,2.0707627424572315,2.070762742457231,2.0707627424572315,1.0,0.09,0.0,1315.75,1368.0,1035.2375000000002,8
13,2.0707627424572315,2.070762742457231,2.0707627424572315,1.0,0.09,0.0,1315.75,1368.0,1035.2375000000002,8
14,2.0707627424572315,2.070762742457231,2.0707627424572315,1.0,0.09,0.0,1315.75,1368.0,1035.2375000000002,8
15,2.0707627424572315,2.070762742457231,2.0707627424572315,1.0,0.09,0.0,1315.75,1368.0,1035.2375000000002,8
16,2.0707627424572315,2.070762742457231,2.0707627424572315,1.0,0.09,0.0,1315.75,1368.0,1035.2375000000002,8
17,2.0707627424572315,2.070762742457231,2.0707627424572315,1.0,0.09,0.0,1315.75,1368.0,1035.2375000000002,8
18,2.0707627424572315,2.070762742457231,2.0707627424572315,1.0,0.09,0.0,1315.75,1368.0,1035.2375000000002,8
19,2.0707627424572315,2.070762742457231,2.0707627424572315,1.0,0.09,0.0,1315.75,1368.0,1035.2375000000002,8
20,2.0707627424572315,2.070762742457231,2.0707627424572315,1.0,0.09,0.0,1315.75,1368.0,1035.2375000000002,8
21,2.0707627424572315,2.070762742457231,2.0707627424572315,1.0,0.135,0.0,1315.75,1368.0,1035.2375000000002,8
22,2.0707627424572315,2.070762742457231,2.0707627424572315,1.0,0.135,0.0,1315.75,1368.0,1035.2375000000002,8
23,2.0707627424572315,2.070762742457231,2.0707627424572315,1.0,0.135,0.0,1315.75,1368.0,1035.2375000000002,8
24,2.0707627424572315,2.070762742457231,2.0707627424572315,1.0,0.135,0.0,1315.75,1368.0,1035.2375000000002,8
25,2.0707627424572315,2.070762742457231,2.0707627424572315,1.0,0.135,0.0,1315.75,1368.0,1035.2375000000002,8
1,3.098215494419763,21.59668678411603,108.34838040493636,1.0,0.06,0.37377358490566337,1315.75,1368.0,1035.2375000000002,8
2,3.098215494419763,11.211751109791818,54.52336585274019,1.0,0.06,0.2404699510831671,1315.75,1368.0,1035.2375000000002,8
3,3.098215494419763,4.853632229218477,29.423172108277285,1.0,0.06,0.142940251572331,1315.75,1368.0,1035.2375000000002,8
4,3.098215494419763,3.2516560283568134,14.273762441085257,1.0,0.06,0.024783805031446542,1315.75,1368.0,1035.2375000000002,8
5,3.098215494419763,3.0982154944197724,3.098215494419763,1.0,0.06,0.0,1315.75,1368.0,1035.2375000000002,8
6,3.098215494419763,3.0982154944197724,3.098215494419763,1.0,0.06,0.0,1315.75,1368.0,1035.2375000000002,8
7,3.098215494419763,3.0982154944197724,3.098215494419763,1.0,0.06,0.0,1315.75,1368.0,1035.2375000000002,8
8,3.098215494419763,3.0982154944197724,3.098215494419763,1.0,0.06,0.0,1315.75,1368.0,1035.2375000000002,8
9,3.098215494419763,3.0982154944197724,3.098215494419763,1.0,0.06,0.0,1315.75,1368.0,1035.2375000000002,8
10,3.098215494419763,3.0982154944197724,3.098215494419763,1.0,0.06,0.0,1315.75,1368.0,1035.2375000000002,8
11,3.098215494419763,3.0982154944197724,3.098215494419763,1.0,0.09,0.0,1315.75,1368.0,1035.2375000000002,8
12,3.098215494419763,3.0982154944197724,3.098215494419763,1.0,0.09,0.0,1315.75,1368.0,1035.2375000000002,8
13,3.098215494419763,3.0982154944197724,3.098215494419763,1.0,0.09,0.0,1315.75,1368.0,1035.2375000000002,8
14,3.098215494419763,3.0982154944197724,3.098215494419763,1.0,0.09,0.0,1315.75,1368.0,1035.2375000000002,8
15,3.098215494419763,3.0982154944197724,3.098215494419763,1.0,0.09,0.0,1315.75,1368.0,1035.2375000000002,8
16,3.098215494419763,3.0982154944197724,3.098215494419763,1.0,0.09,0.0,1315.75,1368.0,1035.2375000000002,8
17,3.098215494419763,3.0982154944197724,3.098215494419763,1.0,0.09,0.0,1315.75,1368.0,1035.2375000000002,8
18,3.098215494419763,3.0982154944197724,3.098215494419763,1.0,0.09,0.0,1315.75,1368.0,1035.2375000000002,8
19,3.098215494419763,3.0982154944197724,3.098215494419763,1.0,0.09,0.0,1315.75,1368.0,1035.2375000000002,8
20,3.098215494419763,3.0982154944197724,3.098215494419763,1.0,0.09,0.0,1315.75,1368.0,1035.2375000000002,8
21,3.098215494419763,3.0982154944197724,3.098215494419763,1.0,0.135,0.0,1315.75,1368.0,1035.2375000000002,8
22,3.098215494419763,3.0982154944197724,3.098215494419763,1.0,0.135,0.0,1315.75,1368.0,1035.2375000000002,8
23,3.098215494419763,3.0982154944197724,3.098215494419763,1.0,0.135,0.0,1315.75,1368.0,1035.2375000000002,8
24,3.098215494419763,3.0982154944197724,3.098215494419763,1.0,0.135,0.0,1315.75,1368.0,1035.2375000000002,8
25,3.098215494419763,4.4534652192733795,31.989182336382633,1.0,0.135,0.16014150943396227,1315.75,1368.0,1035.2375000000002,8
1,2.239259603413837,23.55406537731615,88.04959212644548,1.0,0.06,0.4953125,1315.75,1368.0,1035.2375000000002,8
2,2.239259603413837,10.453925685226393,51.01403482051978,1.0,0.06,0.2678234501347756,1315.75,1368.0,1035.2375000000002,8
3,2.239259603413837,5.227242656717255,37.79342347387205,1.0,0.06,0.20363600628930817,1315.75,1368.0,1035.2375000000002,8
4,2.239259603413837,3.3112276852347926,14.827971167564144,1.0,0.06,0.15974842767294445,1315.75,1368.0,1035.2375000000002,8
5,2.239259603413837,2.93222524684205,3.27489003157301,1.0,0.06,0.581996855345912,1315.75,1368.0,1035.2375000000002,8
6,2.239259603413837,2.7461838786067903,3.27489003157301,1.0,0.06,0.6747641509433963,1315.75,1368.0,1035.2375000000002,8
7,2.239259603413837,2.459757643454096,3.27489003157301,1.0,0.06,0.5727201257861635,1315.75,1368.0,1035.2375000000002,8
8,2.239259603413837,2.2880568462216893,3.27489003157301,1.0,0.06,0.28435534591194966,1315.75,1368.0,1035.2375000000002,8
9,2.239259603413837,2.2522825426851747,2.499718388840674,1.0,0.06,0.09559748427672957,1315.75,1368.0,1035.2375000000002,8
10,2.239259603413837,2.2408874708227504,2.499718388840674,1.0,0.06,0.0125,1315.75,1368.0,1035.2375000000002,8
11,2.239259603413837,2.239259603413833,2.239259603413837,1.0,0.09,0.0,1315.75,1368.0,1035.2375000000002,8
12,2.239259603413837,2.239259603413833,2.239259603413837,1.0,0.09,0.0,1315.75,1368.0,1035.2375000000002,8
13,2.239259603413837,2.239259603413833,2.239259603413837,1.0,0.09,0.0,1315.75,1368.0,1035.2375000000002,8
14,2.239259603413837,2.239259603413833,2.239259603413837,1.0,0.09,0.0,1315.75,1368.0,1035.2375000000002,8
15,2.239259603413837,2.239259603413833,2.239259603413837,1.0,0.09,0.0,1315.75,1368.0,1035.2375000000002,8
16,2.239259603413837,2.239259603413833,2.239259603413837,1.0,0.09,0.0,1315.75,1368.0,1035.2375000000002,8
17,2.239259603413837,2.239259603413833,2.239259603413837,1.0,0.09,0.0,1315.75,1368.0,1035.2375000000002,8
18,2.239259603413837,2.239259603413833,2.239259603413837,1.0,0.09,0.0,1315.75,1368.0,1035.2375000000002,8
19,2.239259603413837,2.239259603413833,2.239259603413837,1.0,0.09,0.0,1315.75,1368.0,1035.2375000000002,8
20,2.239259603413837,2.239259603413833,2.239259603413837,1.0,0.09,0.0,1315.75,1368.0,1035.2375000000002,8
21,2.239259603413837,2.239259603413833,2.239259603413837,1.0,0.135,0.0,1315.75,1368.0,1035.2375000000002,8
22,2.239259603413837,2.239259603413833,2.239259603413837,1.0,0.135,0.0,1315.75,1368.0,1035.2375000000002,8
23,2.239259603413837,2.239259603413833,2.239259603413837,1.0,0.135,0.0,1315.75,1368.0,1035.2375000000002,8
24,2.239259603413837,2.239259603413833,2.239259603413837,1.0,0.135,0.0,1315.75,1368.0,1035.2375000000002,8
25,2.239259603413837,2.239259603413833,2.239259603413837,1.0,0.135,0.0,1315.75,1368.0,1035.2375000000002,8
1,3.27489003157301,21.035375372425165,80.87262123892339,1.0,0.06,0.4594143081761006,1315.75,1368.0,1035.2375000000002,8
2,3.27489003157301,10.397629849534281,38.11159683938426,1.0,0.06,0.32429245283019126,1315.75,1368.0,1035.2375000000002,8
3,3.27489003157301,5.9309048740511265,30.243595056765212,1.0,0.06,0.18031446540881646,1315.75,1368.0,1035.2375000000002,8
4,3.27489003157301,3.569280756338119,15.189174724513267,1.0,0.06,0.11721698113207547,1315.75,1368.0,1035.2375000000002,8
5,3.27489003157301,3.274890031573019,3.27489003157301,1.0,0.06,0.09559748427672957,1315.75,1368.0,1035.2375000000002,8
6,3.27489003157301,3.274890031573019,3.27489003157301,1.0,0.06,0.09559748427672957,1315.75,1368.0,1035.2375000000002,8
7,3.27489003157301,3.274890031573019,3.27489003157301,1.0,0.06,0.09559748427672957,1315.75,1368.0,1035.2375000000002,8
8,3.27489003157301,3.274890031573019,3.27489003157301,1.0,0.06,0.06092767295597484,1315.75,1368.0,1035.2375000000002,8
9,3.27489003157301,3.274890031573019,3.27489003157301,1.0,0.06,0.07264150943396226,1315.75,1368.0,1035.2375000000002,8
10,3.27489003157301,3.274890031573019,3.27489003157301,1.0,0.06,0.08419811320754716,1315.75,1368.0,1035.2375000000002,8
11,3.27489003157301,3.274890031573019,3.27489003157301,1.0,0.09,0.1179245283018868,1315.75,1368.0,1035.2375000000002,8
12,3.27489003157301,3.274890031573019,3.27489003157301,1.0,0.09,0.09559748427672957,1315.75,1368.0,1035.2375000000002,8
13,3.27489003157301,3.274890031573019,3.27489003157301,1.0,0.09,0.08419811320754716,1315.75,1368.0,1035.2375000000002,8
14,3.27489003157301,3.274890031573019,3.27489003157301,1.0,0.09,0.07264150943396226,1315.75,1368.0,1035.2375000000002,8
15,3.27489003157301,3.274890031573019,3.27489003157301,1.0,0.09,0.09559748427672957,1315.75,1368.0,1035.2375000000002,8
16,3.27489003157301,3.274890031573019,3.27489003157301,1.0,0.09,0.12885220125786165,1315.75,1368.0,1035.2375000000002,8
17,3.27489003157301,3.274890031573019,3.27489003157301,1.0,0.09,0.13962264150943396,1315.75,1368.0,1035.2375000000002,8
18,3.27489003157301,3.274890031573019,3.27489003157301,1.0,0.09,0.1179245283018868,1315.75,1368.0,1035.2375000000002,8
19,3.27489003157301,3.274890031573019,3.27489003157301,1.0,0.09,0.19111635220125786,1315.75,1368.0,1035.2375000000002,8
20,3.27489003157301,3.274890031573019,3.27489003157301,1.0,0.09,0.1179245283018868,1315.75,1368.0,1035.2375000000002,8
21,3.27489003157301,3.274890031573019,3.27489003157301,1.0,0.135,0.192374213836478,1315.75,1368.0,1035.2375000000002,8
22,3.27489003157301,3.274890031573019,3.27489003157301,1.0,0.135,0.12885220125786165,1315.75,1368.0,1035.2375000000002,8
23,3.27489003157301,3.274890031573019,3.27489003157301,1.0,0.135,0.12885220125786165,1315.75,1368.0,1035.2375000000002,8
24,3.27489003157301,3.274890031573019,3.27489003157301,1.0,0.135,0.09559748427672957,1315.75,1368.0,1035.2375000000002,8
25,3.27489003157301,6.238844980846279,62.61363999459902,1.0,0.135,0.10395702306079083,1315.75,1368.0,1035.2375000000002,8
1,2.9940556405550938,22.153725236444757,99.41604190758257,1.0,0.06,0.39569968553459056,1315.75,1368.0,1035.2375000000002,8
2,2.9940556405550938,10.66404080502982,51.8880545702336,1.0,0.06,0.31501572327044153,1315.75,1368.0,1035.2375000000002,8
3,2.9940556405550938,4.851729508493916,36.7408398572498,1.0,0.06,0.19150943396226416,1315.75,1368.0,1035.2375000000002,8
4,2.9940556405550938,2.994055640555087,2.9940556405550938,1.0,0.06,0.1811320754716981,1315.75,1368.0,1035.2375000000002,8
5,2.9940556405550938,2.994055640555087,2.9940556405550938,1.0,0.06,0.16069182389937106,1315.75,1368.0,1035.2375000000002,8
6,2.9940556405550938,2.994055640555087,2.9940556405550938,1.0,0.06,0.08419811320754716,1315.75,1368.0,1035.2375000000002,8
7,2.9940556405550938,2.994055640555087,2.9940556405550938,1.0,0.06,0.08419811320754716,1315.75,1368.0,1035.2375000000002,8
8,2.9940556405550938,2.994055640555087,2.9940556405550938,1.0,0.06,0.06092767295597484,1315.75,1368.0,1035.2375000000002,8
9,2.9940556405550938,2.994055640555087,2.9940556405550938,1.0,0.06,0.06092767295597484,1315.75,1368.0,1035.2375000000002,8
10,2.9940556405550938,2.994055640555087,2.9940556405550938,1.0,0.06,0.04905660377358491,1315.75,1368.0,1035.2375000000002,8
11,2.9940556405550938,2.994055640555087,2.9940556405550938,1.0,0.09,0.09559748427672957,1315.75,1368.0,1035.2375000000002,8
12,2.9940556405550938,2.994055640555087,2.9940556405550938,1.0,0.09,0.04905660377358491,1315.75,1368.0,1035.2375000000002,8
13,2.9940556405550938,2.994055640555087,2.9940556405550938,1.0,0.09,0.0125,1315.75,1368.0,1035.2375000000002,8
14,2.9940556405550938,2.994055640555087,2.9940556405550938,1.0,0.09,0.0,1315.75,1368.0,1035.2375000000002,8
15,2.9940556405550938,2.994055640555087,2.9940556405550938,1.0,0.09,0.0,1315.75,1368.0,1035.2375000000002,8
16,2.9940556405550938,2.994055640555087,2.9940556405550938,1.0,0.09,0.0,1315.75,1368.0,1035.2375000000002,8
17,2.9940556405550938,2.994055640555087,2.9940556405550938,1.0,0.09,0.0,1315.75,1368.0,1035.2375000000002,8
18,2.9940556405550938,2.994055640555087,2.9940556405550938,1.0,0.09,0.0,1315.75,1368.0,1035.2375000000002,8
19,2.9940556405550938,2.994055640555087,2.9940556405550938,1.0,0.09,0.0,1315.75,1368.0,1035.2375000000002,8
20,2.9940556405550938,2.994055640555087,2.9940556405550938,1.0,0.09,0.0,1315.75,1368.0,1035.2375000000002,8
21,2.9940556405550938,2.994055640555087,2.9940556405550938,1.0,0.135,0.0,1315.75,1368.0,1035.2375000000002,8
22,2.9940556405550938,2.994055640555087,2.9940556405550938,1.0,0.135,0.0,1315.75,1368.0,1035.2375000000002,8
23,2.9940556405550938,2.994055640555087,2.9940556405550938,1.0,0.135,0.0,1315.75,1368.0,1035.2375000000002,8
24,2.9940556405550938,4.304235959932457,38.43686920109252,1.0,0.135,0.09679245283018975,1315.75,1368.0,1035.2375000000002,8
25,2.9940556405550938,3.088250212010737,18.065187073459015,1.0,0.135,0.015605345911949686,1315.75,1368.0,1035.2375000000002,8
1,1.2963253989938304,21.10780636063861,89.89626934532487,1.0,0.06,0.38544811320755595,1315.75,1368.0,1035.2375000000002,8
2,1.2963253989938304,9.642735250893068,58.17229665049186,1.0,0.06,0.29007187780773014,1315.75,1368.0,1035.2375000000002,8
3,1.2963253989938304,4.296848704322406,32.87284673423925,1.0,0.06,0.21053459119496856,1315.75,1368.0,1035.2375000000002,8
4,1.2963253989938304,2.6621748073293525,7.8838708958011985,1.0,0.06,0.21065251572327043,1315.75,1368.0,1035.2375000000002,8
5,1.2963253989938304,2.391594408710904,2.9940556405550938,1.0,0.06,0.5038522012578617,1315.75,1368.0,1035.2375000000002,8
6,1.2963253989938304,2.0120925096451585,2.9940556405550938,1.0,0.06,0.5732704402515724,1315.75,1368.0,1035.2375000000002,8
7,1.2963253989938304,1.617137224572108,2.9940556405550938,1.0,0.06,0.3481918238993711,1315.75,1368.0,1035.2375000000002,8
8,1.2963253989938304,1.3519991129016835,2.9940556405550938,1.0,0.06,0.07303459119496855,1315.75,1368.0,1035.2375000000002,8
9,1.2963253989938304,1.3069362130035929,2.9940556405550938,1.0,0.06,0.0125,1315.75,1368.0,1035.2375000000002,8
10,1.2963253989938304,1.296325398993835,1.2963253989938304,1.0,0.06,0.0,1315.75,1368.0,1035.2375000000002,8
11,1.2963253989938304,1.306936213003593,2.9940556405550938,1.0,0.09,0.0125,1315.75,1368.0,1035.2375000000002,8
12,1.2963253989938304,1.296325398993835,1.2963253989938304,1.0,0.09,0.0,1315.75,1368.0,1035.2375000000002,8
13,1.2963253989938304,1.296325398993835,1.2963253989938304,1.0,0.09,0.0,1315.75,1368.0,1035.2375000000002,8
14,1.2963253989938304,1.296325398993835,1.2963253989938304,1.0,0.09,0.0,1315.75,1368.0,1035.2375000000002,8
15,1.2963253989938304,1.296325398993835,1.2963253989938304,1.0,0.09,0.0,1315.75,1368.0,1035.2375000000002,8
16,1.2963253989938304,1.296325398993835,1.2963253989938304,1.0,0.09,0.0,1315.75,1368.0,1035.2375000000002,8
17,1.2963253989938304,1.296325398993835,1.2963253989938304,1.0,0.09,0.0,1315.75,1368.0,1035.2375000000002,8
18,1.2963253989938304,1.296325398993835,1.2963253989938304,1.0,0.09,0.0,1315.75,1368.0,1035.2375000000002,8
19,1.2963253989938304,1.296325398993835,1.2963253989938304,1.0,0.09,0.0,1315.75,1368.0,1035.2375000000002,8
20,1.2963253989938304,1.296325398993835,1.2963253989938304,1.0,0.09,0.0,1315.75,1368.0,1035.2375000000002,8
21,1.2963253989938304,1.3069362130035929,2.9940556405550938,1.0,0.135,0.0125,1315.75,1368.0,1035.2375000000002,8
22,1.2963253989938304,1.296325398993835,1.2963253989938304,1.0,0.135,0.0,1315.75,1368.0,1035.2375000000002,8
23,1.2963253989938304,1.296325398993835,1.2963253989938304,1.0,0.135,0.0,1315.75,1368.0,1035.2375000000002,8
24,1.2963253989938304,1.296325398993835,1.2963253989938304,1.0,0.135,0.0,1315.75,1368.0,1035.2375000000002,8
25,1.2963253989938304,1.296325398993835,1.2963253989938304,1.0,0.135,0.0,1315.75,1368.0,1035.2375000000002,8
1,2.7140684678808524,22.39115800779175,93.88557243765928,1.0,0.06,0.3958805031446564,1315.75,1368.0,1035.2375000000002,8
2,2.7140684678808524,9.304132515059885,60.26063076809743,1.0,0.06,0.3038522012578704,1315.75,1368.0,1035.2375000000002,8
3,2.7140684678808524,3.3986438697611745,25.11476992434644,1.0,0.06,0.103125,1315.75,1368.0,1035.2375000000002,8
4,2.7140684678808524,2.754116356145601,9.12173059024092,1.0,0.06,0.0125,1315.75,1368.0,1035.2375000000002,8
5,2.7140684678808524,2.71406846788085,2.7140684678808524,1.0,0.06,0.0,1315.75,1368.0,1035.2375000000002,8
6,2.7140684678808524,2.71406846788085,2.7140684678808524,1.0,0.06,0.0,1315.75,1368.0,1035.2375000000002,8
7,2.7140684678808524,2.71406846788085,2.7140684678808524,1.0,0.06,0.0,1315.75,1368.0,1035.2375000000002,8
8,2.7140684678808524,2.71406846788085,2.7140684678808524,1.0,0.06,0.0,1315.75,1368.0,1035.2375000000002,8
9,2.7140684678808524,2.71406846788085,2.7140684678808524,1.0,0.06,0.0,1315.75,1368.0,1035.2375000000002,8
10,2.7140684678808524,2.71406846788085,2.7140684678808524,1.0,0.06,0.0,1315.75,1368.0,1035.2375000000002,8
11,2.7140684678808524,2.951589526167614,40.71743779376308,1.0,0.09,0.0125,1315.75,1368.0,1035.2375000000002,8
12,2.7140684678808524,2.71406846788085,2.7140684678808524,1.0,0.09,0.0,1315.75,1368.0,1035.2375000000002,8
13,2.7140684678808524,2.71406846788085,2.7140684678808524,1.0,0.09,0.0,1315.75,1368.0,1035.2375000000002,8
14,2.7140684678808524,2.71406846788085,2.7140684678808524,1.0,0.09,0.0,1315.75,1368.0,1035.2375000000002,8
15,2.7140684678808524,2.71406846788085,2.7140684678808524,1.0,0.09,0.0,1315.75,1368.0,1035.2375000000002,8
16,2.7140684678808524,2.71406846788085,2.7140684678808524,1.0,0.09,0.0,1315.75,1368.0,1035.2375000000002,8
17,2.7140684678808524,2.71406846788085,2.7140684678808524,1.0,0.09,0.0,1315.75,1368.0,1035.2375000000002,8
18,2.7140684678808524,2.71406846788085,2.7140684678808524,1.0,0.09,0.0,1315.75,1368.0,1035.2375000000002,8
19,2.7140684678808524,2.71406846788085,2.7140684678808524,1.0,0.09,0.0,1315.75,1368.0,1035.2375000000002,8
20,2.7140684678808524,2.71406846788085,2.7140684678808524,1.0,0.09,0.0,1315.75,1368.0,1035.2375000000002,8
21,2.7140684678808524,2.71406846788085,2.7140684678808524,1.0,0.135,0.0,1315.75,1368.0,1035.2375000000002,8
22,2.7140684678808524,2.71406846788085,2.7140684678808524,1.0,0.135,0.0,1315.75,1368.0,1035.2375000000002,8
23,2.7140684678808524,2.71406846788085,2.7140684678808524,1.0,0.135,0.0,1315.75,1368.0,1035.2375000000002,8
24,2.7140684678808524,2.71406846788085,2.7140684678808524,1.0,0.135,0.0,1315.75,1368.0,1035.2375000000002,8
25,2.7140684678808524,2.71406846788085,2.7140684678808524,1.0,0.135,0.0,1315.75,1368.0,1035.2375000000002,8
1,2.7592079801741094,20.94807984391043,87.87581031680149,1.0,0.06,0.42027428371766656,1315.75,1368.0,1035.2375000000002,8
2,2.7592079801741094,9.39559091964975,47.62461847234315,1.0,0.06,0.3994496855345995,1315.75,1368.0,1035.2375000000002,8
3,2.7592079801741094,3.7175575384568362,27.711066478135,1.0,0.06,0.14160770440251572,1315.75,1368.0,1035.2375000000002,8
4,2.7592079801741094,2.7876523994049225,7.310315057105648,1.0,0.06,0.05455974842767296,1315.75,1368.0,1035.2375000000002,8
5,2.7592079801741094,2.759207980174101,2.7592079801741094,1.0,0.06,0.12963836477987423,1315.75,1368.0,1035.2375000000002,8
6,2.7592079801741094,2.759207980174101,2.7592079801741094,1.0,0.06,0.06092767295597484,1315.75,1368.0,1035.2375000000002,8
7,2.7592079801741094,2.759207980174101,2.7592079801741094,1.0,0.06,0.03702830188679245,1315.75,1368.0,1035.2375000000002,8
8,2.7592079801741094,2.759207980174101,2.7592079801741094,1.0,0.06,0.04905660377358491,1315.75,1368.0,1035.2375000000002,8
9,2.7592079801741094,2.759207980174101,2.7592079801741094,1.0,0.06,0.024842767295597486,1315.75,1368.0,1035.2375000000002,8
10,2.7592079801741094,2.759207980174101,2.7592079801741094,1.0,0.06,0.03702830188679245,1315.75,1368.0,1035.2375000000002,8
11,2.7592079801741094,2.759207980174101,2.7592079801741094,1.0,0.09,0.0,1315.75,1368.0,1035.2375000000002,8
12,2.7592079801741094,2.759207980174101,2.7592079801741094,1.0,0.09,0.0,1315.75,1368.0,1035.2375000000002,8
13,2.7592079801741094,2.759207980174101,2.7592079801741094,1.0,0.09,0.0,1315.75,1368.0,1035.2375000000002,8
14,2.7592079801741094,2.759207980174101,2.7592079801741094,1.0,0.09,0.0,1315.75,1368.0,1035.2375000000002,8
15,2.7592079801741094,2.759207980174101,2.7592079801741094,1.0,0.09,0.0,1315.75,1368.0,1035.2375000000002,8
16,2.7592079801741094,2.759207980174101,2.7592079801741094,1.0,0.09,0.0,1315.75,1368.0,1035.2375000000002,8
17,2.7592079801741094,2.759207980174101,2.7592079801741094,1.0,0.09,0.0,1315.75,1368.0,1035.2375000000002,8
18,2.7592079801741094,2.759207980174101,2.7592079801741094,1.0,0.09,0.0,1315.75,1368.0,1035.2375000000002,8
19,2.7592079801741094,2.759207980174101,2.7592079801741094,1.0,0.09,0.0,1315.75,1368.0,1035.2375000000002,8
20,2.7592079801741094,2.759207980174101,2.7592079801741094,1.0,0.09,0.0,1315.75,1368.0,1035.2375000000002,8
21,2.7592079801741094,2.759207980174101,2.7592079801741094,1.0,0.135,0.0,1315.75,1368.0,1035.2375000000002,8
22,2.7592079801741094,2.759207980174101,2.7592079801741094,1.0,0.135,0.0,1315.75,1368.0,1035.2375000000002,8
23,2.7592079801741094,2.759207980174101,2.7592079801741094,1.0,0.135,0.0,1315.75,1368.0,1035.2375000000002,8
24,2.7592079801741094,2.759207980174101,2.7592079801741094,1.0,0.135,0.0,1315.75,1368.0,1035.2375000000002,8
25,2.7592079801741094,4.488924562077831,30.907347577776672,1.0,0.135,0.12617924528301888,1315.75,1368.0,1035.2375000000002,8
1,1.9297094927708374,21.479135907388617,84.31968913569202,1.0,0.06,0.4258997204751824,1315.75,1368.0,1035.2375000000002,8
2,1.9297094927708374,9.901669935059319,56.25861406486948,1.0,0.06,0.31996855345912817,1315.75,1368.0,1035.2375000000002,8
3,1.9297094927708374,4.636502359941568,33.70211125677114,1.0,0.06,0.10619758909853329,1315.75,1368.0,1035.2375000000002,8
4,1.9297094927708374,2.96128715779503,18.375965206573618,1.0,0.06,0.0457940251572327,1315.75,1368.0,1035.2375000000002,8
5,1.9297094927708374,2.691811228072585,2.7592079801741094,1.0,0.06,0.15023584905660378,1315.75,1368.0,1035.2375000000002,8
6,1.9297094927708374,2.6244144759710695,2.7592079801741094,1.0,0.06,0.2738993710691824,1315.75,1368.0,1035.2375000000002,8
7,1.9297094927708374,2.525911530591931,2.7592079801741094,1.0,0.06,0.4068396226415094,1315.75,1368.0,1035.2375000000002,8
8,1.9297094927708374,2.313352543194843,2.7592079801741094,1.0,0.06,0.5003144654088051,1315.75,1368.0,1035.2375000000002,8
9,1.9297094927708374,2.0852404591589444,2.7592079801741094,1.0,0.06,0.30660377358490565,1315.75,1368.0,1035.2375000000002,8
10,1.9297094927708374,1.9711844171409947,2.7592079801741094,1.0,0.06,0.09559748427672957,1315.75,1368.0,1035.2375000000002,8
11,1.9297094927708374,1.9297094927708316,1.9297094927708374,1.0,0.09,0.0,1315.75,1368.0,1035.2375000000002,8
12,1.9297094927708374,1.9297094927708316,1.9297094927708374,1.0,0.09,0.0,1315.75,1368.0,1035.2375000000002,8
13,1.9297094927708374,1.9297094927708316,1.9297094927708374,1.0,0.09,0.0,1315.75,1368.0,1035.2375000000002,8
14,1.9297094927708374,1.9297094927708316,1.9297094927708374,1.0,0.09,0.0,1315.75,1368.0,1035.2375000000002,8
15,1.9297094927708374,1.9297094927708316,1.9297094927708374,1.0,0.09,0.0,1315.75,1368.0,1035.2375000000002,8
16,1.9297094927708374,1.9297094927708316,1.9297094927708374,1.0,0.09,0.0,1315.75,1368.0,1035.2375000000002,8
17,1.9297094927708374,1.9297094927708316,1.9297094927708374,1.0,0.09,0.0,1315.75,1368.0,1035.2375000000002,8
18,1.9297094927708374,1.9297094927708316,1.9297094927708374,1.0,0.09,0.0,1315.75,1368.0,1035.2375000000002,8
19,1.9297094927708374,1.9297094927708316,1.9297094927708374,1.0,0.09,0.0,1315.75,1368.0,1035.2375000000002,8
20,1.9297094927708374,1.9297094927708316,1.9297094927708374,1.0,0.09,0.0,1315.75,1368.0,1035.2375000000002,8
21,1.9297094927708374,2.1425266109120944,35.98044839537311,1.0,0.135,0.0125,1315.75,1368.0,1035.2375000000002,8
22,1.9297094927708374,1.9297094927708316,1.9297094927708374,1.0,0.135,0.0,1315.75,1368.0,1035.2375000000002,8
23,1.9297094927708374,1.9297094927708316,1.9297094927708374,1.0,0.135,0.0,1315.75,1368.0,1035.2375000000002,8
24,1.9297094927708374,1.9297094927708316,1.9297094927708374,1.0,0.135,0.0,1315.75,1368.0,1035.2375000000002,8
25,1.9297094927708374,1.9297094927708316,1.9297094927708374,1.0,0.135,0.0,1315.75,1368.0,1035.2375000000002,8
1,1.056379515506158,21.434039906855013,76.07120357225737,1.0,0.06,0.49410377358490565,1315.75,1368.0,1035.2375000000002,8
2,1.056379515506158,10.282957936912087,69.8318641782337,1.0,0.06,0.3228099730458124,1315.75,1368.0,1035.2375000000002,8
3,1.056379515506158,3.5501335347126455,29.454522845871765,1.0,0.06,0.2054245283018868,1315.75,1368.0,1035.2375000000002,8
4,1.056379515506158,1.2723325471709197,23.409750852795813,1.0,0.06,0.02895702306079672,1315.75,1368.0,1035.2375000000002,8
5,1.056379515506158,1.0563795155061573,1.056379515506158,1.0,0.06,0.0,1315.75,1368.0,1035.2375000000002,8
6,1.056379515506158,1.0563795155061573,1.056379515506158,1.0,0.06,0.0,1315.75,1368.0,1035.2375000000002,8
7,1.056379515506158,1.0563795155061573,1.056379515506158,1.0,0.06,0.0,1315.75,1368.0,1035.2375000000002,8
8,1.056379515506158,1.0563795155061573,1.056379515506158,1.0,0.06,0.0,1315.75,1368.0,1035.2375000000002,8
9,1.056379515506158,1.0563795155061573,1.056379515506158,1.0,0.06,0.0,1315.75,1368.0,1035.2375000000002,8
10,1.056379515506158,1.0563795155061573,1.056379515506158,1.0,0.06,0.0,1315.75,1368.0,1035.2375000000002,8
11,1.056379515506158,1.0563795155061573,1.056379515506158,1.0,0.09,0.0,1315.75,1368.0,1035.2375000000002,8
12,1.056379515506158,1.0563795155061573,1.056379515506158,1.0,0.09,0.0,1315.75,1368.0,1035.2375000000002,8
13,1.056379515506158,1.0563795155061573,1.056379515506158,1.0,0.09,0.0,1315.75,1368.0,1035.2375000000002,8
14,1.056379515506158,1.0563795155061573,1.056379515506158,1.0,0.09,0.0,1315.75,1368.0,1035.2375000000002,8
15,1.056379515506158,1.0563795155061573,1.056379515506158,1.0,0.09,0.0,1315.75,1368.0,1035.2375000000002,8
16,1.056379515506158,1.0563795155061573,1.056379515506158,1.0,0.09,0.0,1315.75,1368.0,1035.2375000000002,8
17,1.056379515506158,1.0563795155061573,1.056379515506158,1.0,0.09,0.0,1315.75,1368.0,1035.2375000000002,8
18,1.056379515506158,1.0563795155061573,1.056379515506158,1.0,0.09,0.0,1315.75,1368.0,1035.2375000000002,8
19,1.056379515506158,1.0563795155061573,1.056379515506158,1.0,0.09,0.0,1315.75,1368.0,1035.2375000000002,8
20,1.056379515506158,1.0563795155061573,1.056379515506158,1.0,0.09,0.0,1315.75,1368.0,1035.2375000000002,8
21,1.056379515506158,1.1676542047339098,18.860329791946405,1.0,0.135,0.0125,1315.75,1368.0,1035.2375000000002,8
22,1.056379515506158,1.0563795155061573,1.056379515506158,1.0,0.135,0.0,1315.75,1368.0,1035.2375000000002,8
23,1.056379515506158,1.0563795155061573,1.056379515506158,1.0,0.135,0.0,1315.75,1368.0,1035.2375000000002,8
24,1.056379515506158,1.0563795155061573,1.056379515506158,1.0,0.135,0.0,1315.75,1368.0,1035.2375000000002,8
25,1.056379515506158,1.0563795155061573,1.056379515506158,1.0,0.135,0.0,1315.75,1368.0,1035.2375000000002,8
1,2.321622037666095,25.19770969381764,114.91443428048439,1.0,0.06,0.3894153802172597,1315.75,1368.0,1035.2375000000002,8
2,2.321622037666095,10.085317173224924,62.839296876537446,1.0,0.06,0.2714173405211174,1315.75,1368.0,1035.2375000000002,8
3,2.321622037666095,4.01554300497147,38.86964880057486,1.0,0.06,0.12174528301886703,1315.75,1368.0,1035.2375000000002,8
4,2.321622037666095,2.341177553567579,5.450504581904332,1.0,0.06,0.0125,1315.75,1368.0,1035.2375000000002,8
5,2.321622037666095,2.32162203766609,2.321622037666095,1.0,0.06,0.0,1315.75,1368.0,1035.2375000000002,8
6,2.321622037666095,2.32162203766609,2.321622037666095,1.0,0.06,0.0,1315.75,1368.0,1035.2375000000002,8
7,2.321622037666095,2.32162203766609,2.321622037666095,1.0,0.06,0.0,1315.75,1368.0,1035.2375000000002,8
8,2.321622037666095,2.32162203766609,2.321622037666095,1.0,0.06,0.0,1315.75,1368.0,1035.2375000000002,8
9,2.321622037666095,2.32162203766609,2.321622037666095,1.0,0.06,0.0,1315.75,1368.0,1035.2375000000002,8
10,2.321622037666095,2.32162203766609,2.321622037666095,1.0,0.06,0.0,1315.75,1368.0,1035.2375000000002,8
11,2.321622037666095,2.4269352615923356,19.17173786586539,1.0,0.09,0.0125,1315.75,1368.0,1035.2375000000002,8
12,2.321622037666095,2.32162203766609,2.321622037666095,1.0,0.09,0.0,1315.75,1368.0,1035.2375000000002,8
13,2.321622037666095,2.32162203766609,2.321622037666095,1.0,0.09,0.0,1315.75,1368.0,1035.2375000000002,8
14,2.321622037666095,2.32162203766609,2.321622037666095,1.0,0.09,0.0,1315.75,1368.0,1035.2375000000002,8
15,2.321622037666095,2.32162203766609,2.321622037666095,1.0,0.09,0.0,1315.75,1368.0,1035.2375000000002,8
16,2.321622037666095,2.32162203766609,2.321622037666095,1.0,0.09,0.0,1315.75,1368.0,1035.2375000000002,8
17,2.321622037666095,2.32162203766609,2.321622037666095,1.0,0.09,0.0,1315.75,1368.0,1035.2375000000002,8
18,2.321622037666095,2.32162203766609,2.321622037666095,1.0,0.09,0.0,1315.75,1368.0,1035.2375000000002,8
19,2.321622037666095,2.32162203766609,2.321622037666095,1.0,0.09,0.0,1315.75,1368.0,1035.2375000000002,8
20,2.321622037666095,2.32162203766609,2.321622037666095,1.0,0.09,0.0,1315.75,1368.0,1035.2375000000002,8
21,2.321622037666095,2.32162203766609,2.321622037666095,1.0,0.135,0.0,1315.75,1368.0,1035.2375000000002,8
22,2.321622037666095,2.32162203766609,2.321622037666095,1.0,0.135,0.0,1315.75,1368.0,1035.2375000000002,8
23,2.321622037666095,2.32162203766609,2.321622037666095,1.0,0.135,0.0,1315.75,1368.0,1035.2375000000002,8
24,2.321622037666095,2.32162203766609,2.321622037666095,1.0,0.135,0.0,1315.75,1368.0,1035.2375000000002,8
25,2.321622037666095,2.32162203766609,2.321622037666095,1.0,0.135,0.0,1315.75,1368.0,1035.2375000000002,8
1,3.727825717313762,21.863169785500578,80.35436842174181,1.0,0.06,0.454186320754717,1315.75,1368.0,1035.2375000000002,8
2,3.727825717313762,10.006143509923845,49.120209860363545,1.0,0.06,0.2876703354297732,1315.75,1368.0,1035.2375000000002,8
3,3.727825717313762,5.346411972755453,28.13450396318686,1.0,0.06,0.20750786163522011,1315.75,1368.0,1035.2375000000002,8
4,3.727825717313762,3.8239667384328206,5.097747353062429,1.0,0.06,0.2186320754716981,1315.75,1368.0,1035.2375000000002,8
5,3.727825717313762,3.7975860766765033,3.833886258122327,1.0,0.06,0.3509040880503145,1315.75,1368.0,1035.2375000000002,8
6,3.727825717313762,3.7686201167382394,3.833886258122327,1.0,0.06,0.3703616352201258,1315.75,1368.0,1035.2375000000002,8
7,3.727825717313762,3.7468667542520038,3.833886258122327,1.0,0.06,0.23557389937106918,1315.75,1368.0,1035.2375000000002,8
8,3.727825717313762,3.7296927283983785,3.833886258122327,1.0,0.06,0.0786556603773585,1315.75,1368.0,1035.2375000000002,8
9,3.727825717313762,3.7278257173137526,3.727825717313762,1.0,0.06,0.0,1315.75,1368.0,1035.2375000000002,8
10,3.727825717313762,3.7278257173137526,3.727825717313762,1.0,0.06,0.0,1315.75,1368.0,1035.2375000000002,8
11,3.727825717313762,3.7278257173137526,3.727825717313762,1.0,0.09,0.0,1315.75,1368.0,1035.2375000000002,8
12,3.727825717313762,3.7278257173137526,3.727825717313762,1.0,0.09,0.0,1315.75,1368.0,1035.2375000000002,8
13,3.727825717313762,3.7278257173137526,3.727825717313762,1.0,0.09,0.0,1315.75,1368.0,1035.2375000000002,8
14,3.727825717313762,3.7278257173137526,3.727825717313762,1.0,0.09,0.0,1315.75,1368.0,1035.2375000000002,8
15,3.727825717313762,3.7278257173137526,3.727825717313762,1.0,0.09,0.0,1315.75,1368.0,1035.2375000000002,8
16,3.727825717313762,3.7278257173137526,3.727825717313762,1.0,0.09,0.0,1315.75,1368.0,1035.2375000000002,8
17,3.727825717313762,3.7278257173137526,3.727825717313762,1.0,0.09,0.0,1315.75,1368.0,1035.2375000000002,8
18,3.727825717313762,3.7278257173137526,3.727825717313762,1.0,0.09,0.0,1315.75,1368.0,1035.2375000000002,8
19,3.727825717313762,3.7278257173137526,3.727825717313762,1.0,0.09,0.0,1315.75,1368.0,1035.2375000000002,8
20,3.727825717313762,3.7278257173137526,3.727825717313762,1.0,0.09,0.0,1315.75,1368.0,1035.2375000000002,8
21,3.727825717313762,3.8514722271325135,23.405206747506938,1.0,0.135,0.016640461215932944,1315.75,1368.0,1035.2375000000002,8
22,3.727825717313762,3.7278257173137526,3.727825717313762,1.0,0.135,0.0,1315.75,1368.0,1035.2375000000002,8
23,3.727825717313762,3.7278257173137526,3.727825717313762,1.0,0.135,0.0,1315.75,1368.0,1035.2375000000002,8
24,3.727825717313762,3.7278257173137526,3.727825717313762,1.0,0.135,0.0,1315.75,1368.0,1035.2375000000002,8
25,3.727825717313762,3.7278257173137526,3.727825717313762,1.0,0.135,0.0,1315.75,1368.0,1035.2375000000002,8
1,2.230608772365895,20.93406852278109,75.87426102370439,1.0,0.06,0.3881132075471708,1315.75,1368.0,1035.2375000000002,8
2,2.230608772365895,10.224456178802622,74.79177778248645,1.0,0.06,0.22057389937107547,1315.75,1368.0,1035.2375000000002,8
3,2.230608772365895,3.6732965827380086,27.04393964721638,1.0,0.06,0.15904088050314466,1315.75,1368.0,1035.2375000000002,8
4,2.230608772365895,2.3600106951808426,18.82816418769046,1.0,0.06,0.054992138364779876,1315.75,1368.0,1035.2375000000002,8
5,2.230608772365895,2.2306087723658883,2.230608772365895,1.0,0.06,0.07264150943396226,1315.75,1368.0,1035.2375000000002,8
6,2.230608772365895,2.2306087723658883,2.230608772365895,1.0,0.06,0.04905660377358491,1315.75,1368.0,1035.2375000000002,8
7,2.230608772365895,2.2306087723658883,2.230608772365895,1.0,0.06,0.07264150943396226,1315.75,1368.0,1035.2375000000002,8
8,2.230608772365895,2.2306087723658883,2.230608772365895,1.0,0.06,0.08419811320754716,1315.75,1368.0,1035.2375000000002,8
9,2.230608772365895,2.2306087723658883,2.230608772365895,1.0,0.06,0.08419811320754716,1315.75,1368.0,1035.2375000000002,8
10,2.230608772365895,2.2306087723658883,2.230608772365895,1.0,0.06,0.0125,1315.75,1368.0,1035.2375000000002,8
11,2.230608772365895,2.2306087723658883,2.230608772365895,1.0,0.09,0.0125,1315.75,1368.0,1035.2375000000002,8
12,2.230608772365895,2.2306087723658883,2.230608772365895,1.0,0.09,0.0,1315.75,1368.0,1035.2375000000002,8
13,2.230608772365895,2.2306087723658883,2.230608772365895,1.0,0.09,0.0,1315.75,1368.0,1035.2375000000002,8
14,2.230608772365895,2.2306087723658883,2.230608772365895,1.0,0.09,0.0,1315.75,1368.0,1035.2375000000002,8
15,2.230608772365895,2.2306087723658883,2.230608772365895,1.0,0.09,0.0,1315.75,1368.0,1035.2375000000002,8
16,2.230608772365895,2.2306087723658883,2.230608772365895,1.0,0.09,0.0,1315.75,1368.0,1035.2375000000002,8
17,2.230608772365895,2.2306087723658883,2.230608772365895,1.0,0.09,0.0,1315.75,1368.0,1035.2375000000002,8
18,2.230608772365895,2.2306087723658883,2.230608772365895,1.0,0.09,0.0,1315.75,1368.0,1035.2375000000002,8
19,2.230608772365895,2.2306087723658883,2.230608772365895,1.0,0.09,0.0,1315.75,1368.0,1035.2375000000002,8
20,2.230608772365895,2.2306087723658883,2.230608772365895,1.0,0.09,0.0,1315.75,1368.0,1035.2375000000002,8
21,2.230608772365895,2.2306087723658883,2.230608772365895,1.0,0.135,0.0,1315.75,1368.0,1035.2375000000002,8
22,2.230608772365895,2.2306087723658883,2.230608772365895,1.0,0.135,0.0,1315.75,1368.0,1035.2375000000002,8
23,2.230608772365895,2.2306087723658883,2.230608772365895,1.0,0.135,0.0,1315.75,1368.0,1035.2375000000002,8
24,2.230608772365895,2.2306087723658883,2.230608772365895,1.0,0.135,0.0,1315.75,1368.0,1035.2375000000002,8
25,2.230608772365895,3.7863693390470843,38.66065321764256,1.0,0.135,0.10636792452830085,1315.75,1368.0,1035.2375000000002,8
1,2.126880994769675,23.68775907290569,110.30485062860853,1.0,0.06,0.35376048218029393,1315.75,1368.0,1035.2375000000002,8
2,2.126880994769675,10.507991732546838,69.81997364604284,1.0,0.06,0.27128537735849056,1315.75,1368.0,1035.2375000000002,8
3,2.126880994769675,4.625149742195169,31.501659846638873,1.0,0.06,0.26214622641509433,1315.75,1368.0,1035.2375000000002,8
4,2.126880994769675,2.3002161835356976,9.915306307190056,1.0,0.06,0.0675314465408805,1315.75,1368.0,1035.2375000000002,8
5,2.126880994769675,2.126880994769676,2.126880994769675,1.0,0.06,0.0125,1315.75,1368.0,1035.2375000000002,8
6,2.126880994769675,2.126880994769676,2.126880994769675,1.0,0.06,0.0125,1315.75,1368.0,1035.2375000000002,8
7,2.126880994769675,2.126880994769676,2.126880994769675,1.0,0.06,0.0,1315.75,1368.0,1035.2375000000002,8
8,2.126880994769675,2.126880994769676,2.126880994769675,1.0,0.06,0.0,1315.75,1368.0,1035.2375000000002,8
9,2.126880994769675,2.126880994769676,2.126880994769675,1.0,0.06,0.0,1315.75,1368.0,1035.2375000000002,8
10,2.126880994769675,2.126880994769676,2.126880994769675,1.0,0.06,0.0,1315.75,1368.0,1035.2375000000002,8
11,2.126880994769675,2.321198516319707,33.21768444277428,1.0,0.09,0.0125,1315.75,1368.0,1035.2375000000002,8
12,2.126880994769675,2.126880994769676,2.126880994769675,1.0,0.09,0.0,1315.75,1368.0,1035.2375000000002,8
13,2.126880994769675,2.126880994769676,2.126880994769675,1.0,0.09,0.0,1315.75,1368.0,1035.2375000000002,8
14,2.126880994769675,2.126880994769676,2.126880994769675,1.0,0.09,0.0,1315.75,1368.0,1035.2375000000002,8
15,2.126880994769675,2.126880994769676,2.126880994769675,1.0,0.09,0.0,1315.75,1368.0,1035.2375000000002,8
16,2.126880994769675,2.126880994769676,2.126880994769675,1.0,0.09,0.0,1315.75,1368.0,1035.2375000000002,8
17,2.126880994769675,2.126880994769676,2.126880994769675,1.0,0.09,0.0,1315.75,1368.0,1035.2375000000002,8
18,2.126880994769675,2.126880994769676,2.126880994769675,1.0,0.09,0.0,1315.75,1368.0,1035.2375000000002,8
19,2.126880994769675,2.126880994769676,2.126880994769675,1.0,0.09,0.0,1315.75,1368.0,1035.2375000000002,8
20,2.126880994769675,2.126880994769676,2.126880994769675,1.0,0.09,0.0,1315.75,1368.0,1035.2375000000002,8
21,2.126880994769675,2.126880994769676,2.126880994769675,1.0,0.135,0.0,1315.75,1368.0,1035.2375000000002,8
22,2.126880994769675,2.126880994769676,2.126880994769675,1.0,0.135,0.0,1315.75,1368.0,1035.2375000000002,8
23,2.126880994769675,2.126880994769676,2.126880994769675,1.0,0.135,0.0,1315.75,1368.0,1035.2375000000002,8
24,2.126880994769675,2.126880994769676,2.126880994769675,1.0,0.135,0.0,1315.75,1368.0,1035.2375000000002,8
25,2.126880994769675,2.126880994769676,2.126880994769675,1.0,0.135,0.0,1315.75,1368.0,1035.2375000000002,8
1,2.126880994769675,20.45287870505742,106.77394259173221,1.0,0.06,0.29196903725205725,1315.75,1368.0,1035.2375000000002,8
2,2.126880994769675,8.416515082430283,45.60726782489178,1.0,0.06,0.28824685534591404,1315.75,1368.0,1035.2375000000002,8
3,2.126880994769675,3.4067599424499604,33.683093022389976,1.0,0.06,0.08858752620545084,1315.75,1368.0,1035.2375000000002,8
4,2.126880994769675,2.126880994769676,2.126880994769675,1.0,0.06,0.0,1315.75,1368.0,1035.2375000000002,8
5,2.126880994769675,2.126880994769676,2.126880994769675,1.0,0.06,0.0,1315.75,1368.0,1035.2375000000002,8
6,2.126880994769675,2.126880994769676,2.126880994769675,1.0,0.06,0.0,1315.75,1368.0,1035.2375000000002,8
7,2.126880994769675,2.126880994769676,2.126880994769675,1.0,0.06,0.0,1315.75,1368.0,1035.2375000000002,8
8,2.126880994769675,2.126880994769676,2.126880994769675,1.0,0.06,0.0,1315.75,1368.0,1035.2375000000002,8
9,2.126880994769675,2.126880994769676,2.126880994769675,1.0,0.06,0.0,1315.75,1368.0,1035.2375000000002,8
10,2.126880994769675,2.126880994769676,2.126880994769675,1.0,0.06,0.0,1315.75,1368.0,1035.2375000000002,8
11,2.126880994769675,2.126880994769676,2.126880994769675,1.0,0.09,0.0,1315.75,1368.0,1035.2375000000002,8
12,2.126880994769675,2.126880994769676,2.126880994769675,1.0,0.09,0.0,1315.75,1368.0,1035.2375000000002,8
13,2.126880994769675,2.126880994769676,2.126880994769675,1.0,0.09,0.0,1315.75,1368.0,1035.2375000000002,8
14,2.126880994769675,2.126880994769676,2.126880994769675,1.0,0.09,0.0,1315.75,1368.0,1035.2375000000002,8
15,2.126880994769675,2.126880994769676,2.126880994769675,1.0,0.09,0.0,1315.75,1368.0,1035.2375000000002,8
16,2.126880994769675,2.126880994769676,2.126880994769675,1.0,0.09,0.0,1315.75,1368.0,1035.2375000000002,8
17,2.126880994769675,2.126880994769676,2.126880994769675,1.0,0.09,0.0,1315.75,1368.0,1035.2375000000002,8
18,2.126880994769675,2.126880994769676,2.126880994769675,1.0,0.09,0.0,1315.75,1368.0,1035.2375000000002,8
19,2.126880994769675,2.126880994769676,2.126880994769675,1.0,0.09,0.0,1315.75,1368.0,1035.2375000000002,8
20,2.126880994769675,2.126880994769676,2.126880994769675,1.0,0.09,0.0,1315.75,1368.0,1035.2375000000002,8
21,2.126880994769675,2.2545356448296388,22.551625004363746,1.0,0.135,0.0125,1315.75,1368.0,1035.2375000000002,8
22,2.126880994769675,2.126880994769676,2.126880994769675,1.0,0.135,0.0,1315.75,1368.0,1035.2375000000002,8
23,2.126880994769675,2.126880994769676,2.126880994769675,1.0,0.135,0.0,1315.75,1368.0,1035.2375000000002,8
24,2.126880994769675,2.126880994769676,2.126880994769675,1.0,0.135,0.0,1315.75,1368.0,1035.2375000000002,8
25,2.126880994769675,2.126880994769676,2.126880994769675,1.0,0.135,0.0,1315.75,1368.0,1035.2375000000002,8
1,4.224424700195767,21.702201539013814,73.30867206824047,1.0,0.06,0.4753832547169811,1315.75,1368.0,1035.2375000000002,8
2,4.224424700195767,11.364027736224617,51.038895276055,1.0,0.06,0.29553009883198134,1315.75,1368.0,1035.2375000000002,8
3,4.224424700195767,6.648355012384494,39.06426475922861,1.0,0.06,0.2508058176100629,1315.75,1368.0,1035.2375000000002,8
4,4.224424700195767,4.529443117924903,15.471470519354162,1.0,0.06,0.07354559748427673,1315.75,1368.0,1035.2375000000002,8
5,4.224424700195767,4.224424700195757,4.224424700195767,1.0,0.06,0.0,1315.75,1368.0,1035.2375000000002,8
6,4.224424700195767,4.224424700195757,4.224424700195767,1.0,0.06,0.0,1315.75,1368.0,1035.2375000000002,8
7,4.224424700195767,4.224424700195757,4.224424700195767,1.0,0.06,0.0,1315.75,1368.0,1035.2375000000002,8
8,4.224424700195767,4.224424700195757,4.224424700195767,1.0,0.06,0.0,1315.75,1368.0,1035.2375000000002,8
9,4.224424700195767,4.224424700195757,4.224424700195767,1.0,0.06,0.0,1315.75,1368.0,1035.2375000000002,8
10,4.224424700195767,4.224424700195757,4.224424700195767,1.0,0.06,0.0,1315.75,1368.0,1035.2375000000002,8
11,4.224424700195767,4.3375571626877045,22.325618698907363,1.0,0.09,0.0125,1315.75,1368.0,1035.2375000000002,8
12,4.224424700195767,4.224424700195757,4.224424700195767,1.0,0.09,0.0,1315.75,1368.0,1035.2375000000002,8
13,4.224424700195767,4.224424700195757,4.224424700195767,1.0,0.09,0.0,1315.75,1368.0,1035.2375000000002,8
14,4.224424700195767,4.224424700195757,4.224424700195767,1.0,0.09,0.0,1315.75,1368.0,1035.2375000000002,8
15,4.224424700195767,4.224424700195757,4.224424700195767,1.0,0.09,0.0,1315.75,1368.0,1035.2375000000002,8
16,4.224424700195767,4.224424700195757,4.224424700195767,1.0,0.09,0.0,1315.75,1368.0,1035.2375000000002,8
17,4.224424700195767,4.224424700195757,4.224424700195767,1.0,0.09,0.0,1315.75,1368.0,1035.2375000000002,8
18,4.224424700195767,4.224424700195757,4.224424700195767,1.0,0.09,0.0,1315.75,1368.0,1035.2375000000002,8
19,4.224424700195767,4.224424700195757,4.224424700195767,1.0,0.09,0.0,1315.75,1368.0,1035.2375000000002,8
20,4.224424700195767,4.224424700195757,4.224424700195767,1.0,0.09,0.0,1315.75,1368.0,1035.2375000000002,8
21,4.224424700195767,4.224424700195757,4.224424700195767,1.0,0.135,0.0,1315.75,1368.0,1035.2375000000002,8
22,4.224424700195767,4.224424700195757,4.224424700195767,1.0,0.135,0.0,1315.75,1368.0,1035.2375000000002,8
23,4.224424700195767,4.224424700195757,4.224424700195767,1.0,0.135,0.0,1315.75,1368.0,1035.2375000000002,8
24,4.224424700195767,4.224424700195757,4.224424700195767,1.0,0.135,0.0,1315.75,1368.0,1035.2375000000002,8
25,4.224424700195767,4.224424700195757,4.224424700195767,1.0,0.135,0.0,1315.75,1368.0,1035.2375000000002,8
1,3.0608764092536043,21.819829476870606,93.22613000728192,1.0,0.06,0.39073113207547366,1315.75,1368.0,1035.2375000000002,8
2,3.0608764092536043,11.272629522076887,61.425010963555636,1.0,0.06,0.3236073674752909,1315.75,1368.0,1035.2375000000002,8
3,3.0608764092536043,6.462116559042326,38.98841592673593,1.0,0.06,0.2745872641509434,1315.75,1368.0,1035.2375000000002,8
4,3.0608764092536043,4.475375466010776,13.64059816896194,1.0,0.06,0.18907232704401997,1315.75,1368.0,1035.2375000000002,8
5,3.0608764092536043,3.8614598073995623,4.464469131787617,1.0,0.06,0.5755503144654088,1315.75,1368.0,1035.2375000000002,8
6,3.0608764092536043,3.476361977297728,4.464469131787617,1.0,0.06,0.5047955974842767,1315.75,1368.0,1035.2375000000002,8
7,3.0608764092536043,3.13855786272079,4.464469131787617,1.0,0.06,0.142374213836478,1315.75,1368.0,1035.2375000000002,8
8,3.0608764092536043,3.075370343919884,3.833886258122327,1.0,0.06,0.03702830188679245,1315.75,1368.0,1035.2375000000002,8
9,3.0608764092536043,3.060876409253595,3.0608764092536043,1.0,0.06,0.0,1315.75,1368.0,1035.2375000000002,8
10,3.0608764092536043,3.060876409253595,3.0608764092536043,1.0,0.06,0.0,1315.75,1368.0,1035.2375000000002,8
11,3.0608764092536043,3.060876409253595,3.0608764092536043,1.0,0.09,0.0,1315.75,1368.0,1035.2375000000002,8
12,3.0608764092536043,3.060876409253595,3.0608764092536043,1.0,0.09,0.0,1315.75,1368.0,1035.2375000000002,8
13,3.0608764092536043,3.060876409253595,3.0608764092536043,1.0,0.09,0.0,1315.75,1368.0,1035.2375000000002,8
14,3.0608764092536043,3.060876409253595,3.0608764092536043,1.0,0.09,0.0,1315.75,1368.0,1035.2375000000002,8
15,3.0608764092536043,3.060876409253595,3.0608764092536043,1.0,0.09,0.0,1315.75,1368.0,1035.2375000000002,8
16,3.0608764092536043,3.060876409253595,3.0608764092536043,1.0,0.09,0.0,1315.75,1368.0,1035.2375000000002,8
17,3.0608764092536043,3.060876409253595,3.0608764092536043,1.0,0.09,0.0,1315.75,1368.0,1035.2375000000002,8
18,3.0608764092536043,3.060876409253595,3.0608764092536043,1.0,0.09,0.0,1315.75,1368.0,1035.2375000000002,8
19,3.0608764092536043,3.060876409253595,3.0608764092536043,1.0,0.09,0.0,1315.75,1368.0,1035.2375000000002,8
20,3.0608764092536043,3.060876409253595,3.0608764092536043,1.0,0.09,0.0,1315.75,1368.0,1035.2375000000002,8
21,3.0608764092536043,3.060876409253595,3.0608764092536043,1.0,0.135,0.0,1315.75,1368.0,1035.2375000000002,8
22,3.0608764092536043,3.060876409253595,3.0608764092536043,1.0,0.135,0.0,1315.75,1368.0,1035.2375000000002,8
23,3.0608764092536043,3.060876409253595,3.0608764092536043,1.0,0.135,0.0,1315.75,1368.0,1035.2375000000002,8
24,3.0608764092536043,3.060876409253595,3.0608764092536043,1.0,0.135,0.0,1315.75,1368.0,1035.2375000000002,8
25,3.0608764092536043,3.060876409253595,3.0608764092536043,1.0,0.135,0.0,1315.75,1368.0,1035.2375000000002,8
1,1.8372198011212346,21.723431448960373,77.48338383018202,1.0,0.06,0.42468553459118996,1315.75,1368.0,1035.2375000000002,8
2,1.8372198011212346,11.143247224406945,46.46441981513888,1.0,0.06,0.3397012578616371,1315.75,1368.0,1035.2375000000002,8
3,1.8372198011212346,6.207659111009937,28.985760602512936,1.0,0.06,0.23026729559748427,1315.75,1368.0,1035.2375000000002,8
4,1.8372198011212346,3.6362298912562645,16.473758847404646,1.0,0.06,0.08577044025157374,1315.75,1368.0,1035.2375000000002,8
5,1.8372198011212346,3.303708003015945,3.7128902641150696,1.0,0.06,0.24944968553459118,1315.75,1368.0,1035.2375000000002,8
6,1.8372198011212346,3.1327041945746803,3.536215726961822,1.0,0.06,0.3644654088050314,1315.75,1368.0,1035.2375000000002,8
7,1.8372198011212346,2.7929050094065633,3.536215726961822,1.0,0.06,0.49528301886792453,1315.75,1368.0,1035.2375000000002,8
8,1.8372198011212346,2.34691857887341,3.536215726961822,1.0,0.06,0.4226415094339623,1315.75,1368.0,1035.2375000000002,8
9,1.8372198011212346,1.9540257710227737,3.536215726961822,1.0,0.06,0.12885220125786165,1315.75,1368.0,1035.2375000000002,8
10,1.8372198011212346,1.8372198011212315,1.8372198011212346,1.0,0.06,0.0,1315.75,1368.0,1035.2375000000002,8
11,1.8372198011212346,1.8584572501942394,3.536215726961822,1.0,0.09,0.024842767295597486,1315.75,1368.0,1035.2375000000002,8
12,1.8372198011212346,1.8372198011212315,1.8372198011212346,1.0,0.09,0.0,1315.75,1368.0,1035.2375000000002,8
13,1.8372198011212346,1.8372198011212315,1.8372198011212346,1.0,0.09,0.0,1315.75,1368.0,1035.2375000000002,8
14,1.8372198011212346,1.8372198011212315,1.8372198011212346,1.0,0.09,0.0,1315.75,1368.0,1035.2375000000002,8
15,1.8372198011212346,1.8372198011212315,1.8372198011212346,1.0,0.09,0.0,1315.75,1368.0,1035.2375000000002,8
16,1.8372198011212346,1.8372198011212315,1.8372198011212346,1.0,0.09,0.0,1315.75,1368.0,1035.2375000000002,8
17,1.8372198011212346,1.8372198011212315,1.8372198011212346,1.0,0.09,0.0,1315.75,1368.0,1035.2375000000002,8
18,1.8372198011212346,1.8372198011212315,1.8372198011212346,1.0,0.09,0.0,1315.75,1368.0,1035.2375000000002,8
19,1.8372198011212346,1.8372198011212315,1.8372198011212346,1.0,0.09,0.0,1315.75,1368.0,1035.2375000000002,8
20,1.8372198011212346,1.8372198011212315,1.8372198011212346,1.0,0.09,0.0,1315.75,1368.0,1035.2375000000002,8
21,1.8372198011212346,2.370372792949081,45.89477706082168,1.0,0.135,0.0207809224318658,1315.75,1368.0,1035.2375000000002,8
22,1.8372198011212346,1.8372198011212315,1.8372198011212346,1.0,0.135,0.0,1315.75,1368.0,1035.2375000000002,8
23,1.8372198011212346,1.8372198011212315,1.8372198011212346,1.0,0.135,0.0,1315.75,1368.0,1035.2375000000002,8
24,1.8372198011212346,1.8372198011212315,1.8372198011212346,1.0,0.135,0.0,1315.75,1368.0,1035.2375000000002,8
25,1.8372198011212346,1.8372198011212315,1.8372198011212346,1.0,0.135,0.0,1315.75,1368.0,1035.2375000000002,8
1,3.612939272746621,23.299306494802092,99.79700110847065,1.0,0.06,0.4030817610062851,1315.75,1368.0,1035.2375000000002,8
2,3.612939272746621,9.888679988693145,63.63892259645426,1.0,0.06,0.31078354297694066,1315.75,1368.0,1035.2375000000002,8
3,3.612939272746621,5.268154837327322,22.19031374901335,1.0,0.06,0.1272169811320763,1315.75,1368.0,1035.2375000000002,8
4,3.612939272746621,3.7374759231082164,15.055451119187447,1.0,0.06,0.03304507337526204,1315.75,1368.0,1035.2375000000002,8
5,3.612939272746621,3.612939272746632,3.612939272746621,1.0,0.06,0.0,1315.75,1368.0,1035.2375000000002,8
6,3.612939272746621,3.612939272746632,3.612939272746621,1.0,0.06,0.0,1315.75,1368.0,1035.2375000000002,8
7,3.612939272746621,3.612939272746632,3.612939272746621,1.0,0.06,0.0,1315.75,1368.0,1035.2375000000002,8
8,3.612939272746621,3.612939272746632,3.612939272746621,1.0,0.06,0.0,1315.75,1368.0,1035.2375000000002,8
9,3.612939272746621,3.612939272746632,3.612939272746621,1.0,0.06,0.0,1315.75,1368.0,1035.2375000000002,8
10,3.612939272746621,3.612939272746632,3.612939272746621,1.0,0.06,0.0,1315.75,1368.0,1035.2375000000002,8
11,3.612939272746621,3.612939272746632,3.612939272746621,1.0,0.09,0.0,1315.75,1368.0,1035.2375000000002,8
12,3.612939272746621,3.612939272746632,3.612939272746621,1.0,0.09,0.0,1315.75,1368.0,1035.2375000000002,8
13,3.612939272746621,3.612939272746632,3.612939272746621,1.0,0.09,0.0,1315.75,1368.0,1035.2375000000002,8
14,3.612939272746621,3.612939272746632,3.612939272746621,1.0,0.09,0.0,1315.75,1368.0,1035.2375000000002,8
15,3.612939272746621,3.612939272746632,3.612939272746621,1.0,0.09,0.0,1315.75,1368.0,1035.2375000000002,8
16,3.612939272746621,3.612939272746632,3.612939272746621,1.0,0.09,0.0,1315.75,1368.0,1035.2375000000002,8
17,3.612939272746621,3.612939272746632,3.612939272746621,1.0,0.09,0.0,1315.75,1368.0,1035.2375000000002,8
18,3.612939272746621,3.612939272746632,3.612939272746621,1.0,0.09,0.0,1315.75,1368.0,1035.2375000000002,8
19,3.612939272746621,3.612939272746632,3.612939272746621,1.0,0.09,0.0,1315.75,1368.0,1035.2375000000002,8
20,3.612939272746621,3.612939272746632,3.612939272746621,1.0,0.09,0.0,1315.75,1368.0,1035.2375000000002,8
21,3.612939272746621,3.612939272746632,3.612939272746621,1.0,0.135,0.0,1315.75,1368.0,1035.2375000000002,8
22,3.612939272746621,3.612939272746632,3.612939272746621,1.0,0.135,0.0,1315.75,1368.0,1035.2375000000002,8
23,3.612939272746621,3.612939272746632,3.612939272746621,1.0,0.135,0.0,1315.75,1368.0,1035.2375000000002,8
24,3.612939272746621,3.612939272746632,3.612939272746621,1.0,0.135,0.0,1315.75,1368.0,1035.2375000000002,8
25,3.612939272746621,5.577530506062558,52.68341765280242,1.0,0.135,0.10040618448637412,1315.75,1368.0,1035.2375000000002,8
1,1.5705338776832722,23.1605449651036,74.76099875994642,1.0,0.06,0.45434136967153294,1315.75,1368.0,1035.2375000000002,8
2,1.5705338776832722,10.634244821747293,55.29137005584472,1.0,0.06,0.23704795597484277,1315.75,1368.0,1035.2375000000002,8
3,1.5705338776832722,4.429597197508211,18.403069198288325,1.0,0.06,0.11223794549266547,1315.75,1368.0,1035.2375000000002,8
4,1.5705338776832722,3.6120610924252916,13.051351947768735,1.0,0.06,0.11926100628930818,1315.75,1368.0,1035.2375000000002,8
5,1.5705338776832722,3.3831686658020024,3.612939272746621,1.0,0.06,0.2009433962264151,1315.75,1368.0,1035.2375000000002,8
6,1.5705338776832722,3.166163092576519,3.612939272746621,1.0,0.06,0.34394654088050314,1315.75,1368.0,1035.2375000000002,8
7,1.5705338776832722,2.6683267775298223,3.612939272746621,1.0,0.06,0.5003144654088051,1315.75,1368.0,1035.2375000000002,8
8,1.5705338776832722,2.2215505973597116,3.612939272746621,1.0,0.06,0.4370283018867924,1315.75,1368.0,1035.2375000000002,8
9,1.5705338776832722,1.7620093834704562,3.612939272746621,1.0,0.06,0.17099056603773585,1315.75,1368.0,1035.2375000000002,8
10,1.5705338776832722,1.5960639451215592,3.612939272746621,1.0,0.06,0.024842767295597486,1315.75,1368.0,1035.2375000000002,8
11,1.5705338776832722,1.5705338776832674,1.5705338776832722,1.0,0.09,0.0,1315.75,1368.0,1035.2375000000002,8
12,1.5705338776832722,1.5705338776832674,1.5705338776832722,1.0,0.09,0.0,1315.75,1368.0,1035.2375000000002,8
13,1.5705338776832722,1.5705338776832674,1.5705338776832722,1.0,0.09,0.0,1315.75,1368.0,1035.2375000000002,8
14,1.5705338776832722,1.5705338776832674,1.5705338776832722,1.0,0.09,0.0,1315.75,1368.0,1035.2375000000002,8
15,1.5705338776832722,1.5705338776832674,1.5705338776832722,1.0,0.09,0.0,1315.75,1368.0,1035.2375000000002,8
16,1.5705338776832722,1.5705338776832674,1.5705338776832722,1.0,0.09,0.0,1315.75,1368.0,1035.2375000000002,8
17,1.5705338776832722,1.5705338776832674,1.5705338776832722,1.0,0.09,0.0,1315.75,1368.0,1035.2375000000002,8
18,1.5705338776832722,1.5705338776832674,1.5705338776832722,1.0,0.09,0.0,1315.75,1368.0,1035.2375000000002,8
19,1.5705338776832722,1.5705338776832674,1.5705338776832722,1.0,0.09,0.0,1315.75,1368.0,1035.2375000000002,8
20,1.5705338776832722,1.5705338776832674,1.5705338776832722,1.0,0.09,0.0,1315.75,1368.0,1035.2375000000002,8
21,1.5705338776832722,1.5705338776832674,1.5705338776832722,1.0,0.135,0.0,1315.75,1368.0,1035.2375000000002,8
22,1.5705338776832722,1.5705338776832674,1.5705338776832722,1.0,0.135,0.0,1315.75,1368.0,1035.2375000000002,8
23,1.5705338776832722,1.5705338776832674,1.5705338776832722,1.0,0.135,0.0,1315.75,1368.0,1035.2375000000002,8
24,1.5705338776832722,1.5705338776832674,1.5705338776832722,1.0,0.135,0.0,1315.75,1368.0,1035.2375000000002,8
25,1.5705338776832722,1.5705338776832674,1.5705338776832722,1.0,0.135,0.0,1315.75,1368.0,1035.2375000000002,8
1,2.2465361070612824,22.921832913379706,124.69106625413445,1.0,0.06,0.284383423180582,1315.75,1368.0,1035.2375000000002,8
2,2.2465361070612824,9.650113336027022,59.35659079282507,1.0,0.06,0.30839884696016956,1315.75,1368.0,1035.2375000000002,8
3,2.2465361070612824,4.099096958764652,26.65730184699714,1.0,0.06,0.17222877358490565,1315.75,1368.0,1035.2375000000002,8
4,2.2465361070612824,2.40815740615026,16.63478988725496,1.0,0.06,0.029035639412997825,1315.75,1368.0,1035.2375000000002,8
5,2.2465361070612824,2.2465361070612784,2.2465361070612824,1.0,0.06,0.0,1315.75,1368.0,1035.2375000000002,8
6,2.2465361070612824,2.2465361070612784,2.2465361070612824,1.0,0.06,0.0,1315.75,1368.0,1035.2375000000002,8
7,2.2465361070612824,2.2465361070612784,2.2465361070612824,1.0,0.06,0.0,1315.75,1368.0,1035.2375000000002,8
8,2.2465361070612824,2.2465361070612784,2.2465361070612824,1.0,0.06,0.0,1315.75,1368.0,1035.2375000000002,8
9,2.2465361070612824,2.2465361070612784,2.2465361070612824,1.0,0.06,0.0,1315.75,1368.0,1035.2375000000002,8
10,2.2465361070612824,2.2465361070612784,2.2465361070612824,1.0,0.06,0.0,1315.75,1368.0,1035.2375000000002,8
11,2.2465361070612824,2.297381435104971,10.381788594052098,1.0,0.09,0.0125,1315.75,1368.0,1035.2375000000002,8
12,2.2465361070612824,2.2465361070612784,2.2465361070612824,1.0,0.09,0.0,1315.75,1368.0,1035.2375000000002,8
13,2.2465361070612824,2.2465361070612784,2.2465361070612824,1.0,0.09,0.0,1315.75,1368.0,1035.2375000000002,8
14,2.2465361070612824,2.2465361070612784,2.2465361070612824,1.0,0.09,0.0,1315.75,1368.0,1035.2375000000002,8
15,2.2465361070612824,2.2465361070612784,2.2465361070612824,1.0,0.09,0.0,1315.75,1368.0,1035.2375000000002,8
16,2.2465361070612824,2.2465361070612784,2.2465361070612824,1.0,0.09,0.0,1315.75,1368.0,1035.2375000000002,8
17,2.2465361070612824,2.2465361070612784,2.2465361070612824,1.0,0.09,0.0,1315.75,1368.0,1035.2375000000002,8
18,2.2465361070612824,2.2465361070612784,2.2465361070612824,1.0,0.09,0.0,1315.75,1368.0,1035.2375000000002,8
19,2.2465361070612824,2.2465361070612784,2.2465361070612824,1.0,0.09,0.0,1315.75,1368.0,1035.2375000000002,8
20,2.2465361070612824,2.2465361070612784,2.2465361070612824,1.0,0.09,0.0,1315.75,1368.0,1035.2375000000002,8
21,2.2465361070612824,2.339286639487301,17.08662129522493,1.0,0.135,0.0125,1315.75,1368.0,1035.2375000000002,8
22,2.2465361070612824,2.2465361070612784,2.2465361070612824,1.0,0.135,0.0,1315.75,1368.0,1035.2375000000002,8
23,2.2465361070612824,2.2465361070612784,2.2465361070612824,1.0,0.135,0.0,1315.75,1368.0,1035.2375000000002,8
24,2.2465361070612824,2.2465361070612784,2.2465361070612824,1.0,0.135,0.0,1315.75,1368.0,1035.2375000000002,8
25,2.2465361070612824,2.2465361070612784,2.2465361070612824,1.0,0.135,0.0,1315.75,1368.0,1035.2375000000002,8
1,2.2465361070612824,22.705518421514412,113.62341547982425,1.0,0.06,0.38637793024585115,1315.75,1368.0,1035.2375000000002,8
2,2.2465361070612824,7.915758328653899,50.41318690510087,1.0,0.06,0.2943920335429846,1315.75,1368.0,1035.2375000000002,8
3,2.2465361070612824,3.6325415957616762,28.562867929846682,1.0,0.06,0.1557193396226415,1315.75,1368.0,1035.2375000000002,8
4,2.2465361070612824,2.4050936979679034,14.931143379591283,1.0,0.06,0.04905660377358491,1315.75,1368.0,1035.2375000000002,8
5,2.2465361070612824,2.2465361070612784,2.2465361070612824,1.0,0.06,0.024842767295597486,1315.75,1368.0,1035.2375000000002,8
6,2.2465361070612824,2.2465361070612784,2.2465361070612824,1.0,0.06,0.024842767295597486,1315.75,1368.0,1035.2375000000002,8
7,2.2465361070612824,2.2465361070612784,2.2465361070612824,1.0,0.06,0.024842767295597486,1315.75,1368.0,1035.2375000000002,8
8,2.2465361070612824,2.2465361070612784,2.2465361070612824,1.0,0.06,0.03702830188679245,1315.75,1368.0,1035.2375000000002,8
9,2.2465361070612824,2.2465361070612784,2.2465361070612824,1.0,0.06,0.06092767295597484,1315.75,1368.0,1035.2375000000002,8
10,2.2465361070612824,2.2465361070612784,2.2465361070612824,1.0,0.06,0.04905660377358491,1315.75,1368.0,1035.2375000000002,8
11,2.2465361070612824,2.2465361070612784,2.2465361070612824,1.0,0.09,0.024842767295597486,1315.75,1368.0,1035.2375000000002,8
12,2.2465361070612824,2.2465361070612784,2.2465361070612824,1.0,0.09,0.024842767295597486,1315.75,1368.0,1035.2375000000002,8
13,2.2465361070612824,2.2465361070612784,2.2465361070612824,1.0,0.09,0.0125,1315.75,1368.0,1035.2375000000002,8
14,2.2465361070612824,2.2465361070612784,2.2465361070612824,1.0,0.09,0.024842767295597486,1315.75,1368.0,1035.2375000000002,8
15,2.2465361070612824,2.2465361070612784,2.2465361070612824,1.0,0.09,0.06092767295597484,1315.75,1368.0,1035.2375000000002,8
16,2.2465361070612824,2.2465361070612784,2.2465361070612824,1.0,0.09,0.08419811320754716,1315.75,1368.0,1035.2375000000002,8
17,2.2465361070612824,2.2465361070612784,2.2465361070612824,1.0,0.09,0.06092767295597484,1315.75,1368.0,1035.2375000000002,8
18,2.2465361070612824,2.2465361070612784,2.2465361070612824,1.0,0.09,0.0125,1315.75,1368.0,1035.2375000000002,8
19,2.2465361070612824,2.2465361070612784,2.2465361070612824,1.0,0.09,0.0125,1315.75,1368.0,1035.2375000000002,8
20,2.2465361070612824,2.2465361070612784,2.2465361070612824,1.0,0.09,0.0,1315.75,1368.0,1035.2375000000002,8
21,2.2465361070612824,2.2465361070612784,2.2465361070612824,1.0,0.135,0.0,1315.75,1368.0,1035.2375000000002,8
22,2.2465361070612824,2.2465361070612784,2.2465361070612824,1.0,0.135,0.0,1315.75,1368.0,1035.2375000000002,8
23,2.2465361070612824,2.2465361070612784,2.2465361070612824,1.0,0.135,0.0,1315.75,1368.0,1035.2375000000002,8
24,2.2465361070612824,2.2465361070612784,2.2465361070612824,1.0,0.135,0.0,1315.75,1368.0,1035.2375000000002,8
25,2.2465361070612824,5.171978494670382,45.78898639500218,1.0,0.135,0.14394654088050238,1315.75,1368.0,1035.2375000000002,8
1,1.7808811195661631,21.17642729349093,98.4179929116163,1.0,0.06,0.326670597484287,1315.75,1368.0,1035.2375000000002,8
2,1.7808811195661631,7.158288609170562,56.661725389531206,1.0,0.06,0.25666928721173843,1315.75,1368.0,1035.2375000000002,8
3,1.7808811195661631,2.7692048441148076,39.908819056925275,1.0,0.06,0.08735587002096377,1315.75,1368.0,1035.2375000000002,8
4,1.7808811195661631,1.7808811195661687,1.7808811195661631,1.0,0.06,0.14119496855345912,1315.75,1368.0,1035.2375000000002,8
5,1.7808811195661631,1.7808811195661687,1.7808811195661631,1.0,0.06,0.14119496855345912,1315.75,1368.0,1035.2375000000002,8
6,1.7808811195661631,1.7808811195661687,1.7808811195661631,1.0,0.06,0.16257861635220125,1315.75,1368.0,1035.2375000000002,8
7,1.7808811195661631,1.7808811195661687,1.7808811195661631,1.0,0.06,0.16328616352201258,1315.75,1368.0,1035.2375000000002,8
8,1.7808811195661631,1.7808811195661687,1.7808811195661631,1.0,0.06,0.16328616352201258,1315.75,1368.0,1035.2375000000002,8
9,1.7808811195661631,1.7808811195661687,1.7808811195661631,1.0,0.06,0.18419811320754717,1315.75,1368.0,1035.2375000000002,8
10,1.7808811195661631,1.7808811195661687,1.7808811195661631,1.0,0.06,0.16328616352201258,1315.75,1368.0,1035.2375000000002,8
11,1.7808811195661631,1.7808811195661687,1.7808811195661631,1.0,0.09,0.14119496855345912,1315.75,1368.0,1035.2375000000002,8
12,1.7808811195661631,1.7808811195661687,1.7808811195661631,1.0,0.09,0.15117924528301888,1315.75,1368.0,1035.2375000000002,8
13,1.7808811195661631,1.7808811195661687,1.7808811195661631,1.0,0.09,0.10683962264150944,1315.75,1368.0,1035.2375000000002,8
14,1.7808811195661631,1.7808811195661687,1.7808811195661631,1.0,0.09,0.12885220125786165,1315.75,1368.0,1035.2375000000002,8
15,1.7808811195661631,1.7808811195661687,1.7808811195661631,1.0,0.09,0.12885220125786165,1315.75,1368.0,1035.2375000000002,8
16,1.7808811195661631,1.7808811195661687,1.7808811195661631,1.0,0.09,0.16069182389937106,1315.75,1368.0,1035.2375000000002,8
17,1.7808811195661631,1.7808811195661687,1.7808811195661631,1.0,0.09,0.16069182389937106,1315.75,1368.0,1035.2375000000002,8
18,1.7808811195661631,1.7808811195661687,1.7808811195661631,1.0,0.09,0.16069182389937106,1315.75,1368.0,1035.2375000000002,8
19,1.7808811195661631,1.7808811195661687,1.7808811195661631,1.0,0.09,0.13962264150943396,1315.75,1368.0,1035.2375000000002,8
20,1.7808811195661631,1.7808811195661687,1.7808811195661631,1.0,0.09,0.2477201257861635,1315.75,1368.0,1035.2375000000002,8
21,1.7808811195661631,1.7808811195661687,1.7808811195661631,1.0,0.135,0.2653301886792453,1315.75,1368.0,1035.2375000000002,8
22,1.7808811195661631,1.7808811195661687,1.7808811195661631,1.0,0.135,0.2738993710691824,1315.75,1368.0,1035.2375000000002,8
23,1.7808811195661631,1.7808811195661687,1.7808811195661631,1.0,0.135,0.282311320754717,1315.75,1368.0,1035.2375000000002,8
24,1.7153604852397364,3.3197571708354703,36.793239029266296,1.0,0.135,0.1530817610062965,1315.75,1368.0,1035.2375000000002,8
25,1.7153604852397364,2.059214492610111,26.66045853117242,1.0,0.0945,0.10564072327044025,1315.75,1368.0,1035.2375000000002,8
26,1.7153604852397364,1.7771955838853066,1.7808811195661631,1.0,0.0945,0.3214622641509434,1315.75,1368.0,1035.2375000000002,8
27,1.7153604852397364,1.7694150085590423,1.7808811195661631,1.0,0.0945,0.4666666666666667,1315.75,1368.0,1035.2375000000002,8
28,1.7153604852397364,1.7628629451263982,1.7808811195661631,1.0,0.0945,0.539937106918239,1315.75,1368.0,1035.2375000000002,8
29,1.7153604852397364,1.7530348499774342,1.7808811195661631,1.0,0.0945,0.6008647798742138,1315.75,1368.0,1035.2375000000002,8
30,1.7153604852397364,1.7350166755376644,1.7808811195661631,1.0,0.0945,0.4477987421383648,1315.75,1368.0,1035.2375000000002,8
31,1.7153604852397364,1.7182270129915147,1.7808811195661631,1.0,0.0945,0.08419811320754716,1315.75,1368.0,1035.2375000000002,8
32,1.7153604852397364,1.7153604852397328,1.7153604852397364,1.0,0.0945,0.0,1315.75,1368.0,1035.2375000000002,8
33,1.7153604852397364,1.7153604852397328,1.7153604852397364,1.0,0.0945,0.0,1315.75,1368.0,1035.2375000000002,8
34,1.7153604852397364,1.7153604852397328,1.7153604852397364,1.0,0.0945,0.0,1315.75,1368.0,1035.2375000000002,8
35,1.7153604852397364,1.813826036458925,17.46984868031046,1.0,0.14175,0.0125,1315.75,1368.0,1035.2375000000002,8
36,1.7153604852397364,1.7153604852397328,1.7153604852397364,1.0,0.14175,0.0,1315.75,1368.0,1035.2375000000002,8
37,1.7153604852397364,1.7153604852397328,1.7153604852397364,1.0,0.14175,0.0,1315.75,1368.0,1035.2375000000002,8
38,1.7153604852397364,1.7153604852397328,1.7153604852397364,1.0,0.14175,0.0,1315.75,1368.0,1035.2375000000002,8
39,1.7153604852397364,1.7153604852397328,1.7153604852397364,1.0,0.14175,0.0,1315.75,1368.0,1035.2375000000002,8
40,1.7153604852397364,1.7153604852397328,1.7153604852397364,1.0,0.14175,0.0,1315.75,1368.0,1035.2375000000002,8
41,1.7153604852397364,1.7153604852397328,1.7153604852397364,1.0,0.14175,0.0,1315.75,1368.0,1035.2375000000002,8
42,1.7153604852397364,1.7153604852397328,1.7153604852397364,1.0,0.14175,0.0,1315.75,1368.0,1035.2375000000002,8
43,1.7153604852397364,1.7153604852397328,1.7153604852397364,1.0,0.14175,0.0,1315.75,1368.0,1035.2375000000002,8
44,1.7153604852397364,1.7153604852397328,1.7153604852397364,1.0,0.14175,0.0,1315.75,1368.0,1035.2375000000002,8
45,1.7153604852397364,1.7157699892042733,1.7808811195661631,1.0,0.15,0.0125,1315.75,1368.0,1035.2375000000002,8
46,1.7153604852397364,1.7153604852397328,1.7153604852397364,1.0,0.15,0.0,1315.75,1368.0,1035.2375000000002,8
47,1.7153604852397364,1.7153604852397328,1.7153604852397364,1.0,0.15,0.0,1315.75,1368.0,1035.2375000000002,8
48,1.7153604852397364,1.7153604852397328,1.7153604852397364,1.0,0.15,0.0,1315.75,1368.0,1035.2375000000002,8
49,1.7153604852397364,1.7153604852397328,1.7153604852397364,1.0,0.15,0.0,1315.75,1368.0,1035.2375000000002,8
1,1.7808811195661631,20.513536525100584,100.03001870306306,1.0,0.06,0.4151816911250918,1315.75,1368.0,1035.2375000000002,8
2,1.7808811195661631,8.687024078616625,42.28715553662966,1.0,0.06,0.3567924528301984,1315.75,1368.0,1035.2375000000002,8
3,1.7808811195661631,3.167303702565187,29.79891232117837,1.0,0.06,0.11026729559748466,1315.75,1368.0,1035.2375000000002,8
4,1.7808811195661631,1.990854124702239,16.397746756506052,1.0,0.06,0.037165880503144656,1315.75,1368.0,1035.2375000000002,8
5,1.7808811195661631,1.7808811195661687,1.7808811195661631,1.0,0.06,0.03702830188679245,1315.75,1368.0,1035.2375000000002,8
6,1.7808811195661631,1.7808811195661687,1.7808811195661631,1.0,0.06,0.04905660377358491,1315.75,1368.0,1035.2375000000002,8
7,1.7808811195661631,1.7808811195661687,1.7808811195661631,1.0,0.06,0.0125,1315.75,1368.0,1035.2375000000002,8
8,1.7808811195661631,1.7808811195661687,1.7808811195661631,1.0,0.06,0.0125,1315.75,1368.0,1035.2375000000002,8
9,1.7808811195661631,1.7808811195661687,1.7808811195661631,1.0,0.06,0.0125,1315.75,1368.0,1035.2375000000002,8
10,1.7808811195661631,1.7808811195661687,1.7808811195661631,1.0,0.06,0.024842767295597486,1315.75,1368.0,1035.2375000000002,8
11,1.7808811195661631,1.8343139356212839,10.330131688384608,1.0,0.09,0.024764150943396006,1315.75,1368.0,1035.2375000000002,8
12,1.7808811195661631,1.7808811195661687,1.7808811195661631,1.0,0.09,0.024842767295597486,1315.75,1368.0,1035.2375000000002,8
13,1.7808811195661631,1.7808811195661687,1.7808811195661631,1.0,0.09,0.024842767295597486,1315.75,1368.0,1035.2375000000002,8
14,1.7808811195661631,1.7808811195661687,1.7808811195661631,1.0,0.09,0.04905660377358491,1315.75,1368.0,1035.2375000000002,8
15,1.7808811195661631,1.7808811195661687,1.7808811195661631,1.0,0.09,0.0125,1315.75,1368.0,1035.2375000000002,8
16,1.7808811195661631,1.7808811195661687,1.7808811195661631,1.0,0.09,0.0,1315.75,1368.0,1035.2375000000002,8
17,1.7808811195661631,1.7808811195661687,1.7808811195661631,1.0,0.09,0.0,1315.75,1368.0,1035.2375000000002,8
18,1.7808811195661631,1.7808811195661687,1.7808811195661631,1.0,0.09,0.0,1315.75,1368.0,1035.2375000000002,8
19,1.7808811195661631,1.7808811195661687,1.7808811195661631,1.0,0.09,0.0,1315.75,1368.0,1035.2375000000002,8
20,1.7808811195661631,1.7808811195661687,1.7808811195661631,1.0,0.09,0.0,1315.75,1368.0,1035.2375000000002,8
21,1.7808811195661631,1.7808811195661687,1.7808811195661631,1.0,0.135,0.0,1315.75,1368.0,1035.2375000000002,8
22,1.7808811195661631,1.7808811195661687,1.7808811195661631,1.0,0.135,0.0,1315.75,1368.0,1035.2375000000002,8
23,1.7808811195661631,1.7808811195661687,1.7808811195661631,1.0,0.135,0.0,1315.75,1368.0,1035.2375000000002,8
24,1.7808811195661631,1.7808811195661687,1.7808811195661631,1.0,0.135,0.0,1315.75,1368.0,1035.2375000000002,8
25,1.7808811195661631,1.7808811195661687,1.7808811195661631,1.0,0.135,0.0,1315.75,1368.0,1035.2375000000002,8
1,3.2489536578720917,23.327520441072043,119.71527775936772,1.0,0.06,0.3132317368166589,1315.75,1368.0,1035.2375000000002,8
2,3.2489536578720917,11.51308082502502,44.171003692286924,1.0,0.06,0.30806379155436275,1315.75,1368.0,1035.2375000000002,8
3,3.2489536578720917,6.139605440349397,30.313474745119553,1.0,0.06,0.32292976939203966,1315.75,1368.0,1035.2375000000002,8
4,3.2489536578720917,4.521358802582788,19.028811508207415,1.0,0.06,0.24965932914045974,1315.75,1368.0,1035.2375000000002,8
5,3.2489536578720917,4.042638486663532,4.553141790206227,1.0,0.06,0.370440251572327,1315.75,1368.0,1035.2375000000002,8
6,3.2489536578720917,3.671891050478623,4.553141790206227,1.0,0.06,0.3505503144654088,1315.75,1368.0,1035.2375000000002,8
7,3.2489536578720917,3.3863377686353067,4.553141790206227,1.0,0.06,0.18875786163522013,1315.75,1368.0,1035.2375000000002,8
8,3.2489536578720917,3.2551325717162185,4.23757987293168,1.0,0.06,0.0125,1315.75,1368.0,1035.2375000000002,8
9,3.2489536578720917,3.2489536578720966,3.2489536578720917,1.0,0.06,0.0,1315.75,1368.0,1035.2375000000002,8
10,3.2489536578720917,3.2489536578720966,3.2489536578720917,1.0,0.06,0.0,1315.75,1368.0,1035.2375000000002,8
11,3.2489536578720917,3.2489536578720966,3.2489536578720917,1.0,0.09,0.0,1315.75,1368.0,1035.2375000000002,8
12,3.2489536578720917,3.2489536578720966,3.2489536578720917,1.0,0.09,0.0,1315.75,1368.0,1035.2375000000002,8
13,3.2489536578720917,3.2489536578720966,3.2489536578720917,1.0,0.09,0.0,1315.75,1368.0,1035.2375000000002,8
14,3.2489536578720917,3.2489536578720966,3.2489536578720917,1.0,0.09,0.0,1315.75,1368.0,1035.2375000000002,8
15,3.2489536578720917,3.2489536578720966,3.2489536578720917,1.0,0.09,0.0,1315.75,1368.0,1035.2375000000002,8
16,3.2489536578720917,3.2489536578720966,3.2489536578720917,1.0,0.09,0.0,1315.75,1368.0,1035.2375000000002,8
17,3.2489536578720917,3.2489536578720966,3.2489536578720917,1.0,0.09,0.0,1315.75,1368.0,1035.2375000000002,8
18,3.2489536578720917,3.2489536578720966,3.2489536578720917,1.0,0.09,0.0,1315.75,1368.0,1035.2375000000002,8
19,3.2489536578720917,3.2489536578720966,3.2489536578720917,1.0,0.09,0.0,1315.75,1368.0,1035.2375000000002,8
20,3.2489536578720917,3.2489536578720966,3.2489536578720917,1.0,0.09,0.0,1315.75,1368.0,1035.2375000000002,8
21,3.2489536578720917,3.406510210886735,27.15381400787991,1.0,0.135,0.016640461215933,1315.75,1368.0,1035.2375000000002,8
22,3.2489536578720917,3.2489536578720966,3.2489536578720917,1.0,0.135,0.0,1315.75,1368.0,1035.2375000000002,8
23,3.2489536578720917,3.2489536578720966,3.2489536578720917,1.0,0.135,0.0,1315.75,1368.0,1035.2375000000002,8
24,3.2489536578720917,3.2489536578720966,3.2489536578720917,1.0,0.135,0.0,1315.75,1368.0,1035.2375000000002,8
25,3.2489536578720917,3.2489536578720966,3.2489536578720917,1.0,0.135,0.0,1315.75,1368.0,1035.2375000000002,8
1,1.3455123365355863,22.613987634245873,107.09930413629945,1.0,0.06,0.33091588050315474,1315.75,1368.0,1035.2375000000002,8
2,1.3455123365355863,9.714854973099778,72.81178036704885,1.0,0.06,0.2782232704402516,1315.75,1368.0,1035.2375000000002,8
3,1.3455123365355863,4.102286822224242,33.43541639836625,1.0,0.06,0.22075471698113208,1315.75,1368.0,1035.2375000000002,8
4,1.3455123365355863,1.5246195946056826,21.64692611108864,1.0,0.06,0.024921383647798744,1315.75,1368.0,1035.2375000000002,8
5,1.3455123365355863,1.3455123365355897,1.3455123365355863,1.0,0.06,0.0,1315.75,1368.0,1035.2375000000002,8
6,1.3455123365355863,1.3455123365355897,1.3455123365355863,1.0,0.06,0.0,1315.75,1368.0,1035.2375000000002,8
7,1.3455123365355863,1.3455123365355897,1.3455123365355863,1.0,0.06,0.0,1315.75,1368.0,1035.2375000000002,8
8,1.3455123365355863,1.3455123365355897,1.3455123365355863,1.0,0.06,0.0,1315.75,1368.0,1035.2375000000002,8
9,1.3455123365355863,1.3455123365355897,1.3455123365355863,1.0,0.06,0.0,1315.75,1368.0,1035.2375000000002,8
10,1.3455123365355863,1.3455123365355897,1.3455123365355863,1.0,0.06,0.0,1315.75,1368.0,1035.2375000000002,8
11,1.3455123365355863,1.3455123365355897,1.3455123365355863,1.0,0.09,0.0,1315.75,1368.0,1035.2375000000002,8
12,1.3455123365355863,1.3455123365355897,1.3455123365355863,1.0,0.09,0.0,1315.75,1368.0,1035.2375000000002,8
13,1.3455123365355863,1.3455123365355897,1.3455123365355863,1.0,0.09,0.0,1315.75,1368.0,1035.2375000000002,8
14,1.3455123365355863,1.3455123365355897,1.3455123365355863,1.0,0.09,0.0,1315.75,1368.0,1035.2375000000002,8
15,1.3455123365355863,1.3455123365355897,1.3455123365355863,1.0,0.09,0.0,1315.75,1368.0,1035.2375000000002,8
16,1.3455123365355863,1.3455123365355897,1.3455123365355863,1.0,0.09,0.0,1315.75,1368.0,1035.2375000000002,8
17,1.3455123365355863,1.3455123365355897,1.3455123365355863,1.0,0.09,0.0,1315.75,1368.0,1035.2375000000002,8
18,1.3455123365355863,1.3455123365355897,1.3455123365355863,1.0,0.09,0.0,1315.75,1368.0,1035.2375000000002,8
19,1.3455123365355863,1.3455123365355897,1.3455123365355863,1.0,0.09,0.0,1315.75,1368.0,1035.2375000000002,8
20,1.3455123365355863,1.3455123365355897,1.3455123365355863,1.0,0.09,0.0,1315.75,1368.0,1035.2375000000002,8
21,1.3455123365355863,1.3455123365355897,1.3455123365355863,1.0,0.135,0.0,1315.75,1368.0,1035.2375000000002,8
22,1.3455123365355863,1.3455123365355897,1.3455123365355863,1.0,0.135,0.0,1315.75,1368.0,1035.2375000000002,8
23,1.3455123365355863,1.3455123365355897,1.3455123365355863,1.0,0.135,0.0,1315.75,1368.0,1035.2375000000002,8
24,1.3455123365355863,1.3455123365355897,1.3455123365355863,1.0,0.135,0.0,1315.75,1368.0,1035.2375000000002,8
25,1.3455123365355863,4.254160590237205,35.73363488553034,1.0,0.135,0.15968553459119103,1315.75,1368.0,1035.2375000000002,8
1,1.2041484003014757,20.756760247675714,78.49076717682085,1.0,0.06,0.46733490566037733,1315.75,1368.0,1035.2375000000002,8
2,1.2041484003014757,9.49406750200011,49.99787176729619,1.0,0.06,0.35345911949684855,1315.75,1368.0,1035.2375000000002,8
3,1.2041484003014757,2.972854518874834,29.592772083403485,1.0,0.06,0.18608490566037736,1315.75,1368.0,1035.2375000000002,8
4,1.2041484003014757,1.480602012435657,14.237488856671158,1.0,0.06,0.11346960167714419,1315.75,1368.0,1035.2375000000002,8
5,1.2041484003014757,1.3031031556653558,1.3455123365355863,1.0,0.06,0.4226415094339623,1315.75,1368.0,1035.2375000000002,8
6,1.2041484003014757,1.2633445485995116,1.3455123365355863,1.0,0.06,0.48985849056603775,1315.75,1368.0,1035.2375000000002,8
7,1.2041484003014757,1.2333047121497624,1.3455123365355863,1.0,0.06,0.3294811320754717,1315.75,1368.0,1035.2375000000002,8
8,1.2041484003014757,1.2103330725117194,1.3455123365355863,1.0,0.06,0.08419811320754716,1315.75,1368.0,1035.2375000000002,8
9,1.2041484003014757,1.204148400301477,1.2041484003014757,1.0,0.06,0.0,1315.75,1368.0,1035.2375000000002,8
10,1.2041484003014757,1.204148400301477,1.2041484003014757,1.0,0.06,0.0,1315.75,1368.0,1035.2375000000002,8
11,1.2041484003014757,1.2050319249029404,1.3455123365355863,1.0,0.09,0.0125,1315.75,1368.0,1035.2375000000002,8
12,1.2041484003014757,1.204148400301477,1.2041484003014757,1.0,0.09,0.0,1315.75,1368.0,1035.2375000000002,8
13,1.2041484003014757,1.204148400301477,1.2041484003014757,1.0,0.09,0.0,1315.75,1368.0,1035.2375000000002,8
14,1.2041484003014757,1.204148400301477,1.2041484003014757,1.0,0.09,0.0,1315.75,1368.0,1035.2375000000002,8
15,1.2041484003014757,1.204148400301477,1.2041484003014757,1.0,0.09,0.0,1315.75,1368.0,1035.2375000000002,8
16,1.2041484003014757,1.204148400301477,1.2041484003014757,1.0,0.09,0.0,1315.75,1368.0,1035.2375000000002,8
17,1.2041484003014757,1.204148400301477,1.2041484003014757,1.0,0.09,0.0,1315.75,1368.0,1035.2375000000002,8
18,1.2041484003014757,1.204148400301477,1.2041484003014757,1.0,0.09,0.0,1315.75,1368.0,1035.2375000000002,8
19,1.2041484003014757,1.204148400301477,1.2041484003014757,1.0,0.09,0.0,1315.75,1368.0,1035.2375000000002,8
20,1.2041484003014757,1.204148400301477,1.2041484003014757,1.0,0.09,0.0,1315.75,1368.0,1035.2375000000002,8
21,1.2041484003014757,1.204148400301477,1.2041484003014757,1.0,0.135,0.0,1315.75,1368.0,1035.2375000000002,8
22,1.2041484003014757,1.204148400301477,1.2041484003014757,1.0,0.135,0.0,1315.75,1368.0,1035.2375000000002,8
23,1.2041484003014757,1.204148400301477,1.2041484003014757,1.0,0.135,0.0,1315.75,1368.0,1035.2375000000002,8
24,1.2041484003014757,1.204148400301477,1.2041484003014757,1.0,0.135,0.0,1315.75,1368.0,1035.2375000000002,8
25,1.2041484003014757,1.204148400301477,1.2041484003014757,1.0,0.135,0.0,1315.75,1368.0,1035.2375000000002,8
1,1.3857792316023456,23.003904151480103,91.7271549122411,1.0,0.06,0.45793151642208163,1315.75,1368.0,1035.2375000000002,8
2,1.3857792316023456,9.868189996384755,49.645768062504494,1.0,0.06,0.3324292452830243,1315.75,1368.0,1035.2375000000002,8
3,1.3857792316023456,3.5354047797974095,31.261411807522208,1.0,0.06,0.1781446540880503,1315.75,1368.0,1035.2375000000002,8
4,1.3857792316023456,1.641283608614631,16.674807260804435,1.0,0.06,0.030974842767295598,1315.75,1368.0,1035.2375000000002,8
5,1.3857792316023456,1.3857792316023487,1.3857792316023456,1.0,0.06,0.0,1315.75,1368.0,1035.2375000000002,8
6,1.3857792316023456,1.3857792316023487,1.3857792316023456,1.0,0.06,0.0,1315.75,1368.0,1035.2375000000002,8
7,1.3857792316023456,1.3857792316023487,1.3857792316023456,1.0,0.06,0.0,1315.75,1368.0,1035.2375000000002,8
8,1.3857792316023456,1.3857792316023487,1.3857792316023456,1.0,0.06,0.0,1315.75,1368.0,1035.2375000000002,8
9,1.3857792316023456,1.3857792316023487,1.3857792316023456,1.0,0.06,0.0,1315.75,1368.0,1035.2375000000002,8
10,1.3857792316023456,1.3857792316023487,1.3857792316023456,1.0,0.06,0.0,1315.75,1368.0,1035.2375000000002,8
11,1.3857792316023456,1.3857792316023487,1.3857792316023456,1.0,0.09,0.0,1315.75,1368.0,1035.2375000000002,8
12,1.3857792316023456,1.3857792316023487,1.3857792316023456,1.0,0.09,0.0,1315.75,1368.0,1035.2375000000002,8
13,1.3857792316023456,1.3857792316023487,1.3857792316023456,1.0,0.09,0.0,1315.75,1368.0,1035.2375000000002,8
14,1.3857792316023456,1.3857792316023487,1.3857792316023456,1.0,0.09,0.0,1315.75,1368.0,1035.2375000000002,8
15,1.3857792316023456,1.3857792316023487,1.3857792316023456,1.0,0.09,0.0,1315.75,1368.0,1035.2375000000002,8
16,1.3857792316023456,1.3857792316023487,1.3857792316023456,1.0,0.09,0.0,1315.75,1368.0,1035.2375000000002,8
17,1.3857792316023456,1.3857792316023487,1.3857792316023456,1.0,0.09,0.0,1315.75,1368.0,1035.2375000000002,8
18,1.3857792316023456,1.3857792316023487,1.3857792316023456,1.0,0.09,0.0,1315.75,1368.0,1035.2375000000002,8
19,1.3857792316023456,1.3857792316023487,1.3857792316023456,1.0,0.09,0.0,1315.75,1368.0,1035.2375000000002,8
20,1.3857792316023456,1.3857792316023487,1.3857792316023456,1.0,0.09,0.0,1315.75,1368.0,1035.2375000000002,8
21,1.3857792316023456,1.5638088540561883,29.870518824216447,1.0,0.135,0.0125,1315.75,1368.0,1035.2375000000002,8
22,1.3857792316023456,1.3857792316023487,1.3857792316023456,1.0,0.135,0.0,1315.75,1368.0,1035.2375000000002,8
23,1.3857792316023456,1.3857792316023487,1.3857792316023456,1.0,0.135,0.0,1315.75,1368.0,1035.2375000000002,8
24,1.3857792316023456,1.3857792316023487,1.3857792316023456,1.0,0.135,0.0,1315.75,1368.0,1035.2375000000002,8
25,1.3857792316023456,1.3857792316023487,1.3857792316023456,1.0,0.135,0.0,1315.75,1368.0,1035.2375000000002,8
1,1.3455123365355863,20.72246374933914,85.4683249801211,1.0,0.06,0.41918238993709384,1315.75,1368.0,1035.2375000000002,8
2,1.3455123365355863,9.637227243708065,49.16281664895656,1.0,0.06,0.3478773584905554,1315.75,1368.0,1035.2375000000002,8
3,1.3455123365355863,3.617913886178504,34.9028451165399,1.0,0.06,0.15306603773585073,1315.75,1368.0,1035.2375000000002,8
4,1.3455123365355863,1.575488753560169,14.30615671074493,1.0,0.06,0.029035639412997822,1315.75,1368.0,1035.2375000000002,8
5,1.3455123365355863,1.3455123365355897,1.3455123365355863,1.0,0.06,0.0,1315.75,1368.0,1035.2375000000002,8
6,1.3455123365355863,1.3455123365355897,1.3455123365355863,1.0,0.06,0.0,1315.75,1368.0,1035.2375000000002,8
7,1.3455123365355863,1.3455123365355897,1.3455123365355863,1.0,0.06,0.0,1315.75,1368.0,1035.2375000000002,8
8,1.3455123365355863,1.3455123365355897,1.3455123365355863,1.0,0.06,0.0,1315.75,1368.0,1035.2375000000002,8
9,1.3455123365355863,1.3455123365355897,1.3455123365355863,1.0,0.06,0.0,1315.75,1368.0,1035.2375000000002,8
10,1.3455123365355863,1.3455123365355897,1.3455123365355863,1.0,0.06,0.0,1315.75,1368.0,1035.2375000000002,8
11,1.3455123365355863,1.3455123365355897,1.3455123365355863,1.0,0.09,0.0,1315.75,1368.0,1035.2375000000002,8
12,1.3455123365355863,1.3455123365355897,1.3455123365355863,1.0,0.09,0.0,1315.75,1368.0,1035.2375000000002,8
13,1.3455123365355863,1.3455123365355897,1.3455123365355863,1.0,0.09,0.0,1315.75,1368.0,1035.2375000000002,8
14,1.3455123365355863,1.3455123365355897,1.3455123365355863,1.0,0.09,0.0,1315.75,1368.0,1035.2375000000002,8
15,1.3455123365355863,1.3455123365355897,1.3455123365355863,1.0,0.09,0.0,1315.75,1368.0,1035.2375000000002,8
16,1.3455123365355863,1.3455123365355897,1.3455123365355863,1.0,0.09,0.0,1315.75,1368.0,1035.2375000000002,8
17,1.3455123365355863,1.3455123365355897,1.3455123365355863,1.0,0.09,0.0,1315.75,1368.0,1035.2375000000002,8
18,1.3455123365355863,1.3455123365355897,1.3455123365355863,1.0,0.09,0.0,1315.75,1368.0,1035.2375000000002,8
19,1.3455123365355863,1.3455123365355897,1.3455123365355863,1.0,0.09,0.0,1315.75,1368.0,1035.2375000000002,8
20,1.3455123365355863,1.3455123365355897,1.3455123365355863,1.0,0.09,0.0,1315.75,1368.0,1035.2375000000002,8
21,1.3455123365355863,1.3455123365355897,1.3455123365355863,1.0,0.135,0.0,1315.75,1368.0,1035.2375000000002,8
22,1.3455123365355863,1.3455123365355897,1.3455123365355863,1.0,0.135,0.0,1315.75,1368.0,1035.2375000000002,8
23,1.3455123365355863,1.3455123365355897,1.3455123365355863,1.0,0.135,0.0,1315.75,1368.0,1035.2375000000002,8
24,1.3455123365355863,1.3455123365355897,1.3455123365355863,1.0,0.135,0.0,1315.75,1368.0,1035.2375000000002,8
25,1.3455123365355863,3.0306810561269057,50.75346086223742,1.0,0.135,0.11768867924528344,1315.75,1368.0,1035.2375000000002,8
1,1.4763137884174622,20.376729328460858,79.55059456046209,1.0,0.06,0.4078791055206065,1315.75,1368.0,1035.2375000000002,8
2,1.4763137884174622,10.451644305069212,51.4516871143797,1.0,0.06,0.3562368972746352,1315.75,1368.0,1035.2375000000002,8
3,1.4763137884174622,3.9208616568241688,32.70187858062141,1.0,0.06,0.19103773584905662,1315.75,1368.0,1035.2375000000002,8
4,1.4763137884174622,1.838675620370076,16.572149964516832,1.0,0.06,0.06124213836477892,1315.75,1368.0,1035.2375000000002,8
5,1.4763137884174622,1.4763137884174586,1.4763137884174622,1.0,0.06,0.0,1315.75,1368.0,1035.2375000000002,8
6,1.4763137884174622,1.4763137884174586,1.4763137884174622,1.0,0.06,0.0,1315.75,1368.0,1035.2375000000002,8
7,1.4763137884174622,1.4763137884174586,1.4763137884174622,1.0,0.06,0.0,1315.75,1368.0,1035.2375000000002,8
8,1.4763137884174622,1.4763137884174586,1.4763137884174622,1.0,0.06,0.0,1315.75,1368.0,1035.2375000000002,8
9,1.4763137884174622,1.4763137884174586,1.4763137884174622,1.0,0.06,0.0,1315.75,1368.0,1035.2375000000002,8
10,1.4763137884174622,1.4763137884174586,1.4763137884174622,1.0,0.06,0.0,1315.75,1368.0,1035.2375000000002,8
11,1.4763137884174622,1.4763137884174586,1.4763137884174622,1.0,0.09,0.0,1315.75,1368.0,1035.2375000000002,8
12,1.4763137884174622,1.4763137884174586,1.4763137884174622,1.0,0.09,0.0,1315.75,1368.0,1035.2375000000002,8
13,1.4763137884174622,1.4763137884174586,1.4763137884174622,1.0,0.09,0.0,1315.75,1368.0,1035.2375000000002,8
14,1.4763137884174622,1.4763137884174586,1.4763137884174622,1.0,0.09,0.0,1315.75,1368.0,1035.2375000000002,8
15,1.4763137884174622,1.4763137884174586,1.4763137884174622,1.0,0.09,0.0,1315.75,1368.0,1035.2375000000002,8
16,1.4763137884174622,1.4763137884174586,1.4763137884174622,1.0,0.09,0.0,1315.75,1368.0,1035.2375000000002,8
17,1.4763137884174622,1.4763137884174586,1.4763137884174622,1.0,0.09,0.0,1315.75,1368.0,1035.2375000000002,8
18,1.4763137884174622,1.4763137884174586,1.4763137884174622,1.0,0.09,0.0,1315.75,1368.0,1035.2375000000002,8
19,1.4763137884174622,1.4763137884174586,1.4763137884174622,1.0,0.09,0.0,1315.75,1368.0,1035.2375000000002,8
20,1.4763137884174622,1.4763137884174586,1.4763137884174622,1.0,0.09,0.0,1315.75,1368.0,1035.2375000000002,8
21,1.4763137884174622,1.4763137884174586,1.4763137884174622,1.0,0.135,0.0,1315.75,1368.0,1035.2375000000002,8
22,1.4763137884174622,1.4763137884174586,1.4763137884174622,1.0,0.135,0.0,1315.75,1368.0,1035.2375000000002,8
23,1.4763137884174622,1.4763137884174586,1.4763137884174622,1.0,0.135,0.0,1315.75,1368.0,1035.2375000000002,8
24,1.4763137884174622,1.4763137884174586,1.4763137884174622,1.0,0.135,0.0,1315.75,1368.0,1035.2375000000002,8
25,1.4763137884174622,4.721349713613385,57.75200739536575,1.0,0.135,0.14033018867924443,1315.75,1368.0,1035.2375000000002,8
1,1.6529883255707094,22.167755728558884,82.91434652249993,1.0,0.06,0.42619671558350036,1315.75,1368.0,1035.2375000000002,8
2,1.6529883255707094,8.581388915497437,45.856630675381,1.0,0.06,0.3284984276729635,1315.75,1368.0,1035.2375000000002,8
3,1.6529883255707094,3.722118288079924,41.196109208005055,1.0,0.06,0.14847484276728828,1315.75,1368.0,1035.2375000000002,8
4,1.6529883255707094,1.8334033707976747,16.13285200600193,1.0,0.06,0.0199528301886792,1315.75,1368.0,1035.2375000000002,8
5,1.6529883255707094,1.6529883255707059,1.6529883255707094,1.0,0.06,0.0,1315.75,1368.0,1035.2375000000002,8
6,1.6529883255707094,1.6529883255707059,1.6529883255707094,1.0,0.06,0.0,1315.75,1368.0,1035.2375000000002,8
7,1.6529883255707094,1.6529883255707059,1.6529883255707094,1.0,0.06,0.0,1315.75,1368.0,1035.2375000000002,8
8,1.6529883255707094,1.6529883255707059,1.6529883255707094,1.0,0.06,0.0,1315.75,1368.0,1035.2375000000002,8
9,1.6529883255707094,1.6529883255707059,1.6529883255707094,1.0,0.06,0.0,1315.75,1368.0,1035.2375000000002,8
10,1.6529883255707094,1.6529883255707059,1.6529883255707094,1.0,0.06,0.0,1315.75,1368.0,1035.2375000000002,8
11,1.6529883255707094,1.6529883255707059,1.6529883255707094,1.0,0.09,0.0,1315.75,1368.0,1035.2375000000002,8
12,1.6529883255707094,1.6529883255707059,1.6529883255707094,1.0,0.09,0.0,1315.75,1368.0,1035.2375000000002,8
13,1.6529883255707094,1.6529883255707059,1.6529883255707094,1.0,0.09,0.0,1315.75,1368.0,1035.2375000000002,8
14,1.6529883255707094,1.6529883255707059,1.6529883255707094,1.0,0.09,0.0,1315.75,1368.0,1035.2375000000002,8
15,1.6529883255707094,1.6529883255707059,1.6529883255707094,1.0,0.09,0.0,1315.75,1368.0,1035.2375000000002,8
16,1.6529883255707094,1.6529883255707059,1.6529883255707094,1.0,0.09,0.0,1315.75,1368.0,1035.2375000000002,8
17,1.6529883255707094,1.6529883255707059,1.6529883255707094,1.0,0.09,0.0,1315.75,1368.0,1035.2375000000002,8
18,1.6529883255707094,1.6529883255707059,1.6529883255707094,1.0,0.09,0.0,1315.75,1368.0,1035.2375000000002,8
19,1.6529883255707094,1.6529883255707059,1.6529883255707094,1.0,0.09,0.0,1315.75,1368.0,1035.2375000000002,8
20,1.6529883255707094,1.6529883255707059,1.6529883255707094,1.0,0.09,0.0,1315.75,1368.0,1035.2375000000002,8
21,1.6529883255707094,1.6529883255707059,1.6529883255707094,1.0,0.135,0.0,1315.75,1368.0,1035.2375000000002,8
22,1.6529883255707094,1.6529883255707059,1.6529883255707094,1.0,0.135,0.0,1315.75,1368.0,1035.2375000000002,8
23,1.6529883255707094,1.6529883255707059,1.6529883255707094,1.0,0.135,0.0,1315.75,1368.0,1035.2375000000002,8
24,1.6529883255707094,1.6529883255707059,1.6529883255707094,1.0,0.135,0.0,1315.75,1368.0,1035.2375000000002,8
25,1.6529883255707094,5.663847247243135,72.495493414183,1.0,0.135,0.15717654986522256,1315.75,1368.0,1035.2375000000002,8
1,4.2344964627565,23.738938403776164,96.54542132714033,1.0,0.06,0.4065408805031479,1315.75,1368.0,1035.2375000000002,8
2,4.2344964627565,10.549551322514544,52.678770149122364,1.0,0.06,0.28279424977538614,1315.75,1368.0,1035.2375000000002,8
3,4.2344964627565,5.817503602479547,36.40197956950101,1.0,0.06,0.1279649595687273,1315.75,1368.0,1035.2375000000002,8
4,4.2344964627565,4.247285775672415,6.280786529301733,1.0,0.06,0.10738993710691824,1315.75,1368.0,1035.2375000000002,8
5,4.2344964627565,4.234496462756508,4.2344964627565,1.0,0.06,0.13962264150943396,1315.75,1368.0,1035.2375000000002,8
6,4.2344964627565,4.234496462756508,4.2344964627565,1.0,0.06,0.16069182389937106,1315.75,1368.0,1035.2375000000002,8
7,4.2344964627565,4.234496462756508,4.2344964627565,1.0,0.06,0.2106132075471698,1315.75,1368.0,1035.2375000000002,8
8,4.2344964627565,4.234496462756508,4.2344964627565,1.0,0.06,0.25660377358490566,1315.75,1368.0,1035.2375000000002,8
9,4.2344964627565,4.234496462756508,4.2344964627565,1.0,0.06,0.2477201257861635,1315.75,1368.0,1035.2375000000002,8
10,4.2344964627565,4.234496462756508,4.2344964627565,1.0,0.06,0.2653301886792453,1315.75,1368.0,1035.2375000000002,8
11,4.2344964627565,4.234496462756508,4.2344964627565,1.0,0.09,0.19111635220125786,1315.75,1368.0,1035.2375000000002,8
12,4.2344964627565,4.234496462756508,4.2344964627565,1.0,0.09,0.15023584905660378,1315.75,1368.0,1035.2375000000002,8
13,4.2344964627565,4.234496462756508,4.2344964627565,1.0,0.09,0.16069182389937106,1315.75,1368.0,1035.2375000000002,8
14,4.2344964627565,4.234496462756508,4.2344964627565,1.0,0.09,0.1811320754716981,1315.75,1368.0,1035.2375000000002,8
15,4.2344964627565,4.234496462756508,4.2344964627565,1.0,0.09,0.1811320754716981,1315.75,1368.0,1035.2375000000002,8
16,4.2344964627565,4.234496462756508,4.2344964627565,1.0,0.09,0.16069182389937106,1315.75,1368.0,1035.2375000000002,8
17,4.2344964627565,4.234496462756508,4.2344964627565,1.0,0.09,0.1179245283018868,1315.75,1368.0,1035.2375000000002,8
18,4.2344964627565,4.234496462756508,4.2344964627565,1.0,0.09,0.13962264150943396,1315.75,1368.0,1035.2375000000002,8
19,4.2344964627565,4.234496462756508,4.2344964627565,1.0,0.09,0.12885220125786165,1315.75,1368.0,1035.2375000000002,8
20,4.2344964627565,4.234496462756508,4.2344964627565,1.0,0.09,0.10683962264150944,1315.75,1368.0,1035.2375000000002,8
21,4.2344964627565,4.234496462756508,4.2344964627565,1.0,0.135,0.1179245283018868,1315.75,1368.0,1035.2375000000002,8
22,4.2344964627565,4.234496462756508,4.2344964627565,1.0,0.135,0.19111635220125786,1315.75,1368.0,1035.2375000000002,8
23,4.2344964627565,4.234496462756508,4.2344964627565,1.0,0.135,0.22012578616352202,1315.75,1368.0,1035.2375000000002,8
24,4.2344964627565,4.234496462756508,4.2344964627565,1.0,0.135,0.2106132075471698,1315.75,1368.0,1035.2375000000002,8
25,4.2344964627565,6.7850018571265664,43.66697478486149,1.0,0.135,0.21742138364780023,1315.75,1368.0,1035.2375000000002,8
1,1.234461704976776,22.889252990371777,111.4036034595427,1.0,0.06,0.4060927672955917,1315.75,1368.0,1035.2375000000002,8
2,1.234461704976776,9.504394501348294,67.94735938698994,1.0,0.06,0.2775831087151786,1315.75,1368.0,1035.2375000000002,8
3,1.234461704976776,3.607237910853942,27.538631196343776,1.0,0.06,0.1683569182389937,1315.75,1368.0,1035.2375000000002,8
4,1.234461704976776,1.9193254961119137,10.730973806382982,1.0,0.06,0.08848270440251572,1315.75,1368.0,1035.2375000000002,8
5,1.234461704976776,1.7890732822507203,1.8869459135343531,1.0,0.06,0.25660377358490566,1315.75,1368.0,1035.2375000000002,8
6,1.234461704976776,1.695278677270568,1.8869459135343531,1.0,0.06,0.4175314465408805,1315.75,1368.0,1035.2375000000002,8
7,1.234461704976776,1.548469730345113,1.8869459135343531,1.0,0.06,0.502437106918239,1315.75,1368.0,1035.2375000000002,8
8,1.234461704976776,1.369036572991779,1.8869459135343531,1.0,0.06,0.3294811320754717,1315.75,1368.0,1035.2375000000002,8
9,1.234461704976776,1.2466957838872332,1.8869459135343531,1.0,0.06,0.03702830188679245,1315.75,1368.0,1035.2375000000002,8
10,1.234461704976776,1.2344617049767788,1.234461704976776,1.0,0.06,0.0,1315.75,1368.0,1035.2375000000002,8
11,1.234461704976776,1.2746916711290806,7.671256289345071,1.0,0.09,0.0125,1315.75,1368.0,1035.2375000000002,8
12,1.234461704976776,1.2344617049767788,1.234461704976776,1.0,0.09,0.0,1315.75,1368.0,1035.2375000000002,8
13,1.234461704976776,1.2344617049767788,1.234461704976776,1.0,0.09,0.0,1315.75,1368.0,1035.2375000000002,8
14,1.234461704976776,1.2344617049767788,1.234461704976776,1.0,0.09,0.0,1315.75,1368.0,1035.2375000000002,8
15,1.234461704976776,1.2344617049767788,1.234461704976776,1.0,0.09,0.0,1315.75,1368.0,1035.2375000000002,8
16,1.234461704976776,1.2344617049767788,1.234461704976776,1.0,0.09,0.0,1315.75,1368.0,1035.2375000000002,8
17,1.234461704976776,1.2344617049767788,1.234461704976776,1.0,0.09,0.0,1315.75,1368.0,1035.2375000000002,8
18,1.234461704976776,1.2344617049767788,1.234461704976776,1.0,0.09,0.0,1315.75,1368.0,1035.2375000000002,8
19,1.234461704976776,1.2344617049767788,1.234461704976776,1.0,0.09,0.0,1315.75,1368.0,1035.2375000000002,8
20,1.234461704976776,1.2344617049767788,1.234461704976776,1.0,0.09,0.0,1315.75,1368.0,1035.2375000000002,8
21,1.234461704976776,1.2344617049767788,1.234461704976776,1.0,0.135,0.0,1315.75,1368.0,1035.2375000000002,8
22,1.234461704976776,1.2344617049767788,1.234461704976776,1.0,0.135,0.0,1315.75,1368.0,1035.2375000000002,8
23,1.234461704976776,1.2344617049767788,1.234461704976776,1.0,0.135,0.0,1315.75,1368.0,1035.2375000000002,8
24,1.234461704976776,1.2344617049767788,1.234461704976776,1.0,0.135,0.0,1315.75,1368.0,1035.2375000000002,8
25,1.234461704976776,1.2344617049767788,1.234461704976776,1.0,0.135,0.0,1315.75,1368.0,1035.2375000000002,8
1,1.0598999221182788,20.624711962079708,109.39952549908897,1.0,0.06,0.2578773584905942,1315.75,1368.0,1035.2375000000002,8
2,1.0598999221182788,8.690946180270029,65.10346369548338,1.0,0.06,0.270137017070976,1315.75,1368.0,1035.2375000000002,8
3,1.0598999221182788,3.019429344921529,26.72186256306722,1.0,0.06,0.13278301886793162,1315.75,1368.0,1035.2375000000002,8
4,1.0598999221182788,1.1718042938297908,12.729582601509788,1.0,0.06,0.028957023060796578,1315.75,1368.0,1035.2375000000002,8
5,1.0598999221182788,1.0598999221182805,1.0598999221182788,1.0,0.06,0.0,1315.75,1368.0,1035.2375000000002,8
6,1.0598999221182788,1.0598999221182805,1.0598999221182788,1.0,0.06,0.0,1315.75,1368.0,1035.2375000000002,8
7,1.0598999221182788,1.0598999221182805,1.0598999221182788,1.0,0.06,0.0,1315.75,1368.0,1035.2375000000002,8
8,1.0598999221182788,1.0598999221182805,1.0598999221182788,1.0,0.06,0.0,1315.75,1368.0,1035.2375000000002,8
9,1.0598999221182788,1.0598999221182805,1.0598999221182788,1.0,0.06,0.0,1315.75,1368.0,1035.2375000000002,8
10,1.0598999221182788,1.0598999221182805,1.0598999221182788,1.0,0.06,0.0,1315.75,1368.0,1035.2375000000002,8
11,1.0598999221182788,1.0598999221182805,1.0598999221182788,1.0,0.09,0.0,1315.75,1368.0,1035.2375000000002,8
12,1.0598999221182788,1.0598999221182805,1.0598999221182788,1.0,0.09,0.0,1315.75,1368.0,1035.2375000000002,8
13,1.0598999221182788,1.0598999221182805,1.0598999221182788,1.0,0.09,0.0,1315.75,1368.0,1035.2375000000002,8
14,1.0598999221182788,1.0598999221182805,1.0598999221182788,1.0,0.09,0.0,1315.75,1368.0,1035.2375000000002,8
15,1.0598999221182788,1.0598999221182805,1.0598999221182788,1.0,0.09,0.0,1315.75,1368.0,1035.2375000000002,8
16,1.0598999221182788,1.0598999221182805,1.0598999221182788,1.0,0.09,0.0,1315.75,1368.0,1035.2375000000002,8
17,1.0598999221182788,1.0598999221182805,1.0598999221182788,1.0,0.09,0.0,1315.75,1368.0,1035.2375000000002,8
18,1.0598999221182788,1.0598999221182805,1.0598999221182788,1.0,0.09,0.0,1315.75,1368.0,1035.2375000000002,8
19,1.0598999221182788,1.0598999221182805,1.0598999221182788,1.0,0.09,0.0,1315.75,1368.0,1035.2375000000002,8
20,1.0598999221182788,1.0598999221182805,1.0598999221182788,1.0,0.09,0.0,1315.75,1368.0,1035.2375000000002,8
21,1.0598999221182788,1.0598999221182805,1.0598999221182788,1.0,0.135,0.0,1315.75,1368.0,1035.2375000000002,8
22,1.0598999221182788,1.0598999221182805,1.0598999221182788,1.0,0.135,0.0,1315.75,1368.0,1035.2375000000002,8
23,1.0598999221182788,1.0598999221182805,1.0598999221182788,1.0,0.135,0.0,1315.75,1368.0,1035.2375000000002,8
24,1.0598999221182788,1.0598999221182805,1.0598999221182788,1.0,0.135,0.0,1315.75,1368.0,1035.2375000000002,8
25,1.0598999221182788,3.694872092625946,42.91538264340935,1.0,0.135,0.16662735849056604,1315.75,1368.0,1035.2375000000002,8
0.1868514150943396
30724,ga.best,1.0598999221182788
30724,ga.avg,1.3299697407748385
30724,ga.worst,18.301065393440936
30724,ga.feasible,1.0
30724,ga.mutationRate,0.06
30724,ga.diversity,0.029009433962264033
30724,ga.best,1.0598999221182788
30724,ga.avg,1.0598999221182805
30724,ga.worst,1.0598999221182788
30724,ga.feasible,1.0
30724,ga.mutationRate,0.06
30724,ga.diversity,0.0
30724,ga.best,1.0598999221182788
30724,ga.avg,1.0598999221182805
30724,ga.worst,1.0598999221182788
30724,ga.feasible,1.0
30724,ga.mutationRate,0.06
30724,ga.diversity,0.0
30724,ga.best,1.0598999221182788
30724,ga.avg,1.0598999221182805
30724,ga.worst,1.0598999221182788
30724,ga.feasible,1.0
30724,ga.mutationRate,0.06
30724,ga.diversity,0.0
30724,ga.best,1.0598999221182788
30724,ga.avg,1.0598999221182805
30724,ga.worst,1.0598999221182788
30724,ga.feasible,1.0
30724,ga.mutationRate,0.06
30724,ga.diversity,0.0
30724,ga.best,1.0598999221182788
30724,ga.avg,1.0598999221182805
30724,ga.worst,1.0598999221182788
30724,ga.feasible,1.0
30724,ga.mutationRate,0.06
30724,ga.diversity,0.0
30724,ga.best,1.0598999221182788
30724,ga.avg,1.0598999221182805
30724,ga.worst,1.0598999221182788
30724,ga.feasible,1.0
30724,ga.mutationRate,0.06
30724,ga.diversity,0.0
30724,ga.best,1.0598999221182788
30724,ga.avg,1.0598999221182805
30724,ga.worst,1.0598999221182788
30724,ga.feasible,1.0
30724,ga.mutationRate,0.09
30724,ga.diversity,0.0
30724,ga.best,1.0598999221182788
30724,ga.avg,1.0598999221182805
30724,ga.worst,1.0598999221182788
30724,ga.feasible,1.0
30724,ga.mutationRate,0.09
30724,ga.diversity,0.0
30724,ga.best,1.0598999221182788
30724,ga.avg,1.0598999221182805
30724,ga.worst,1.0598999221182788
30724,ga.feasible,1.0
30724,ga.mutationRate,0.09
30724,ga.diversity,0.0
30724,ga.best,1.0598999221182788
30724,ga.avg,1.0598999221182805
30724,ga.worst,1.0598999221182788
30724,ga.feasible,1.0
30724,ga.mutationRate,0.09
30724,ga.diversity,0.0
30724,ga.best,1.0598999221182788
30724,ga.avg,1.0598999221182805
30724,ga.worst,1.0598999221182788
30724,ga.feasible,1.0
30724,ga.mutationRate,0.09
30724,ga.diversity,0.0
30724,ga.best,1.0598999221182788
30724,ga.avg,1.0598999221182805
30724,ga.worst,1.0598999221182788
30724,ga.feasible,1.0
30724,ga.mutationRate,0.09
30724,ga.diversity,0.0
30724,ga.best,1.0598999221182788
30724,ga.avg,1.0598999221182805
30724,ga.worst,1.0598999221182788
30724,ga.feasible,1.0
30724,ga.mutationRate,0.09
30724,ga.diversity,0.0
30724,ga.best,1.0598999221182788
30724,ga.avg,1.0598999221182805
30724,ga.worst,1.0598999221182788
30724,ga.feasible,1.0
30724,ga.mutationRate,0.09
30724,ga.diversity,0.0
30724,ga.best,1.0598999221182788
30724,ga.avg,1.0598999221182805
30724,ga.worst,1.0598999221182788
30724,ga.feasible,1.0
30724,ga.mutationRate,0.09
30724,ga.diversity,0.0
30724,ga.best,1.0598999221182788
30724,ga.avg,1.0598999221182805
30724,ga.worst,1.0598999221182788
30724,ga.feasible,1.0
30724,ga.mutationRate,0.09
30724,ga.diversity,0.0
30724,ga.best,1.0598999221182788
30724,ga.avg,1.0598999221182805
30724,ga.worst,1.0598999221182788
30724,ga.feasible,1.0
30724,ga.mutationRate,0.135
30724,ga.diversity,0.0
30724,ga.best,1.0598999221182788
30724,ga.avg,1.0598999221182805
30724,ga.worst,1.0598999221182788
30724,ga.feasible,1.0
30724,ga.mutationRate,0.135
30724,ga.diversity,0.0
30724,ga.best,1.0598999221182788
30724,ga.avg,1.0598999221182805
30724,ga.worst,1.0598999221182788
30724,ga.feasible,1.0
30724,ga.mutationRate,0.135
30724,ga.diversity,0.0
30724,ga.best,1.0598999221182788
30724,ga.avg,1.0598999221182805
30724,ga.worst,1.0598999221182788
30724,ga.feasible,1.0
30724,ga.mutationRate,0.135
30724,ga.diversity,0.0
30724,ga.best,1.0598999221182788
30724,ga.avg,3.349542349885575
30724,ga.worst,44.34069263854419
30724,ga.feasible,1.0
30724,ga.mutationRate,0.135
30724,ga.diversity,0.11069182389937345
30809,pedido_asignado,176.0
30809,ga.best,2.321622037666095
30809,ga.avg,22.562479766888828
30809,ga.worst,88.22829234614397
30809,ga.feasible,1.0
30809,ga.mutationRate,0.06
30809,ga.diversity,0.43895877009083456
30809,ga.best,2.321622037666095
30809,ga.avg,10.61605763891745
30809,ga.worst,54.882074732526405
30809,ga.feasible,1.0
30809,ga.mutationRate,0.06
30809,ga.diversity,0.3151729559748395
30809,ga.best,2.321622037666095
30809,ga.avg,4.634667423870966
30809,ga.worst,26.08390138621738
30809,ga.feasible,1.0
30809,ga.mutationRate,0.06
30809,ga.diversity,0.2094929245283019
30809,ga.best,2.321622037666095
30809,ga.avg,2.467240346431071
30809,ga.worst,13.425326816916828
30809,ga.feasible,1.0
30809,ga.mutationRate,0.06
30809,ga.diversity,0.04127358490566054
30809,ga.best,2.321622037666095
30809,ga.avg,2.32162203766609
30809,ga.worst,2.321622037666095
30809,ga.feasible,1.0
30809,ga.mutationRate,0.06
30809,ga.diversity,0.0
30809,ga.best,2.321622037666095
30809,ga.avg,2.32162203766609
30809,ga.worst,2.321622037666095
30809,ga.feasible,1.0
30809,ga.mutationRate,0.06
30809,ga.diversity,0.0
30809,ga.best,2.321622037666095
30809,ga.avg,2.32162203766609
30809,ga.worst,2.321622037666095
30809,ga.feasible,1.0
30809,ga.mutationRate,0.06
30809,ga.diversity,0.0
30809,ga.best,2.321622037666095
30809,ga.avg,2.32162203766609
30809,ga.worst,2.321622037666095
30809,ga.feasible,1.0
30809,ga.mutationRate,0.06
30809,ga.diversity,0.0
30809,ga.best,2.321622037666095
30809,ga.avg,2.32162203766609
30809,ga.worst,2.321622037666095
30809,ga.feasible,1.0
30809,ga.mutationRate,0.06
30809,ga.diversity,0.0
30809,ga.best,2.321622037666095
30809,ga.avg,2.32162203766609
30809,ga.worst,2.321622037666095
30809,ga.feasible,1.0
30809,ga.mutationRate,0.06
30809,ga.diversity,0.0
30809,ga.best,2.321622037666095
30809,ga.avg,2.32162203766609
30809,ga.worst,2.321622037666095
30809,ga.feasible,1.0
30809,ga.mutationRate,0.09
30809,ga.diversity,0.0
30809,ga.best,2.321622037666095
30809,ga.avg,2.32162203766609
30809,ga.worst,2.321622037666095
30809,ga.feasible,1.0
30809,ga.mutationRate,0.09
30809,ga.diversity,0.0
30809,ga.best,2.321622037666095
30809,ga.avg,2.32162203766609
30809,ga.worst,2.321622037666095
30809,ga.feasible,1.0
30809,ga.mutationRate,0.09
30809,ga.diversity,0.0
30809,ga.best,2.321622037666095
30809,ga.avg,2.32162203766609
30809,ga.worst,2.321622037666095
30809,ga.feasible,1.0
30809,ga.mutationRate,0.09
30809,ga.diversity,0.0
30809,ga.best,2.321622037666095
30809,ga.avg,2.32162203766609
30809,ga.worst,2.321622037666095
30809,ga.feasible,1.0
30809,ga.mutationRate,0.09
30809,ga.diversity,0.0
30809,ga.best,2.321622037666095
30809,ga.avg,2.32162203766609
30809,ga.worst,2.321622037666095
30809,ga.feasible,1.0
30809,ga.mutationRate,0.09
30809,ga.diversity,0.0
30809,ga.best,2.321622037666095
30809,ga.avg,2.32162203766609
30809,ga.worst,2.321622037666095
30809,ga.feasible,1.0
30809,ga.mutationRate,0.09
30809,ga.diversity,0.0
30809,ga.best,2.321622037666095
30809,ga.avg,2.32162203766609
30809,ga.worst,2.321622037666095
30809,ga.feasible,1.0
30809,ga.mutationRate,0.09
30809,ga.diversity,0.0
30809,ga.best,2.321622037666095
30809,ga.avg,2.32162203766609
30809,ga.worst,2.321622037666095
30809,ga.feasible,1.0
30809,ga.mutationRate,0.09
30809,ga.diversity,0.0
30809,ga.best,2.321622037666095
30809,ga.avg,2.32162203766609
30809,ga.worst,2.321622037666095
30809,ga.feasible,1.0
30809,ga.mutationRate,0.09
30809,ga.diversity,0.0
30809,ga.best,2.321622037666095
30809,ga.avg,2.32162203766609
30809,ga.worst,2.321622037666095
30809,ga.feasible,1.0
30809,ga.mutationRate,0.135
30809,ga.diversity,0.0
30809,ga.best,2.321622037666095
30809,ga.avg,2.32162203766609
30809,ga.worst,2.321622037666095
30809,ga.feasible,1.0
30809,ga.mutationRate,0.135
30809,ga.diversity,0.0
30809,ga.best,2.321622037666095
30809,ga.avg,2.32162203766609
30809,ga.worst,2.321622037666095
30809,ga.feasible,1.0
30809,ga.mutationRate,0.135
30809,ga.diversity,0.0
30809,ga.best,2.321622037666095
30809,ga.avg,2.32162203766609
30809,ga.worst,2.321622037666095
30809,ga.feasible,1.0
30809,ga.mutationRate,0.135
30809,ga.diversity,0.0
30809,ga.best,2.321622037666095
30809,ga.avg,4.745714153442031
30809,ga.worst,42.043554130728815
30809,ga.feasible,1.0
30809,ga.mutationRate,0.135
30809,ga.diversity,0.09379804332634116
31474,pedido_asignado,177.0
31474,ga.best,3.098215494419763
31474,ga.avg,21.989923039378557
31474,ga.worst,71.4109898245372
31474,ga.feasible,1.0
31474,ga.mutationRate,0.06
31474,ga.diversity,0.4715998427672956
31474,ga.best,3.098215494419763
31474,ga.avg,10.15533402455517
31474,ga.worst,45.62097563815961
31474,ga.feasible,1.0
31474,ga.mutationRate,0.06
31474,ga.diversity,0.40437106918240207
31474,ga.best,3.098215494419763
31474,ga.avg,5.100689191119191
31474,ga.worst,34.32031503496787
31474,ga.feasible,1.0
31474,ga.mutationRate,0.06
31474,ga.diversity,0.18106918238993477
31474,ga.best,3.098215494419763
31474,ga.avg,3.2959422312041537
31474,ga.worst,13.16347703599238
31474,ga.feasible,1.0
31474,ga.mutationRate,0.06
31474,ga.diversity,0.07936320754716981
31474,ga.best,3.098215494419763
31474,ga.avg,3.0982154944197724
31474,ga.worst,3.098215494419763
31474,ga.feasible,1.0
31474,ga.mutationRate,0.06
31474,ga.diversity,0.0
31474,ga.best,3.098215494419763
31474,ga.avg,3.0982154944197724
31474,ga.worst,3.098215494419763
31474,ga.feasible,1.0
31474,ga.mutationRate,0.06
31474,ga.diversity,0.0
31474,ga.best,3.098215494419763
31474,ga.avg,3.0982154944197724
31474,ga.worst,3.098215494419763
31474,ga.feasible,1.0
31474,ga.mutationRate,0.06
31474,ga.diversity,0.0
31474,ga.best,3.098215494419763
31474,ga.avg,3.0982154944197724
31474,ga.worst,3.098215494419763
31474,ga.feasible,1.0
31474,ga.mutationRate,0.06
31474,ga.diversity,0.0
31474,ga.best,3.098215494419763
31474,ga.avg,3.0982154944197724
31474,ga.worst,3.098215494419763
31474,ga.feasible,1.0
31474,ga.mutationRate,0.06
31474,ga.diversity,0.0
31474,ga.best,3.098215494419763
31474,ga.avg,3.0982154944197724
31474,ga.worst,3.098215494419763
31474,ga.feasible,1.0
31474,ga.mutationRate,0.06
31474,ga.diversity,0.0
31474,ga.best,3.098215494419763
31474,ga.avg,3.0982154944197724
31474,ga.worst,3.098215494419763
31474,ga.feasible,1.0
31474,ga.mutationRate,0.09
31474,ga.diversity,0.0
31474,ga.best,3.098215494419763
31474,ga.avg,3.0982154944197724
31474,ga.worst,3.098215494419763
31474,ga.feasible,1.0
31474,ga.mutationRate,0.09
31474,ga.diversity,0.0
31474,ga.best,3.098215494419763
31474,ga.avg,3.0982154944197724
31474,ga.worst,3.098215494419763
31474,ga.feasible,1.0
31474,ga.mutationRate,0.09
31474,ga.diversity,0.0
31474,ga.best,3.098215494419763
31474,ga.avg,3.0982154944197724
31474,ga.worst,3.098215494419763
31474,ga.feasible,1.0
31474,ga.mutationRate,0.09
31474,ga.diversity,0.0
31474,ga.best,3.098215494419763
31474,ga.avg,3.0982154944197724
31474,ga.worst,3.098215494419763
31474,ga.feasible,1.0
31474,ga.mutationRate,0.09
31474,ga.diversity,0.0
31474,ga.best,3.098215494419763
31474,ga.avg,3.0982154944197724
31474,ga.worst,3.098215494419763
31474,ga.feasible,1.0
31474,ga.mutationRate,0.09
31474,ga.diversity,0.0
31474,ga.best,3.098215494419763
31474,ga.avg,3.0982154944197724
31474,ga.worst,3.098215494419763
31474,ga.feasible,1.0
31474,ga.mutationRate,0.09
31474,ga.diversity,0.0
31474,ga.best,3.098215494419763
31474,ga.avg,3.0982154944197724
31474,ga.worst,3.098215494419763
31474,ga.feasible,1.0
31474,ga.mutationRate,0.09
31474,ga.diversity,0.0
31474,ga.best,3.098215494419763
31474,ga.avg,3.0982154944197724
31474,ga.worst,3.098215494419763
31474,ga.feasible,1.0
31474,ga.mutationRate,0.09
31474,ga.diversity,0.0
31474,ga.best,3.098215494419763
31474,ga.avg,3.0982154944197724
31474,ga.worst,3.098215494419763
31474,ga.feasible,1.0
31474,ga.mutationRate,0.09
31474,ga.diversity,0.0
31474,ga.best,2.242716806282159
31474,ga.avg,3.15059170317699
31474,ga.worst,14.044904959987425
31474,ga.feasible,1.0
31474,ga.mutationRate,0.135
31474,ga.diversity,0.03089622641509434
31474,ga.best,2.242716806282159
31474,ga.avg,3.0607874268137514
31474,ga.worst,3.098215494419763
31474,ga.feasible,1.0
31474,ga.mutationRate,0.0945
31474,ga.diversity,0.08419811320754716
31474,ga.best,2.242716806282159
31474,ga.avg,3.0180124924068705
31474,ga.worst,3.098215494419763
31474,ga.feasible,1.0
31474,ga.mutationRate,0.0945
31474,ga.diversity,0.17099056603773585
31474,ga.best,2.242716806282159
31474,ga.avg,2.953850090796549
31474,ga.worst,3.098215494419763
31474,ga.feasible,1.0
31474,ga.mutationRate,0.0945
31474,ga.diversity,0.282311320754717
31474,ga.best,2.242716806282159
31474,ga.avg,2.8148315539741846
31474,ga.worst,3.098215494419763
31474,ga.feasible,1.0
31474,ga.mutationRate,0.0945
31474,ga.diversity,0.44583333333333336
31474,ga.best,2.242716806282159
31474,ga.avg,2.61699748234236
31474,ga.worst,3.098215494419763
31474,ga.feasible,1.0
31474,ga.mutationRate,0.0945
31474,ga.diversity,0.49528301886792453
31474,ga.best,2.242716806282159
31474,ga.avg,2.392429076706235
31474,ga.worst,3.098215494419763
31474,ga.feasible,1.0
31474,ga.mutationRate,0.0945
31474,ga.diversity,0.29056603773584905
31474,ga.best,2.242716806282159
31474,ga.avg,2.280144873888173
31474,ga.worst,3.098215494419763
31474,ga.feasible,1.0
31474,ga.mutationRate,0.0945
31474,ga.diversity,0.08419811320754716
31474,ga.best,2.242716806282159
31474,ga.avg,2.2427168062821514
31474,ga.worst,2.242716806282159
31474,ga.feasible,1.0
31474,ga.mutationRate,0.0945
31474,ga.diversity,0.0
31474,ga.best,2.242716806282159
31474,ga.avg,2.2427168062821514
31474,ga.worst,2.242716806282159
31474,ga.feasible,1.0
31474,ga.mutationRate,0.0945
31474,ga.diversity,0.0
31474,ga.best,2.242716806282159
31474,ga.avg,2.2427168062821514
31474,ga.worst,2.242716806282159
31474,ga.feasible,1.0
31474,ga.mutationRate,0.0945
31474,ga.diversity,0.0
31474,ga.best,2.242716806282159
31474,ga.avg,2.2480636730830117
31474,ga.worst,3.098215494419763
31474,ga.feasible,1.0
31474,ga.mutationRate,0.14175
31474,ga.diversity,0.0125
31474,ga.best,2.242716806282159
31474,ga.avg,2.2427168062821514
31474,ga.worst,2.242716806282159
31474,ga.feasible,1.0
31474,ga.mutationRate,0.14175
31474,ga.diversity,0.0
31474,ga.best,2.242716806282159
31474,ga.avg,2.2427168062821514
31474,ga.worst,2.242716806282159
31474,ga.feasible,1.0
31474,ga.mutationRate,0.14175
31474,ga.diversity,0.0
31474,ga.best,2.242716806282159
31474,ga.avg,2.2427168062821514
31474,ga.worst,2.242716806282159
31474,ga.feasible,1.0
31474,ga.mutationRate,0.14175
31474,ga.diversity,0.0
31474,ga.best,2.242716806282159
31474,ga.avg,2.2427168062821514
31474,ga.worst,2.242716806282159
31474,ga.feasible,1.0
31474,ga.mutationRate,0.14175
31474,ga.diversity,0.0
31474,ga.best,2.242716806282159
31474,ga.avg,2.2427168062821514
31474,ga.worst,2.242716806282159
31474,ga.feasible,1.0
31474,ga.mutationRate,0.14175
31474,ga.diversity,0.0
31474,ga.best,2.242716806282159
31474,ga.avg,2.2427168062821514
31474,ga.worst,2.242716806282159
31474,ga.feasible,1.0
31474,ga.mutationRate,0.14175
31474,ga.diversity,0.0
31474,ga.best,2.242716806282159
31474,ga.avg,2.2427168062821514
31474,ga.worst,2.242716806282159
31474,ga.feasible,1.0
31474,ga.mutationRate,0.14175
31474,ga.diversity,0.0
31474,ga.best,2.242716806282159
31474,ga.avg,2.2427168062821514
31474,ga.worst,2.242716806282159
31474,ga.feasible,1.0
31474,ga.mutationRate,0.14175
31474,ga.diversity,0.0
31474,ga.best,2.242716806282159
31474,ga.avg,2.2427168062821514
31474,ga.worst,2.242716806282159
31474,ga.feasible,1.0
31474,ga.mutationRate,0.14175
31474,ga.diversity,0.0
31474,ga.best,2.242716806282159
31474,ga.avg,2.2427168062821514
31474,ga.worst,2.242716806282159
31474,ga.feasible,1.0
31474,ga.mutationRate,0.15
31474,ga.diversity,0.0
31474,ga.best,2.242716806282159
31474,ga.avg,2.2427168062821514
31474,ga.worst,2.242716806282159
31474,ga.feasible,1.0
31474,ga.mutationRate,0.15
31474,ga.diversity,0.0
31474,ga.best,2.242716806282159
31474,ga.avg,2.2427168062821514
31474,ga.worst,2.242716806282159
31474,ga.feasible,1.0
31474,ga.mutationRate,0.15
31474,ga.diversity,0.0
31474,ga.best,2.242716806282159
31474,ga.avg,2.2427168062821514
31474,ga.worst,2.242716806282159
31474,ga.feasible,1.0
31474,ga.mutationRate,0.15
31474,ga.diversity,0.0
31474,ga.best,2.242716806282159
31474,ga.avg,2.2427168062821514
31474,ga.worst,2.242716806282159
31474,ga.feasible,1.0
31474,ga.mutationRate,0.15
31474,ga.diversity,0.0
31474,pedido_asignado,178.0
31474,ga.best,3.0458474495989107
31474,ga.avg,20.963593524128203
31474,ga.worst,78.92997150352988
31474,ga.feasible,1.0
31474,ga.mutationRate,0.06
31474,ga.diversity,0.4090321453528821
31474,ga.best,3.0458474495989107
31474,ga.avg,10.158159117073888
31474,ga.worst,52.13532312392009
31474,ga.feasible,1.0
31474,ga.mutationRate,0.06
31474,ga.diversity,0.30128406708595745
31474,ga.best,3.0458474495989107
31474,ga.avg,4.934508162207868
31474,ga.worst,32.96909031307854
31474,ga.feasible,1.0
31474,ga.mutationRate,0.06
31474,ga.diversity,0.19268867924528302
31474,ga.best,3.0458474495989107
31474,ga.avg,3.895758913869784
31474,ga.worst,9.182991918256553
31474,ga.feasible,1.0
31474,ga.mutationRate,0.06
31474,ga.diversity,0.27633647798742667
31474,ga.best,3.0458474495989107
31474,ga.avg,3.6512976148042187
31474,ga.worst,4.057821925603252
31474,ga.feasible,1.0
31474,ga.mutationRate,0.06
31474,ga.diversity,0.5688679245283019
31474,ga.best,3.0458474495989107
31474,ga.avg,3.4087775595790175
31474,ga.worst,4.057821925603252
31474,ga.feasible,1.0
31474,ga.mutationRate,0.06
31474,ga.diversity,0.5514150943396227
31474,ga.best,3.0458474495989107
31474,ga.avg,3.157760714303568
31474,ga.worst,4.057821925603252
31474,ga.feasible,1.0
31474,ga.mutationRate,0.06
31474,ga.diversity,0.2525943396226415
31474,ga.best,3.0458474495989107
31474,ga.avg,3.054779953547956
31474,ga.worst,3.7604477655225996
31474,ga.feasible,1.0
31474,ga.mutationRate,0.06
31474,ga.diversity,0.024842767295597486
31474,ga.best,3.0458474495989107
31474,ga.avg,3.04584744959891
31474,ga.worst,3.0458474495989107
31474,ga.feasible,1.0
31474,ga.mutationRate,0.06
31474,ga.diversity,0.0
31474,ga.best,3.0458474495989107
31474,ga.avg,3.04584744959891
31474,ga.worst,3.0458474495989107
31474,ga.feasible,1.0
31474,ga.mutationRate,0.06
31474,ga.diversity,0.0
31474,ga.best,3.0458474495989107
31474,ga.avg,3.04584744959891
31474,ga.worst,3.0458474495989107
31474,ga.feasible,1.0
31474,ga.mutationRate,0.09
31474,ga.diversity,0.0
31474,ga.best,3.0458474495989107
31474,ga.avg,3.04584744959891
31474,ga.worst,3.0458474495989107
31474,ga.feasible,1.0
31474,ga.mutationRate,0.09
31474,ga.diversity,0.0
31474,ga.best,3.0458474495989107
31474,ga.avg,3.04584744959891
31474,ga.worst,3.0458474495989107
31474,ga.feasible,1.0
31474,ga.mutationRate,0.09
31474,ga.diversity,0.0
31474,ga.best,3.0458474495989107
31474,ga.avg,3.04584744959891
31474,ga.worst,3.0458474495989107
31474,ga.feasible,1.0
31474,ga.mutationRate,0.09
31474,ga.diversity,0.0
31474,ga.best,3.0458474495989107
31474,ga.avg,3.04584744959891
31474,ga.worst,3.0458474495989107
31474,ga.feasible,1.0
31474,ga.mutationRate,0.09
31474,ga.diversity,0.0
31474,ga.best,3.0458474495989107
31474,ga.avg,3.04584744959891
31474,ga.worst,3.0458474495989107
31474,ga.feasible,1.0
31474,ga.mutationRate,0.09
31474,ga.diversity,0.0
31474,ga.best,3.0458474495989107
31474,ga.avg,3.04584744959891
31474,ga.worst,3.0458474495989107
31474,ga.feasible,1.0
31474,ga.mutationRate,0.09
31474,ga.diversity,0.0
31474,ga.best,3.0458474495989107
31474,ga.avg,3.04584744959891
31474,ga.worst,3.0458474495989107
31474,ga.feasible,1.0
31474,ga.mutationRate,0.09
31474,ga.diversity,0.0
31474,ga.best,3.0458474495989107
31474,ga.avg,3.04584744959891
31474,ga.worst,3.0458474495989107
31474,ga.feasible,1.0
31474,ga.mutationRate,0.09
31474,ga.diversity,0.0
31474,ga.best,3.0458474495989107
31474,ga.avg,3.04584744959891
31474,ga.worst,3.0458474495989107
31474,ga.feasible,1.0
31474,ga.mutationRate,0.09
31474,ga.diversity,0.0
31474,ga.best,3.0458474495989107
31474,ga.avg,3.04584744959891
31474,ga.worst,3.0458474495989107
31474,ga.feasible,1.0
31474,ga.mutationRate,0.135
31474,ga.diversity,0.0
31474,ga.best,3.0458474495989107
31474,ga.avg,3.04584744959891
31474,ga.worst,3.0458474495989107
31474,ga.feasible,1.0
31474,ga.mutationRate,0.135
31474,ga.diversity,0.0
31474,ga.best,3.0458474495989107
31474,ga.avg,3.04584744959891
31474,ga.worst,3.0458474495989107
31474,ga.feasible,1.0
31474,ga.mutationRate,0.135
31474,ga.diversity,0.0
31474,ga.best,3.0458474495989107
31474,ga.avg,3.04584744959891
31474,ga.worst,3.0458474495989107
31474,ga.feasible,1.0
31474,ga.mutationRate,0.135
31474,ga.diversity,0.0
31474,ga.best,3.0458474495989107
31474,ga.avg,3.04584744959891
31474,ga.worst,3.0458474495989107
31474,ga.feasible,1.0
31474,ga.mutationRate,0.135
31474,ga.diversity,0.0
32039,pedido_asignado,177.0
32039,ga.best,2.6534502159455666
32039,ga.avg,21.79937297775475
32039,ga.worst,76.92060907055262
32039,ga.feasible,1.0
32039,ga.mutationRate,0.06
32039,ga.diversity,0.4499115566037736
32039,ga.best,2.6534502159455666
32039,ga.avg,11.036829973145368
32039,ga.worst,51.983430090310634
32039,ga.feasible,1.0
32039,ga.mutationRate,0.06
32039,ga.diversity,0.3001684636118588
32039,ga.best,2.6534502159455666
32039,ga.avg,5.065976336295142
32039,ga.worst,31.20319340894767
32039,ga.feasible,1.0
32039,ga.mutationRate,0.06
32039,ga.diversity,0.21762971698113207
32039,ga.best,2.6534502159455666
32039,ga.avg,2.821379708148638
32039,ga.worst,17.82120241701043
32039,ga.feasible,1.0
32039,ga.mutationRate,0.06
32039,ga.diversity,0.04319968553459119
32039,ga.best,2.6534502159455666
32039,ga.avg,2.6534502159455586
32039,ga.worst,2.6534502159455666
32039,ga.feasible,1.0
32039,ga.mutationRate,0.06
32039,ga.diversity,0.03702830188679245
32039,ga.best,2.6534502159455666
32039,ga.avg,2.6534502159455586
32039,ga.worst,2.6534502159455666
32039,ga.feasible,1.0
32039,ga.mutationRate,0.06
32039,ga.diversity,0.04905660377358491
32039,ga.best,2.6534502159455666
32039,ga.avg,2.6534502159455586
32039,ga.worst,2.6534502159455666
32039,ga.feasible,1.0
32039,ga.mutationRate,0.06
32039,ga.diversity,0.09559748427672957
32039,ga.best,2.6534502159455666
32039,ga.avg,2.6534502159455586
32039,ga.worst,2.6534502159455666
32039,ga.feasible,1.0
32039,ga.mutationRate,0.06
32039,ga.diversity,0.07264150943396226
32039,ga.best,2.6534502159455666
32039,ga.avg,2.6534502159455586
32039,ga.worst,2.6534502159455666
32039,ga.feasible,1.0
32039,ga.mutationRate,0.06
32039,ga.diversity,0.04905660377358491
32039,ga.best,2.6534502159455666
32039,ga.avg,2.6534502159455586
32039,ga.worst,2.6534502159455666
32039,ga.feasible,1.0
32039,ga.mutationRate,0.06
32039,ga.diversity,0.04905660377358491
32039,ga.best,2.6534502159455666
32039,ga.avg,2.813289167824659
32039,ga.worst,28.227682516601856
32039,ga.feasible,1.0
32039,ga.mutationRate,0.09
32039,ga.diversity,0.03089622641509434
32039,ga.best,2.6534502159455666
32039,ga.avg,2.6534502159455586
32039,ga.worst,2.6534502159455666
32039,ga.feasible,1.0
32039,ga.mutationRate,0.09
32039,ga.diversity,0.03702830188679245
32039,ga.best,2.6534502159455666
32039,ga.avg,2.6534502159455586
32039,ga.worst,2.6534502159455666
32039,ga.feasible,1.0
32039,ga.mutationRate,0.09
32039,ga.diversity,0.04905660377358491
32039,ga.best,2.6534502159455666
32039,ga.avg,2.6534502159455586
32039,ga.worst,2.6534502159455666
32039,ga.feasible,1.0
32039,ga.mutationRate,0.09
32039,ga.diversity,0.06092767295597484
32039,ga.best,2.6534502159455666
32039,ga.avg,2.6534502159455586
32039,ga.worst,2.6534502159455666
32039,ga.feasible,1.0
32039,ga.mutationRate,0.09
32039,ga.diversity,0.07264150943396226
32039,ga.best,2.6534502159455666
32039,ga.avg,2.6534502159455586
32039,ga.worst,2.6534502159455666
32039,ga.feasible,1.0
32039,ga.mutationRate,0.09
32039,ga.diversity,0.04905660377358491
32039,ga.best,2.6534502159455666
32039,ga.avg,2.6534502159455586
32039,ga.worst,2.6534502159455666
32039,ga.feasible,1.0
32039,ga.mutationRate,0.09
32039,ga.diversity,0.0125
32039,ga.best,2.6534502159455666
32039,ga.avg,2.6534502159455586
32039,ga.worst,2.6534502159455666
32039,ga.feasible,1.0
32039,ga.mutationRate,0.09
32039,ga.diversity,0.0
32039,ga.best,2.6534502159455666
32039,ga.avg,2.6534502159455586
32039,ga.worst,2.6534502159455666
32039,ga.feasible,1.0
32039,ga.mutationRate,0.09
32039,ga.diversity,0.0
32039,ga.best,2.6534502159455666
32039,ga.avg,2.6534502159455586
32039,ga.worst,2.6534502159455666
32039,ga.feasible,1.0
32039,ga.mutationRate,0.09
32039,ga.diversity,0.0
32039,ga.best,2.6534502159455666
32039,ga.avg,2.6534502159455586
32039,ga.worst,2.6534502159455666
32039,ga.feasible,1.0
32039,ga.mutationRate,0.135
32039,ga.diversity,0.0
32039,ga.best,2.6534502159455666
32039,ga.avg,2.6534502159455586
32039,ga.worst,2.6534502159455666
32039,ga.feasible,1.0
32039,ga.mutationRate,0.135
32039,ga.diversity,0.0
32039,ga.best,2.6534502159455666
32039,ga.avg,2.6534502159455586
32039,ga.worst,2.6534502159455666
32039,ga.feasible,1.0
32039,ga.mutationRate,0.135
32039,ga.diversity,0.0
32039,ga.best,2.6534502159455666
32039,ga.avg,2.6534502159455586
32039,ga.worst,2.6534502159455666
32039,ga.feasible,1.0
32039,ga.mutationRate,0.135
32039,ga.diversity,0.0
32039,ga.best,2.6534502159455666
32039,ga.avg,2.6534502159455586
32039,ga.worst,2.6534502159455666
32039,ga.feasible,1.0
32039,ga.mutationRate,0.135
32039,ga.diversity,0.0
32039,pedido_asignado,20.0
32039,ga.best,2.0707627424572315
32039,ga.avg,22.077747724154655
32039,ga.worst,121.49838052358976
32039,ga.feasible,1.0
32039,ga.mutationRate,0.06
32039,ga.diversity,0.35905517438536594
32039,ga.best,2.0707627424572315
32039,ga.avg,11.297451028633535
32039,ga.worst,60.72561127136372
32039,ga.feasible,1.0
32039,ga.mutationRate,0.06
32039,ga.diversity,0.34444070080863093
32039,ga.best,2.0707627424572315
32039,ga.avg,4.013228830206262
32039,ga.worst,30.64669151139228
32039,ga.feasible,1.0
32039,ga.mutationRate,0.06
32039,ga.diversity,0.1554716981132063
32039,ga.best,2.0707627424572315
32039,ga.avg,2.864350126046986
32039,ga.worst,21.645632107992903
32039,ga.feasible,1.0
32039,ga.mutationRate,0.06
32039,ga.diversity,0.10642033542976824
32039,ga.best,2.0707627424572315
32039,ga.avg,2.5114201442827793
32039,ga.worst,2.6534502159455666
32039,ga.feasible,1.0
32039,ga.mutationRate,0.06
32039,ga.diversity,0.37099056603773584
32039,ga.best,2.0707627424572315
32039,ga.avg,2.4058080397130204
32039,ga.worst,2.6534502159455666
32039,ga.feasible,1.0
32039,ga.mutationRate,0.06
32039,ga.diversity,0.4918238993710692
32039,ga.best,2.0707627424572315
32039,ga.avg,2.256494374631637
32039,ga.worst,2.6534502159455666
32039,ga.feasible,1.0
32039,ga.mutationRate,0.06
32039,ga.diversity,0.4370283018867924
32039,ga.best,2.0707627424572315
32039,ga.avg,2.132673286515367
32039,ga.worst,2.6534502159455666
32039,ga.feasible,1.0
32039,ga.mutationRate,0.06
32039,ga.diversity,0.19111635220125786
32039,ga.best,2.0707627424572315
32039,ga.avg,2.078046335875835
32039,ga.worst,2.6534502159455666
32039,ga.feasible,1.0
32039,ga.mutationRate,0.06
32039,ga.diversity,0.024842767295597486
32039,ga.best,2.0707627424572315
32039,ga.avg,2.070762742457231
32039,ga.worst,2.0707627424572315
32039,ga.feasible,1.0
32039,ga.mutationRate,0.06
32039,ga.diversity,0.0
32039,ga.best,2.0707627424572315
32039,ga.avg,2.070762742457231
32039,ga.worst,2.0707627424572315
32039,ga.feasible,1.0
32039,ga.mutationRate,0.09
32039,ga.diversity,0.0
32039,ga.best,2.0707627424572315
32039,ga.avg,2.070762742457231
32039,ga.worst,2.0707627424572315
32039,ga.feasible,1.0
32039,ga.mutationRate,0.09
32039,ga.diversity,0.0
32039,ga.best,2.0707627424572315
32039,ga.avg,2.070762742457231
32039,ga.worst,2.0707627424572315
32039,ga.feasible,1.0
32039,ga.mutationRate,0.09
32039,ga.diversity,0.0
32039,ga.best,2.0707627424572315
32039,ga.avg,2.070762742457231
32039,ga.worst,2.0707627424572315
32039,ga.feasible,1.0
32039,ga.mutationRate,0.09
32039,ga.diversity,0.0
32039,ga.best,2.0707627424572315
32039,ga.avg,2.070762742457231
32039,ga.worst,2.0707627424572315
32039,ga.feasible,1.0
32039,ga.mutationRate,0.09
32039,ga.diversity,0.0
32039,ga.best,2.0707627424572315
32039,ga.avg,2.070762742457231
32039,ga.worst,2.0707627424572315
32039,ga.feasible,1.0
32039,ga.mutationRate,0.09
32039,ga.diversity,0.0
32039,ga.best,2.0707627424572315
32039,ga.avg,2.070762742457231
32039,ga.worst,2.0707627424572315
32039,ga.feasible,1.0
32039,ga.mutationRate,0.09
32039,ga.diversity,0.0
32039,ga.best,2.0707627424572315
32039,ga.avg,2.070762742457231
32039,ga.worst,2.0707627424572315
32039,ga.feasible,1.0
32039,ga.mutationRate,0.09
32039,ga.diversity,0.0
32039,ga.best,2.0707627424572315
32039,ga.avg,2.070762742457231
32039,ga.worst,2.0707627424572315
32039,ga.feasible,1.0
32039,ga.mutationRate,0.09
32039,ga.diversity,0.0
32039,ga.best,2.0707627424572315
32039,ga.avg,2.070762742457231
32039,ga.worst,2.0707627424572315
32039,ga.feasible,1.0
32039,ga.mutationRate,0.09
32039,ga.diversity,0.0
32039,ga.best,2.0707627424572315
32039,ga.avg,2.070762742457231
32039,ga.worst,2.0707627424572315
32039,ga.feasible,1.0
32039,ga.mutationRate,0.135
32039,ga.diversity,0.0
32039,ga.best,2.0707627424572315
32039,ga.avg,2.070762742457231
32039,ga.worst,2.0707627424572315
32039,ga.feasible,1.0
32039,ga.mutationRate,0.135
32039,ga.diversity,0.0
32039,ga.best,2.0707627424572315
32039,ga.avg,2.070762742457231
32039,ga.worst,2.0707627424572315
32039,ga.feasible,1.0
32039,ga.mutationRate,0.135
32039,ga.diversity,0.0
32039,ga.best,2.0707627424572315
32039,ga.avg,2.070762742457231
32039,ga.worst,2.0707627424572315
32039,ga.feasible,1.0
32039,ga.mutationRate,0.135
32039,ga.diversity,0.0
32039,ga.best,2.0707627424572315
32039,ga.avg,2.070762742457231
32039,ga.worst,2.0707627424572315
32039,ga.feasible,1.0
32039,ga.mutationRate,0.135
32039,ga.diversity,0.0
32102,pedido_asignado,158.0
32102,ga.best,2.9940556405550938
32102,ga.avg,21.029424840492872
32102,ga.worst,94.49896465239789
32102,ga.feasible,1.0
32102,ga.mutationRate,0.06
32102,ga.diversity,0.39438329839272107
32102,ga.best,2.9940556405550938
32102,ga.avg,10.100529240877048
32102,ga.worst,42.65157784566471
32102,ga.feasible,1.0
32102,ga.mutationRate,0.06
32102,ga.diversity,0.38811320754718415
32102,ga.best,2.9940556405550938
32102,ga.avg,5.34111948539719
32102,ga.worst,26.361373166268816
32102,ga.feasible,1.0
32102,ga.mutationRate,0.06
32102,ga.diversity,0.19221698113207547
32102,ga.best,2.9940556405550938
32102,ga.avg,3.7468226154862
32102,ga.worst,15.816346459088274
32102,ga.feasible,1.0
32102,ga.mutationRate,0.06
32102,ga.diversity,0.102437106918239
32102,ga.best,2.9940556405550938
32102,ga.avg,3.6055353290235237
32102,ga.worst,3.7466460263623924
32102,ga.feasible,1.0
32102,ga.mutationRate,0.06
32102,ga.diversity,0.30660377358490565
32102,ga.best,2.9940556405550938
32102,ga.avg,3.4644246316846514
32102,ga.worst,3.7466460263623924
32102,ga.feasible,1.0
32102,ga.mutationRate,0.06
32102,ga.diversity,0.4716981132075472
32102,ga.best,2.9940556405550938
32102,ga.avg,3.257462275587643
32102,ga.worst,3.7466460263623924
32102,ga.feasible,1.0
32102,ga.mutationRate,0.06
32102,ga.diversity,0.4578616352201258
32102,ga.best,2.9940556405550938
32102,ga.avg,3.0646109892245215
32102,ga.worst,3.7466460263623924
32102,ga.feasible,1.0
32102,ga.mutationRate,0.06
32102,ga.diversity,0.17099056603773585
32102,ga.best,2.9940556405550938
32102,ga.avg,2.998759330466383
32102,ga.worst,3.7466460263623924
32102,ga.feasible,1.0
32102,ga.mutationRate,0.06
32102,ga.diversity,0.0125
32102,ga.best,2.9940556405550938
32102,ga.avg,2.994055640555087
32102,ga.worst,2.9940556405550938
32102,ga.feasible,1.0
32102,ga.mutationRate,0.06
32102,ga.diversity,0.0
32102,ga.best,2.9940556405550938
32102,ga.avg,2.994055640555087
32102,ga.worst,2.9940556405550938
32102,ga.feasible,1.0
32102,ga.mutationRate,0.09
32102,ga.diversity,0.0
32102,ga.best,2.9940556405550938
32102,ga.avg,2.994055640555087
32102,ga.worst,2.9940556405550938
32102,ga.feasible,1.0
32102,ga.mutationRate,0.09
32102,ga.diversity,0.0
32102,ga.best,2.9940556405550938
32102,ga.avg,2.994055640555087
32102,ga.worst,2.9940556405550938
32102,ga.feasible,1.0
32102,ga.mutationRate,0.09
32102,ga.diversity,0.0
32102,ga.best,2.9940556405550938
32102,ga.avg,2.994055640555087
32102,ga.worst,2.9940556405550938
32102,ga.feasible,1.0
32102,ga.mutationRate,0.09
32102,ga.diversity,0.0
32102,ga.best,2.9940556405550938
32102,ga.avg,2.994055640555087
32102,ga.worst,2.9940556405550938
32102,ga.feasible,1.0
32102,ga.mutationRate,0.09
32102,ga.diversity,0.0
32102,ga.best,2.9940556405550938
32102,ga.avg,2.994055640555087
32102,ga.worst,2.9940556405550938
32102,ga.feasible,1.0
32102,ga.mutationRate,0.09
32102,ga.diversity,0.0
32102,ga.best,2.9940556405550938
32102,ga.avg,2.994055640555087
32102,ga.worst,2.9940556405550938
32102,ga.feasible,1.0
32102,ga.mutationRate,0.09
32102,ga.diversity,0.0
32102,ga.best,2.9940556405550938
32102,ga.avg,2.994055640555087
32102,ga.worst,2.9940556405550938
32102,ga.feasible,1.0
32102,ga.mutationRate,0.09
32102,ga.diversity,0.0
32102,ga.best,2.9940556405550938
32102,ga.avg,2.994055640555087
32102,ga.worst,2.9940556405550938
32102,ga.feasible,1.0
32102,ga.mutationRate,0.09
32102,ga.diversity,0.0
32102,ga.best,2.9940556405550938
32102,ga.avg,2.994055640555087
32102,ga.worst,2.9940556405550938
32102,ga.feasible,1.0
32102,ga.mutationRate,0.09
32102,ga.diversity,0.0
32102,ga.best,2.9940556405550938
32102,ga.avg,2.998759330466383
32102,ga.worst,3.7466460263623924
32102,ga.feasible,1.0
32102,ga.mutationRate,0.135
32102,ga.diversity,0.0125
32102,ga.best,2.9940556405550938
32102,ga.avg,2.994055640555087
32102,ga.worst,2.9940556405550938
32102,ga.feasible,1.0
32102,ga.mutationRate,0.135
32102,ga.diversity,0.0
32102,ga.best,2.9940556405550938
32102,ga.avg,2.994055640555087
32102,ga.worst,2.9940556405550938
32102,ga.feasible,1.0
32102,ga.mutationRate,0.135
32102,ga.diversity,0.0
32102,ga.best,2.9940556405550938
32102,ga.avg,2.994055640555087
32102,ga.worst,2.9940556405550938
32102,ga.feasible,1.0
32102,ga.mutationRate,0.135
32102,ga.diversity,0.0
32102,ga.best,2.9940556405550938
32102,ga.avg,2.994055640555087
32102,ga.worst,2.9940556405550938
32102,ga.feasible,1.0
32102,ga.mutationRate,0.135
32102,ga.diversity,0.0
32907,pedido_asignado,133.0
32907,ga.best,3.7466460263623924
32907,ga.avg,22.626849150315742
32907,ga.worst,85.55387341316487
32907,ga.feasible,1.0
32907,ga.mutationRate,0.06
32907,ga.diversity,0.40172169811322617
32907,ga.best,3.7466460263623924
32907,ga.avg,10.770642398327144
32907,ga.worst,45.24567593499856
32907,ga.feasible,1.0
32907,ga.mutationRate,0.06
32907,ga.diversity,0.33744758909853395
32907,ga.best,3.7466460263623924
32907,ga.avg,5.30147003661841
32907,ga.worst,32.432264282145084
32907,ga.feasible,1.0
32907,ga.mutationRate,0.06
32907,ga.diversity,0.13922955974842768
32907,ga.best,3.7466460263623924
32907,ga.avg,3.819941862014821
32907,ga.worst,13.049036504857183
32907,ga.feasible,1.0
32907,ga.mutationRate,0.06
32907,ga.diversity,0.024921383647798744
32907,ga.best,3.7466460263623924
32907,ga.avg,3.746646026362395
32907,ga.worst,3.7466460263623924
32907,ga.feasible,1.0
32907,ga.mutationRate,0.06
32907,ga.diversity,0.0
32907,ga.best,3.7466460263623924
32907,ga.avg,3.746646026362395
32907,ga.worst,3.7466460263623924
32907,ga.feasible,1.0
32907,ga.mutationRate,0.06
32907,ga.diversity,0.0
32907,ga.best,3.7466460263623924
32907,ga.avg,3.746646026362395
32907,ga.worst,3.7466460263623924
32907,ga.feasible,1.0
32907,ga.mutationRate,0.06
32907,ga.diversity,0.0
32907,ga.best,3.7466460263623924
32907,ga.avg,3.746646026362395
32907,ga.worst,3.7466460263623924
32907,ga.feasible,1.0
32907,ga.mutationRate,0.06
32907,ga.diversity,0.0
32907,ga.best,3.7466460263623924
32907,ga.avg,3.746646026362395
32907,ga.worst,3.7466460263623924
32907,ga.feasible,1.0
32907,ga.mutationRate,0.06
32907,ga.diversity,0.0
32907,ga.best,3.7466460263623924
32907,ga.avg,3.746646026362395
32907,ga.worst,3.7466460263623924
32907,ga.feasible,1.0
32907,ga.mutationRate,0.06
32907,ga.diversity,0.0
32907,ga.best,3.7466460263623924
32907,ga.avg,3.746646026362395
32907,ga.worst,3.7466460263623924
32907,ga.feasible,1.0
32907,ga.mutationRate,0.09
32907,ga.diversity,0.0
32907,ga.best,3.7466460263623924
32907,ga.avg,3.746646026362395
32907,ga.worst,3.7466460263623924
32907,ga.feasible,1.0
32907,ga.mutationRate,0.09
32907,ga.diversity,0.0
32907,ga.best,3.7466460263623924
32907,ga.avg,3.746646026362395
32907,ga.worst,3.7466460263623924
32907,ga.feasible,1.0
32907,ga.mutationRate,0.09
32907,ga.diversity,0.0
32907,ga.best,3.7466460263623924
32907,ga.avg,3.746646026362395
32907,ga.worst,3.7466460263623924
32907,ga.feasible,1.0
32907,ga.mutationRate,0.09
32907,ga.diversity,0.0
32907,ga.best,3.7466460263623924
32907,ga.avg,3.746646026362395
32907,ga.worst,3.7466460263623924
32907,ga.feasible,1.0
32907,ga.mutationRate,0.09
32907,ga.diversity,0.0
32907,ga.best,3.7466460263623924
32907,ga.avg,3.746646026362395
32907,ga.worst,3.7466460263623924
32907,ga.feasible,1.0
32907,ga.mutationRate,0.09
32907,ga.diversity,0.0
32907,ga.best,3.7466460263623924
32907,ga.avg,3.746646026362395
32907,ga.worst,3.7466460263623924
32907,ga.feasible,1.0
32907,ga.mutationRate,0.09
32907,ga.diversity,0.0
32907,ga.best,3.7466460263623924
32907,ga.avg,3.746646026362395
32907,ga.worst,3.7466460263623924
32907,ga.feasible,1.0
32907,ga.mutationRate,0.09
32907,ga.diversity,0.0
32907,ga.best,3.7466460263623924
32907,ga.avg,3.746646026362395
32907,ga.worst,3.7466460263623924
32907,ga.feasible,1.0
32907,ga.mutationRate,0.09
32907,ga.diversity,0.0
32907,ga.best,3.7466460263623924
32907,ga.avg,3.746646026362395
32907,ga.worst,3.7466460263623924
32907,ga.feasible,1.0
32907,ga.mutationRate,0.09
32907,ga.diversity,0.0
32907,ga.best,3.7466460263623924
32907,ga.avg,3.746646026362395
32907,ga.worst,3.7466460263623924
32907,ga.feasible,1.0
32907,ga.mutationRate,0.135
32907,ga.diversity,0.0
32907,ga.best,3.7466460263623924
32907,ga.avg,3.746646026362395
32907,ga.worst,3.7466460263623924
32907,ga.feasible,1.0
32907,ga.mutationRate,0.135
32907,ga.diversity,0.0
32907,ga.best,3.7466460263623924
32907,ga.avg,3.746646026362395
32907,ga.worst,3.7466460263623924
32907,ga.feasible,1.0
32907,ga.mutationRate,0.135
32907,ga.diversity,0.0
32907,ga.best,3.7466460263623924
32907,ga.avg,3.746646026362395
32907,ga.worst,3.7466460263623924
32907,ga.feasible,1.0
32907,ga.mutationRate,0.135
32907,ga.diversity,0.0
32907,ga.best,3.7466460263623924
32907,ga.avg,5.287313785062227
32907,ga.worst,55.455613812123296
32907,ga.feasible,1.0
32907,ga.mutationRate,0.135
32907,ga.diversity,0.09765461215933084
32907,pedido_asignado,46.0
32907,ga.best,1.056379515506158
32907,ga.avg,21.5780325497263
32907,ga.worst,94.42280991695318
32907,ga.feasible,1.0
32907,ga.mutationRate,0.06
32907,ga.diversity,0.3844889937106975
32907,ga.best,1.056379515506158
32907,ga.avg,9.393183387354142
32907,ga.worst,49.19856929287015
32907,ga.feasible,1.0
32907,ga.mutationRate,0.06
32907,ga.diversity,0.3460298742138397
32907,ga.best,1.056379515506158
32907,ga.avg,2.8772477117190847
32907,ga.worst,27.142194069747536
32907,ga.feasible,1.0
32907,ga.mutationRate,0.06
32907,ga.diversity,0.17783018867924527
32907,ga.best,1.056379515506158
32907,ga.avg,1.2225690121783563
32907,ga.worst,11.830836472898142
32907,ga.feasible,1.0
32907,ga.mutationRate,0.06
32907,ga.diversity,0.04339622641509434
32907,ga.best,1.056379515506158
32907,ga.avg,1.0563795155061573
32907,ga.worst,1.056379515506158
32907,ga.feasible,1.0
32907,ga.mutationRate,0.06
32907,ga.diversity,0.0
32907,ga.best,1.056379515506158
32907,ga.avg,1.0563795155061573
32907,ga.worst,1.056379515506158
32907,ga.feasible,1.0
32907,ga.mutationRate,0.06
32907,ga.diversity,0.0
32907,ga.best,1.056379515506158
32907,ga.avg,1.0563795155061573
32907,ga.worst,1.056379515506158
32907,ga.feasible,1.0
32907,ga.mutationRate,0.06
32907,ga.diversity,0.0
32907,ga.best,1.056379515506158
32907,ga.avg,1.0563795155061573
32907,ga.worst,1.056379515506158
32907,ga.feasible,1.0
32907,ga.mutationRate,0.06
32907,ga.diversity,0.0
32907,ga.best,1.056379515506158
32907,ga.avg,1.0563795155061573
32907,ga.worst,1.056379515506158
32907,ga.feasible,1.0
32907,ga.mutationRate,0.06
32907,ga.diversity,0.0
32907,ga.best,1.056379515506158
32907,ga.avg,1.0563795155061573
32907,ga.worst,1.056379515506158
32907,ga.feasible,1.0
32907,ga.mutationRate,0.06
32907,ga.diversity,0.0
32907,ga.best,1.056379515506158
32907,ga.avg,1.0563795155061573
32907,ga.worst,1.056379515506158
32907,ga.feasible,1.0
32907,ga.mutationRate,0.09
32907,ga.diversity,0.0
32907,ga.best,1.056379515506158
32907,ga.avg,1.0563795155061573
32907,ga.worst,1.056379515506158
32907,ga.feasible,1.0
32907,ga.mutationRate,0.09
32907,ga.diversity,0.0
32907,ga.best,1.056379515506158
32907,ga.avg,1.0563795155061573
32907,ga.worst,1.056379515506158
32907,ga.feasible,1.0
32907,ga.mutationRate,0.09
32907,ga.diversity,0.0
32907,ga.best,1.056379515506158
32907,ga.avg,1.0563795155061573
32907,ga.worst,1.056379515506158
32907,ga.feasible,1.0
32907,ga.mutationRate,0.09
32907,ga.diversity,0.0
32907,ga.best,1.056379515506158
32907,ga.avg,1.0563795155061573
32907,ga.worst,1.056379515506158
32907,ga.feasible,1.0
32907,ga.mutationRate,0.09
32907,ga.diversity,0.0
32907,ga.best,1.056379515506158
32907,ga.avg,1.0563795155061573
32907,ga.worst,1.056379515506158
32907,ga.feasible,1.0
32907,ga.mutationRate,0.09
32907,ga.diversity,0.0
32907,ga.best,1.056379515506158
32907,ga.avg,1.0563795155061573
32907,ga.worst,1.056379515506158
32907,ga.feasible,1.0
32907,ga.mutationRate,0.09
32907,ga.diversity,0.0
32907,ga.best,1.056379515506158
32907,ga.avg,1.0563795155061573
32907,ga.worst,1.056379515506158
32907,ga.feasible,1.0
32907,ga.mutationRate,0.09
32907,ga.diversity,0.0
32907,ga.best,1.056379515506158
32907,ga.avg,1.0563795155061573
32907,ga.worst,1.056379515506158
32907,ga.feasible,1.0
32907,ga.mutationRate,0.09
32907,ga.diversity,0.0
32907,ga.best,1.056379515506158
32907,ga.avg,1.0563795155061573
32907,ga.worst,1.056379515506158
32907,ga.feasible,1.0
32907,ga.mutationRate,0.09
32907,ga.diversity,0.0
32907,ga.best,1.056379515506158
32907,ga.avg,1.0563795155061573
32907,ga.worst,1.056379515506158
32907,ga.feasible,1.0
32907,ga.mutationRate,0.135
32907,ga.diversity,0.0
32907,ga.best,1.056379515506158
32907,ga.avg,1.0563795155061573
32907,ga.worst,1.056379515506158
32907,ga.feasible,1.0
32907,ga.mutationRate,0.135
32907,ga.diversity,0.0
32907,ga.best,1.056379515506158
32907,ga.avg,1.0563795155061573
32907,ga.worst,1.056379515506158
32907,ga.feasible,1.0
32907,ga.mutationRate,0.135
32907,ga.diversity,0.0
32907,ga.best,1.056379515506158
32907,ga.avg,1.0563795155061573
32907,ga.worst,1.056379515506158
32907,ga.feasible,1.0
32907,ga.mutationRate,0.135
32907,ga.diversity,0.0
32907,ga.best,1.056379515506158
32907,ga.avg,4.031907908668289
32907,ga.worst,58.90708290243943
32907,ga.feasible,1.0
32907,ga.mutationRate,0.135
32907,ga.diversity,0.14996855345912022
32907,pedido_asignado,180.0
32907,ga.best,3.268958526951865
32907,ga.avg,21.997199848126197
32907,ga.worst,102.85689267839453
32907,ga.feasible,1.0
32907,ga.mutationRate,0.06
32907,ga.diversity,0.3553887935963469
32907,ga.best,3.268958526951865
32907,ga.avg,9.445873279037079
32907,ga.worst,69.18752957512824
32907,ga.feasible,1.0
32907,ga.mutationRate,0.06
32907,ga.diversity,0.2653975741239867
32907,ga.best,3.268958526951865
32907,ga.avg,5.382166125890735
32907,ga.worst,27.774289607322704
32907,ga.feasible,1.0
32907,ga.mutationRate,0.06
32907,ga.diversity,0.24793632075471697
32907,ga.best,3.268958526951865
32907,ga.avg,3.9258613878057806
32907,ga.worst,18.800155923223734
32907,ga.feasible,1.0
32907,ga.mutationRate,0.06
32907,ga.diversity,0.215015723270436
32907,ga.best,3.268958526951865
32907,ga.avg,3.6502847454919305
32907,ga.worst,3.833886258122327
32907,ga.feasible,1.0
32907,ga.mutationRate,0.06
32907,ga.diversity,0.4578616352201258
32907,ga.best,3.268958526951865
32907,ga.avg,3.5514223925370985
32907,ga.worst,3.833886258122327
32907,ga.feasible,1.0
32907,ga.mutationRate,0.06
32907,ga.diversity,0.5031446540880503
32907,ga.best,3.268958526951865
32907,ga.avg,3.396067266465218
32907,ga.worst,3.833886258122327
32907,ga.feasible,1.0
32907,ga.mutationRate,0.06
32907,ga.diversity,0.35094339622641507
32907,ga.best,3.268958526951865
32907,ga.avg,3.2972049135103845
32907,ga.worst,3.833886258122327
32907,ga.feasible,1.0
32907,ga.mutationRate,0.06
32907,ga.diversity,0.09559748427672957
32907,ga.best,3.268958526951865
32907,ga.avg,3.268958526951861
32907,ga.worst,3.268958526951865
32907,ga.feasible,1.0
32907,ga.mutationRate,0.06
32907,ga.diversity,0.0
32907,ga.best,3.268958526951865
32907,ga.avg,3.268958526951861
32907,ga.worst,3.268958526951865
32907,ga.feasible,1.0
32907,ga.mutationRate,0.06
32907,ga.diversity,0.0
32907,ga.best,3.268958526951865
32907,ga.avg,3.268958526951861
32907,ga.worst,3.268958526951865
32907,ga.feasible,1.0
32907,ga.mutationRate,0.09
32907,ga.diversity,0.0
32907,ga.best,3.268958526951865
32907,ga.avg,3.268958526951861
32907,ga.worst,3.268958526951865
32907,ga.feasible,1.0
32907,ga.mutationRate,0.09
32907,ga.diversity,0.0
32907,ga.best,3.268958526951865
32907,ga.avg,3.268958526951861
32907,ga.worst,3.268958526951865
32907,ga.feasible,1.0
32907,ga.mutationRate,0.09
32907,ga.diversity,0.0
32907,ga.best,3.268958526951865
32907,ga.avg,3.268958526951861
32907,ga.worst,3.268958526951865
32907,ga.feasible,1.0
32907,ga.mutationRate,0.09
32907,ga.diversity,0.0
32907,ga.best,3.268958526951865
32907,ga.avg,3.268958526951861
32907,ga.worst,3.268958526951865
32907,ga.feasible,1.0
32907,ga.mutationRate,0.09
32907,ga.diversity,0.0
32907,ga.best,3.268958526951865
32907,ga.avg,3.268958526951861
32907,ga.worst,3.268958526951865
32907,ga.feasible,1.0
32907,ga.mutationRate,0.09
32907,ga.diversity,0.0
32907,ga.best,3.268958526951865
32907,ga.avg,3.268958526951861
32907,ga.worst,3.268958526951865
32907,ga.feasible,1.0
32907,ga.mutationRate,0.09
32907,ga.diversity,0.0
32907,ga.best,3.268958526951865
32907,ga.avg,3.268958526951861
32907,ga.worst,3.268958526951865
32907,ga.feasible,1.0
32907,ga.mutationRate,0.09
32907,ga.diversity,0.0
32907,ga.best,3.268958526951865
32907,ga.avg,3.268958526951861
32907,ga.worst,3.268958526951865
32907,ga.feasible,1.0
32907,ga.mutationRate,0.09
32907,ga.diversity,0.0
32907,ga.best,3.268958526951865
32907,ga.avg,3.268958526951861
32907,ga.worst,3.268958526951865
32907,ga.feasible,1.0
32907,ga.mutationRate,0.09
32907,ga.diversity,0.0
32907,ga.best,3.268958526951865
32907,ga.avg,3.268958526951861
32907,ga.worst,3.268958526951865
32907,ga.feasible,1.0
32907,ga.mutationRate,0.135
32907,ga.diversity,0.0
32907,ga.best,3.268958526951865
32907,ga.avg,3.268958526951861
32907,ga.worst,3.268958526951865
32907,ga.feasible,1.0
32907,ga.mutationRate,0.135
32907,ga.diversity,0.0
32907,ga.best,3.268958526951865
32907,ga.avg,3.268958526951861
32907,ga.worst,3.268958526951865
32907,ga.feasible,1.0
32907,ga.mutationRate,0.135
32907,ga.diversity,0.0
32907,ga.best,3.268958526951865
32907,ga.avg,3.268958526951861
32907,ga.worst,3.268958526951865
32907,ga.feasible,1.0
32907,ga.mutationRate,0.135
32907,ga.diversity,0.0
32907,ga.best,3.268958526951865
32907,ga.avg,3.268958526951861
32907,ga.worst,3.268958526951865
32907,ga.feasible,1.0
32907,ga.mutationRate,0.135
32907,ga.diversity,0.0
32907,pedido_asignado,181.0
32907,ga.best,2.9940556405550938
32907,ga.avg,22.6906402867434
32907,ga.worst,98.50193566635946
32907,ga.feasible,1.0
32907,ga.mutationRate,0.06
32907,ga.diversity,0.4441823899371014
32907,ga.best,2.9940556405550938
32907,ga.avg,10.56625083254959
32907,ga.worst,48.680435769284486
32907,ga.feasible,1.0
32907,ga.mutationRate,0.06
32907,ga.diversity,0.31310646900270367
32907,ga.best,2.9940556405550938
32907,ga.avg,4.439620318675785
32907,ga.worst,30.012776828095056
32907,ga.feasible,1.0
32907,ga.mutationRate,0.06
32907,ga.diversity,0.14345518867924528
32907,ga.best,2.9940556405550938
32907,ga.avg,2.994055640555087
32907,ga.worst,2.9940556405550938
32907,ga.feasible,1.0
32907,ga.mutationRate,0.06
32907,ga.diversity,0.06139937106918239
32907,ga.best,2.9940556405550938
32907,ga.avg,2.994055640555087
32907,ga.worst,2.9940556405550938
32907,ga.feasible,1.0
32907,ga.mutationRate,0.06
32907,ga.diversity,0.04929245283018868
32907,ga.best,2.9940556405550938
32907,ga.avg,2.994055640555087
32907,ga.worst,2.9940556405550938
32907,ga.feasible,1.0
32907,ga.mutationRate,0.06
32907,ga.diversity,0.03718553459119497
32907,ga.best,2.9940556405550938
32907,ga.avg,2.994055640555087
32907,ga.worst,2.9940556405550938
32907,ga.feasible,1.0
32907,ga.mutationRate,0.06
32907,ga.diversity,0.06092767295597484
32907,ga.best,2.9940556405550938
32907,ga.avg,2.994055640555087
32907,ga.worst,2.9940556405550938
32907,ga.feasible,1.0
32907,ga.mutationRate,0.06
32907,ga.diversity,0.06092767295597484
32907,ga.best,2.9940556405550938
32907,ga.avg,2.994055640555087
32907,ga.worst,2.9940556405550938
32907,ga.feasible,1.0
32907,ga.mutationRate,0.06
32907,ga.diversity,0.03702830188679245
32907,ga.best,2.9940556405550938
32907,ga.avg,2.994055640555087
32907,ga.worst,2.9940556405550938
32907,ga.feasible,1.0
32907,ga.mutationRate,0.06
32907,ga.diversity,0.0
32907,ga.best,2.9940556405550938
32907,ga.avg,3.165882260931629
32907,ga.worst,30.486314900801794
32907,ga.feasible,1.0
32907,ga.mutationRate,0.09
32907,ga.diversity,0.0125
32907,ga.best,2.9940556405550938
32907,ga.avg,2.994055640555087
32907,ga.worst,2.9940556405550938
32907,ga.feasible,1.0
32907,ga.mutationRate,0.09
32907,ga.diversity,0.0
32907,ga.best,2.9940556405550938
32907,ga.avg,2.994055640555087
32907,ga.worst,2.9940556405550938
32907,ga.feasible,1.0
32907,ga.mutationRate,0.09
32907,ga.diversity,0.0
32907,ga.best,2.9940556405550938
32907,ga.avg,2.994055640555087
32907,ga.worst,2.9940556405550938
32907,ga.feasible,1.0
32907,ga.mutationRate,0.09
32907,ga.diversity,0.0
32907,ga.best,2.9940556405550938
32907,ga.avg,2.994055640555087
32907,ga.worst,2.9940556405550938
32907,ga.feasible,1.0
32907,ga.mutationRate,0.09
32907,ga.diversity,0.0
32907,ga.best,2.9940556405550938
32907,ga.avg,2.994055640555087
32907,ga.worst,2.9940556405550938
32907,ga.feasible,1.0
32907,ga.mutationRate,0.09
32907,ga.diversity,0.0
32907,ga.best,2.9940556405550938
32907,ga.avg,2.994055640555087
32907,ga.worst,2.9940556405550938
32907,ga.feasible,1.0
32907,ga.mutationRate,0.09
32907,ga.diversity,0.0
32907,ga.best,2.9940556405550938
32907,ga.avg,2.994055640555087
32907,ga.worst,2.9940556405550938
32907,ga.feasible,1.0
32907,ga.mutationRate,0.09
32907,ga.diversity,0.0
32907,ga.best,2.9940556405550938
32907,ga.avg,2.994055640555087
32907,ga.worst,2.9940556405550938
32907,ga.feasible,1.0
32907,ga.mutationRate,0.09
32907,ga.diversity,0.0
32907,ga.best,2.9940556405550938
32907,ga.avg,2.994055640555087
32907,ga.worst,2.9940556405550938
32907,ga.feasible,1.0
32907,ga.mutationRate,0.09
32907,ga.diversity,0.0
32907,ga.best,2.9940556405550938
32907,ga.avg,2.994055640555087
32907,ga.worst,2.9940556405550938
32907,ga.feasible,1.0
32907,ga.mutationRate,0.135
32907,ga.diversity,0.0
32907,ga.best,2.9940556405550938
32907,ga.avg,2.994055640555087
32907,ga.worst,2.9940556405550938
32907,ga.feasible,1.0
32907,ga.mutationRate,0.135
32907,ga.diversity,0.0
32907,ga.best,2.9940556405550938
32907,ga.avg,2.994055640555087
32907,ga.worst,2.9940556405550938
32907,ga.feasible,1.0
32907,ga.mutationRate,0.135
32907,ga.diversity,0.0
32907,ga.best,2.9940556405550938
32907,ga.avg,2.994055640555087
32907,ga.worst,2.9940556405550938
32907,ga.feasible,1.0
32907,ga.mutationRate,0.135
32907,ga.diversity,0.0
32907,ga.best,2.9940556405550938
32907,ga.avg,2.994055640555087
32907,ga.worst,2.9940556405550938
32907,ga.feasible,1.0
32907,ga.mutationRate,0.135
32907,ga.diversity,0.0
33743,pedido_asignado,179.0
33743,ga.best,2.7140684678808524
33743,ga.avg,22.019250934221418
33743,ga.worst,91.3857837423622
33743,ga.feasible,1.0
33743,ga.mutationRate,0.06
33743,ga.diversity,0.431070929419988
33743,ga.best,2.7140684678808524
33743,ga.avg,11.556979568785529
33743,ga.worst,54.567400399383644
33743,ga.feasible,1.0
33743,ga.mutationRate,0.06
33743,ga.diversity,0.4539622641509714
33743,ga.best,2.7140684678808524
33743,ga.avg,5.8330073354065455
33743,ga.worst,35.241806244782886
33743,ga.feasible,1.0
33743,ga.mutationRate,0.06
33743,ga.diversity,0.29274764150943394
33743,ga.best,2.7140684678808524
33743,ga.avg,3.170960300473916
33743,ga.worst,18.09849861298388
33743,ga.feasible,1.0
33743,ga.mutationRate,0.06
33743,ga.diversity,0.06527777777777734
33743,ga.best,2.7140684678808524
33743,ga.avg,2.71406846788085
33743,ga.worst,2.7140684678808524
33743,ga.feasible,1.0
33743,ga.mutationRate,0.06
33743,ga.diversity,0.0
33743,ga.best,2.7140684678808524
33743,ga.avg,2.71406846788085
33743,ga.worst,2.7140684678808524
33743,ga.feasible,1.0
33743,ga.mutationRate,0.06
33743,ga.diversity,0.0
33743,ga.best,2.7140684678808524
33743,ga.avg,2.71406846788085
33743,ga.worst,2.7140684678808524
33743,ga.feasible,1.0
33743,ga.mutationRate,0.06
33743,ga.diversity,0.0
33743,ga.best,2.7140684678808524
33743,ga.avg,2.71406846788085
33743,ga.worst,2.7140684678808524
33743,ga.feasible,1.0
33743,ga.mutationRate,0.06
33743,ga.diversity,0.0
33743,ga.best,2.7140684678808524
33743,ga.avg,2.71406846788085
33743,ga.worst,2.7140684678808524
33743,ga.feasible,1.0
33743,ga.mutationRate,0.06
33743,ga.diversity,0.0
33743,ga.best,2.7140684678808524
33743,ga.avg,2.71406846788085
33743,ga.worst,2.7140684678808524
33743,ga.feasible,1.0
33743,ga.mutationRate,0.06
33743,ga.diversity,0.0
33743,ga.best,2.7140684678808524
33743,ga.avg,2.71406846788085
33743,ga.worst,2.7140684678808524
33743,ga.feasible,1.0
33743,ga.mutationRate,0.09
33743,ga.diversity,0.0
33743,ga.best,2.7140684678808524
33743,ga.avg,2.71406846788085
33743,ga.worst,2.7140684678808524
33743,ga.feasible,1.0
33743,ga.mutationRate,0.09
33743,ga.diversity,0.0
33743,ga.best,2.7140684678808524
33743,ga.avg,2.71406846788085
33743,ga.worst,2.7140684678808524
33743,ga.feasible,1.0
33743,ga.mutationRate,0.09
33743,ga.diversity,0.0
33743,ga.best,2.7140684678808524
33743,ga.avg,2.71406846788085
33743,ga.worst,2.7140684678808524
33743,ga.feasible,1.0
33743,ga.mutationRate,0.09
33743,ga.diversity,0.0
33743,ga.best,2.7140684678808524
33743,ga.avg,2.71406846788085
33743,ga.worst,2.7140684678808524
33743,ga.feasible,1.0
33743,ga.mutationRate,0.09
33743,ga.diversity,0.0
33743,ga.best,2.7140684678808524
33743,ga.avg,2.71406846788085
33743,ga.worst,2.7140684678808524
33743,ga.feasible,1.0
33743,ga.mutationRate,0.09
33743,ga.diversity,0.0
33743,ga.best,2.7140684678808524
33743,ga.avg,2.71406846788085
33743,ga.worst,2.7140684678808524
33743,ga.feasible,1.0
33743,ga.mutationRate,0.09
33743,ga.diversity,0.0
33743,ga.best,2.7140684678808524
33743,ga.avg,2.71406846788085
33743,ga.worst,2.7140684678808524
33743,ga.feasible,1.0
33743,ga.mutationRate,0.09
33743,ga.diversity,0.0
33743,ga.best,2.7140684678808524
33743,ga.avg,2.71406846788085
33743,ga.worst,2.7140684678808524
33743,ga.feasible,1.0
33743,ga.mutationRate,0.09
33743,ga.diversity,0.0
33743,ga.best,2.7140684678808524
33743,ga.avg,2.71406846788085
33743,ga.worst,2.7140684678808524
33743,ga.feasible,1.0
33743,ga.mutationRate,0.09
33743,ga.diversity,0.0
33743,ga.best,2.7140684678808524
33743,ga.avg,2.8250523076121876
33743,ga.worst,20.471482824894853
33743,ga.feasible,1.0
33743,ga.mutationRate,0.135
33743,ga.diversity,0.0125
33743,ga.best,2.7140684678808524
33743,ga.avg,2.71406846788085
33743,ga.worst,2.7140684678808524
33743,ga.feasible,1.0
33743,ga.mutationRate,0.135
33743,ga.diversity,0.0
33743,ga.best,2.7140684678808524
33743,ga.avg,2.71406846788085
33743,ga.worst,2.7140684678808524
33743,ga.feasible,1.0
33743,ga.mutationRate,0.135
33743,ga.diversity,0.0
33743,ga.best,2.7140684678808524
33743,ga.avg,2.71406846788085
33743,ga.worst,2.7140684678808524
33743,ga.feasible,1.0
33743,ga.mutationRate,0.135
33743,ga.diversity,0.0
33743,ga.best,2.7140684678808524
33743,ga.avg,2.71406846788085
33743,ga.worst,2.7140684678808524
33743,ga.feasible,1.0
33743,ga.mutationRate,0.135
33743,ga.diversity,0.0
33838,pedido_asignado,147.0
33838,ga.best,1.0598999221182788
33838,ga.avg,24.306904982689137
33838,ga.worst,140.2103107768793
33838,ga.feasible,1.0
33838,ga.mutationRate,0.06
33838,ga.diversity,0.35043238993711073
33838,ga.best,1.0598999221182788
33838,ga.avg,12.978186462818178
33838,ga.worst,55.42803739757793
33838,ga.feasible,1.0
33838,ga.mutationRate,0.06
33838,ga.diversity,0.3571877807726871
33838,ga.best,1.0598999221182788
33838,ga.avg,7.355074707840982
33838,ga.worst,41.439872831665234
33838,ga.feasible,1.0
33838,ga.mutationRate,0.06
33838,ga.diversity,0.2743972746331156
33838,ga.best,1.0598999221182788
33838,ga.avg,3.1152166115815265
33838,ga.worst,25.777384706353317
33838,ga.feasible,1.0
33838,ga.mutationRate,0.06
33838,ga.diversity,0.21585429769391842
33838,ga.best,1.0598999221182788
33838,ga.avg,2.06273960298684
33838,ga.worst,2.7140684678808524
33838,ga.feasible,1.0
33838,ga.mutationRate,0.06
33838,ga.diversity,0.5771226415094339
33838,ga.best,1.0598999221182788
33838,ga.avg,1.7112287870122944
33838,ga.worst,2.7140684678808524
33838,ga.feasible,1.0
33838,ga.mutationRate,0.06
33838,ga.diversity,0.5370283018867924
33838,ga.best,1.0598999221182788
33838,ga.avg,1.2976866505716516
33838,ga.worst,2.7140684678808524
33838,ga.feasible,1.0
33838,ga.mutationRate,0.06
33838,ga.diversity,0.2547955974842767
33838,ga.best,1.0598999221182788
33838,ga.avg,1.080577028940313
33838,ga.worst,2.7140684678808524
33838,ga.feasible,1.0
33838,ga.mutationRate,0.06
33838,ga.diversity,0.024842767295597486
33838,ga.best,1.0598999221182788
33838,ga.avg,1.0598999221182805
33838,ga.worst,1.0598999221182788
33838,ga.feasible,1.0
33838,ga.mutationRate,0.06
33838,ga.diversity,0.0
33838,ga.best,1.0598999221182788
33838,ga.avg,1.0598999221182805
33838,ga.worst,1.0598999221182788
33838,ga.feasible,1.0
33838,ga.mutationRate,0.06
33838,ga.diversity,0.0
33838,ga.best,1.0598999221182788
33838,ga.avg,1.0702384755292969
33838,ga.worst,2.7140684678808524
33838,ga.feasible,1.0
33838,ga.mutationRate,0.09
33838,ga.diversity,0.0125
33838,ga.best,1.0598999221182788
33838,ga.avg,1.0598999221182805
33838,ga.worst,1.0598999221182788
33838,ga.feasible,1.0
33838,ga.mutationRate,0.09
33838,ga.diversity,0.0
33838,ga.best,1.0598999221182788
33838,ga.avg,1.0598999221182805
33838,ga.worst,1.0598999221182788
33838,ga.feasible,1.0
33838,ga.mutationRate,0.09
33838,ga.diversity,0.0
33838,ga.best,1.0598999221182788
33838,ga.avg,1.0598999221182805
33838,ga.worst,1.0598999221182788
33838,ga.feasible,1.0
33838,ga.mutationRate,0.09
33838,ga.diversity,0.0
33838,ga.best,1.0598999221182788
33838,ga.avg,1.0598999221182805
33838,ga.worst,1.0598999221182788
33838,ga.feasible,1.0
33838,ga.mutationRate,0.09
33838,ga.diversity,0.0
33838,ga.best,1.0598999221182788
33838,ga.avg,1.0598999221182805
33838,ga.worst,1.0598999221182788
33838,ga.feasible,1.0
33838,ga.mutationRate,0.09
33838,ga.diversity,0.0
33838,ga.best,1.0598999221182788
33838,ga.avg,1.0598999221182805
33838,ga.worst,1.0598999221182788
33838,ga.feasible,1.0
33838,ga.mutationRate,0.09
33838,ga.diversity,0.0
33838,ga.best,1.0598999221182788
33838,ga.avg,1.0598999221182805
33838,ga.worst,1.0598999221182788
33838,ga.feasible,1.0
33838,ga.mutationRate,0.09
33838,ga.diversity,0.0
33838,ga.best,1.0598999221182788
33838,ga.avg,1.0598999221182805
33838,ga.worst,1.0598999221182788
33838,ga.feasible,1.0
33838,ga.mutationRate,0.09
33838,ga.diversity,0.0
33838,ga.best,1.0598999221182788
33838,ga.avg,1.0598999221182805
33838,ga.worst,1.0598999221182788
33838,ga.feasible,1.0
33838,ga.mutationRate,0.09
33838,ga.diversity,0.0
33838,ga.best,1.0598999221182788
33838,ga.avg,1.0702384755292969
33838,ga.worst,2.7140684678808524
33838,ga.feasible,1.0
33838,ga.mutationRate,0.135
33838,ga.diversity,0.0125
33838,ga.best,1.0598999221182788
33838,ga.avg,1.0598999221182805
33838,ga.worst,1.0598999221182788
33838,ga.feasible,1.0
33838,ga.mutationRate,0.135
33838,ga.diversity,0.0
33838,ga.best,1.0598999221182788
33838,ga.avg,1.0598999221182805
33838,ga.worst,1.0598999221182788
33838,ga.feasible,1.0
33838,ga.mutationRate,0.135
33838,ga.diversity,0.0
33838,ga.best,1.0598999221182788
33838,ga.avg,1.0598999221182805
33838,ga.worst,1.0598999221182788
33838,ga.feasible,1.0
33838,ga.mutationRate,0.135
33838,ga.diversity,0.0
33838,ga.best,1.0598999221182788
33838,ga.avg,1.0598999221182805
33838,ga.worst,1.0598999221182788
33838,ga.feasible,1.0
33838,ga.mutationRate,0.135
33838,ga.diversity,0.0
33838,pedido_asignado,33.0
33838,ga.best,2.6925993158887565
33838,ga.avg,21.058850260100122
33838,ga.worst,92.69792557014374
33838,ga.feasible,1.0
33838,ga.mutationRate,0.06
33838,ga.diversity,0.3220191299790337
33838,ga.best,2.6925993158887565
33838,ga.avg,9.07254965214182
33838,ga.worst,66.13275997680384
33838,ga.feasible,1.0
33838,ga.mutationRate,0.06
33838,ga.diversity,0.24697327044025158
33838,ga.best,2.6925993158887565
33838,ga.avg,4.156676841974244
33838,ga.worst,19.213982846656766
33838,ga.feasible,1.0
33838,ga.mutationRate,0.06
33838,ga.diversity,0.22902908805031447
33838,ga.best,2.6925993158887565
33838,ga.avg,2.873356553269166
33838,ga.worst,14.044672385351085
33838,ga.feasible,1.0
33838,ga.mutationRate,0.06
33838,ga.diversity,0.17285770440251572
33838,ga.best,2.6925993158887565
33838,ga.avg,2.7392253808884943
33838,ga.worst,2.7592079801741094
33838,ga.feasible,1.0
33838,ga.mutationRate,0.06
33838,ga.diversity,0.4845518867924528
33838,ga.best,2.6925993158887565
33838,ga.avg,2.7234058231207228
33838,ga.worst,2.7592079801741094
33838,ga.feasible,1.0
33838,ga.mutationRate,0.06
33838,ga.diversity,0.5240959119496855
33838,ga.best,2.6925993158887565
33838,ga.avg,2.7088351778083015
33838,ga.worst,2.7592079801741094
33838,ga.feasible,1.0
33838,ga.mutationRate,0.06
33838,ga.diversity,0.3764937106918239
33838,ga.best,2.6925993158887565
33838,ga.avg,2.6955134449512306
33838,ga.worst,2.7592079801741094
33838,ga.feasible,1.0
33838,ga.mutationRate,0.06
33838,ga.diversity,0.08419811320754716
33838,ga.best,2.6925993158887565
33838,ga.avg,2.6934319241923133
33838,ga.worst,2.7592079801741094
33838,ga.feasible,1.0
33838,ga.mutationRate,0.06
33838,ga.diversity,0.024842767295597486
33838,ga.best,2.6925993158887565
33838,ga.avg,2.6925993158887467
33838,ga.worst,2.6925993158887565
33838,ga.feasible,1.0
33838,ga.mutationRate,0.06
33838,ga.diversity,0.0
33838,ga.best,2.6925993158887565
33838,ga.avg,2.721143732218036
33838,ga.worst,7.193097264289718
33838,ga.feasible,1.0
33838,ga.mutationRate,0.09
33838,ga.diversity,0.024921383647798744
33838,ga.best,2.6925993158887565
33838,ga.avg,2.6925993158887467
33838,ga.worst,2.6925993158887565
33838,ga.feasible,1.0
33838,ga.mutationRate,0.09
33838,ga.diversity,0.0
33838,ga.best,2.6925993158887565
33838,ga.avg,2.6925993158887467
33838,ga.worst,2.6925993158887565
33838,ga.feasible,1.0
33838,ga.mutationRate,0.09
33838,ga.diversity,0.0
33838,ga.best,2.6925993158887565
33838,ga.avg,2.6925993158887467
33838,ga.worst,2.6925993158887565
33838,ga.feasible,1.0
33838,ga.mutationRate,0.09
33838,ga.diversity,0.0
33838,ga.best,2.6925993158887565
33838,ga.avg,2.6925993158887467
33838,ga.worst,2.6925993158887565
33838,ga.feasible,1.0
33838,ga.mutationRate,0.09
33838,ga.diversity,0.0
33838,ga.best,2.6925993158887565
33838,ga.avg,2.6925993158887467
33838,ga.worst,2.6925993158887565
33838,ga.feasible,1.0
33838,ga.mutationRate,0.09
33838,ga.diversity,0.0
33838,ga.best,2.6925993158887565
33838,ga.avg,2.6925993158887467
33838,ga.worst,2.6925993158887565
33838,ga.feasible,1.0
33838,ga.mutationRate,0.09
33838,ga.diversity,0.0
33838,ga.best,2.6925993158887565
33838,ga.avg,2.6925993158887467
33838,ga.worst,2.6925993158887565
33838,ga.feasible,1.0
33838,ga.mutationRate,0.09
33838,ga.diversity,0.0
33838,ga.best,2.6925993158887565
33838,ga.avg,2.6925993158887467
33838,ga.worst,2.6925993158887565
33838,ga.feasible,1.0
33838,ga.mutationRate,0.09
33838,ga.diversity,0.0
33838,ga.best,2.6925993158887565
33838,ga.avg,2.6925993158887467
33838,ga.worst,2.6925993158887565
33838,ga.feasible,1.0
33838,ga.mutationRate,0.09
33838,ga.diversity,0.0
33838,ga.best,2.6925993158887565
33838,ga.avg,2.6925993158887467
33838,ga.worst,2.6925993158887565
33838,ga.feasible,1.0
33838,ga.mutationRate,0.135
33838,ga.diversity,0.0
33838,ga.best,2.6925993158887565
33838,ga.avg,2.6925993158887467
33838,ga.worst,2.6925993158887565
33838,ga.feasible,1.0
33838,ga.mutationRate,0.135
33838,ga.diversity,0.0
33838,ga.best,2.6925993158887565
33838,ga.avg,2.6925993158887467
33838,ga.worst,2.6925993158887565
33838,ga.feasible,1.0
33838,ga.mutationRate,0.135
33838,ga.diversity,0.0
33838,ga.best,2.6925993158887565
33838,ga.avg,2.6925993158887467
33838,ga.worst,2.6925993158887565
33838,ga.feasible,1.0
33838,ga.mutationRate,0.135
33838,ga.diversity,0.0
33838,ga.best,2.6925993158887565
33838,ga.avg,2.6925993158887467
33838,ga.worst,2.6925993158887565
33838,ga.feasible,1.0
33838,ga.mutationRate,0.135
33838,ga.diversity,0.0
34050,pedido_asignado,181.0
34050,ga.best,4.464469131787617
34050,ga.avg,22.782818177733397
34050,ga.worst,95.64926932773865
34050,ga.feasible,1.0
34050,ga.mutationRate,0.06
34050,ga.diversity,0.37184819897084914
34050,ga.best,4.464469131787617
34050,ga.avg,10.528026977628016
34050,ga.worst,63.333314681430785
34050,ga.feasible,1.0
34050,ga.mutationRate,0.06
34050,ga.diversity,0.2829964061096038
34050,ga.best,4.464469131787617
34050,ga.avg,5.928530172594062
34050,ga.worst,28.372021186990658
34050,ga.feasible,1.0
34050,ga.mutationRate,0.06
34050,ga.diversity,0.15978773584905662
34050,ga.best,4.464469131787617
34050,ga.avg,4.58048188250104
34050,ga.worst,14.202216565294655
34050,ga.feasible,1.0
34050,ga.mutationRate,0.06
34050,ga.diversity,0.024882075471698115
34050,ga.best,4.464469131787617
34050,ga.avg,4.46446913178761
34050,ga.worst,4.464469131787617
34050,ga.feasible,1.0
34050,ga.mutationRate,0.06
34050,ga.diversity,0.0
34050,ga.best,4.464469131787617
34050,ga.avg,4.46446913178761
34050,ga.worst,4.464469131787617
34050,ga.feasible,1.0
34050,ga.mutationRate,0.06
34050,ga.diversity,0.0
34050,ga.best,4.464469131787617
34050,ga.avg,4.46446913178761
34050,ga.worst,4.464469131787617
34050,ga.feasible,1.0
34050,ga.mutationRate,0.06
34050,ga.diversity,0.0
34050,ga.best,4.464469131787617
34050,ga.avg,4.46446913178761
34050,ga.worst,4.464469131787617
34050,ga.feasible,1.0
34050,ga.mutationRate,0.06
34050,ga.diversity,0.0
34050,ga.best,4.464469131787617
34050,ga.avg,4.46446913178761
34050,ga.worst,4.464469131787617
34050,ga.feasible,1.0
34050,ga.mutationRate,0.06
34050,ga.diversity,0.0
34050,ga.best,4.464469131787617
34050,ga.avg,4.46446913178761
34050,ga.worst,4.464469131787617
34050,ga.feasible,1.0
34050,ga.mutationRate,0.06
34050,ga.diversity,0.0
34050,ga.best,4.464469131787617
34050,ga.avg,4.46446913178761
34050,ga.worst,4.464469131787617
34050,ga.feasible,1.0
34050,ga.mutationRate,0.09
34050,ga.diversity,0.0
34050,ga.best,4.464469131787617
34050,ga.avg,4.46446913178761
34050,ga.worst,4.464469131787617
34050,ga.feasible,1.0
34050,ga.mutationRate,0.09
34050,ga.diversity,0.0
34050,ga.best,4.464469131787617
34050,ga.avg,4.46446913178761
34050,ga.worst,4.464469131787617
34050,ga.feasible,1.0
34050,ga.mutationRate,0.09
34050,ga.diversity,0.0
34050,ga.best,4.464469131787617
34050,ga.avg,4.46446913178761
34050,ga.worst,4.464469131787617
34050,ga.feasible,1.0
34050,ga.mutationRate,0.09
34050,ga.diversity,0.0
34050,ga.best,4.464469131787617
34050,ga.avg,4.46446913178761
34050,ga.worst,4.464469131787617
34050,ga.feasible,1.0
34050,ga.mutationRate,0.09
34050,ga.diversity,0.0
34050,ga.best,4.464469131787617
34050,ga.avg,4.46446913178761
34050,ga.worst,4.464469131787617
34050,ga.feasible,1.0
34050,ga.mutationRate,0.09
34050,ga.diversity,0.0
34050,ga.best,4.464469131787617
34050,ga.avg,4.46446913178761
34050,ga.worst,4.464469131787617
34050,ga.feasible,1.0
34050,ga.mutationRate,0.09
34050,ga.diversity,0.0
34050,ga.best,4.464469131787617
34050,ga.avg,4.46446913178761
34050,ga.worst,4.464469131787617
34050,ga.feasible,1.0
34050,ga.mutationRate,0.09
34050,ga.diversity,0.0
34050,ga.best,4.464469131787617
34050,ga.avg,4.46446913178761
34050,ga.worst,4.464469131787617
34050,ga.feasible,1.0
34050,ga.mutationRate,0.09
34050,ga.diversity,0.0
34050,ga.best,4.464469131787617
34050,ga.avg,4.46446913178761
34050,ga.worst,4.464469131787617
34050,ga.feasible,1.0
34050,ga.mutationRate,0.09
34050,ga.diversity,0.0
34050,ga.best,4.464469131787617
34050,ga.avg,4.589967100326998
34050,ga.worst,24.544144098089646
34050,ga.feasible,1.0
34050,ga.mutationRate,0.135
34050,ga.diversity,0.0125
34050,ga.best,4.464469131787617
34050,ga.avg,4.46446913178761
34050,ga.worst,4.464469131787617
34050,ga.feasible,1.0
34050,ga.mutationRate,0.135
34050,ga.diversity,0.0
34050,ga.best,4.464469131787617
34050,ga.avg,4.46446913178761
34050,ga.worst,4.464469131787617
34050,ga.feasible,1.0
34050,ga.mutationRate,0.135
34050,ga.diversity,0.0
34050,ga.best,4.464469131787617
34050,ga.avg,4.46446913178761
34050,ga.worst,4.464469131787617
34050,ga.feasible,1.0
34050,ga.mutationRate,0.135
34050,ga.diversity,0.0
34050,ga.best,4.464469131787617
34050,ga.avg,4.46446913178761
34050,ga.worst,4.464469131787617
34050,ga.feasible,1.0
34050,ga.mutationRate,0.135
34050,ga.diversity,0.0
34704,pedido_asignado,182.0
34704,ga.best,3.294569487917807
34704,ga.avg,23.263874270443164
34704,ga.worst,81.45771234427292
34704,ga.feasible,1.0
34704,ga.mutationRate,0.06
34704,ga.diversity,0.494437893081761
34704,ga.best,3.294569487917807
34704,ga.avg,11.688909561719615
34704,ga.worst,59.06033602956289
34704,ga.feasible,1.0
34704,ga.mutationRate,0.06
34704,ga.diversity,0.2764249213836478
34704,ga.best,3.294569487917807
34704,ga.avg,5.465433104429271
34704,ga.worst,32.58716529327763
34704,ga.feasible,1.0
34704,ga.mutationRate,0.06
34704,ga.diversity,0.1377751572326984
34704,ga.best,3.294569487917807
34704,ga.avg,3.7758918355542592
34704,ga.worst,21.164478270246466
34704,ga.feasible,1.0
34704,ga.mutationRate,0.06
34704,ga.diversity,0.1715146750524167
34704,ga.best,3.294569487917807
34704,ga.avg,3.483355612170937
34704,ga.worst,3.536215726961822
34704,ga.feasible,1.0
34704,ga.mutationRate,0.06
34704,ga.diversity,0.34394654088050314
34704,ga.best,3.294569487917807
34704,ga.avg,3.4531498322904346
34704,ga.worst,3.536215726961822
34704,ga.feasible,1.0
34704,ga.mutationRate,0.06
34704,ga.diversity,0.4540094339622642
34704,ga.best,3.294569487917807
34704,ga.avg,3.39273827252943
34704,ga.worst,3.536215726961822
34704,ga.feasible,1.0
34704,ga.mutationRate,0.06
34704,ga.diversity,0.4854559748427673
34704,ga.best,3.294569487917807
34704,ga.avg,3.324775267798299
34704,ga.worst,3.536215726961822
34704,ga.feasible,1.0
34704,ga.mutationRate,0.06
34704,ga.diversity,0.22012578616352202
34704,ga.best,3.294569487917807
34704,ga.avg,3.2975900659058466
34704,ga.worst,3.536215726961822
34704,ga.feasible,1.0
34704,ga.mutationRate,0.06
34704,ga.diversity,0.024842767295597486
34704,ga.best,3.294569487917807
34704,ga.avg,3.294569487917797
34704,ga.worst,3.294569487917807
34704,ga.feasible,1.0
34704,ga.mutationRate,0.06
34704,ga.diversity,0.0
34704,ga.best,3.294569487917807
34704,ga.avg,3.294569487917797
34704,ga.worst,3.294569487917807
34704,ga.feasible,1.0
34704,ga.mutationRate,0.09
34704,ga.diversity,0.0
34704,ga.best,3.294569487917807
34704,ga.avg,3.294569487917797
34704,ga.worst,3.294569487917807
34704,ga.feasible,1.0
34704,ga.mutationRate,0.09
34704,ga.diversity,0.0
34704,ga.best,3.294569487917807
34704,ga.avg,3.294569487917797
34704,ga.worst,3.294569487917807
34704,ga.feasible,1.0
34704,ga.mutationRate,0.09
34704,ga.diversity,0.0
34704,ga.best,3.294569487917807
34704,ga.avg,3.294569487917797
34704,ga.worst,3.294569487917807
34704,ga.feasible,1.0
34704,ga.mutationRate,0.09
34704,ga.diversity,0.0
34704,ga.best,3.294569487917807
34704,ga.avg,3.294569487917797
34704,ga.worst,3.294569487917807
34704,ga.feasible,1.0
34704,ga.mutationRate,0.09
34704,ga.diversity,0.0
34704,ga.best,3.294569487917807
34704,ga.avg,3.294569487917797
34704,ga.worst,3.294569487917807
34704,ga.feasible,1.0
34704,ga.mutationRate,0.09
34704,ga.diversity,0.0
34704,ga.best,3.294569487917807
34704,ga.avg,3.294569487917797
34704,ga.worst,3.294569487917807
34704,ga.feasible,1.0
34704,ga.mutationRate,0.09
34704,ga.diversity,0.0
34704,ga.best,3.294569487917807
34704,ga.avg,3.294569487917797
34704,ga.worst,3.294569487917807
34704,ga.feasible,1.0
34704,ga.mutationRate,0.09
34704,ga.diversity,0.0
34704,ga.best,3.294569487917807
34704,ga.avg,3.294569487917797
34704,ga.worst,3.294569487917807
34704,ga.feasible,1.0
34704,ga.mutationRate,0.09
34704,ga.diversity,0.0
34704,ga.best,3.294569487917807
34704,ga.avg,3.294569487917797
34704,ga.worst,3.294569487917807
34704,ga.feasible,1.0
34704,ga.mutationRate,0.09
34704,ga.diversity,0.0
34704,ga.best,3.294569487917807
34704,ga.avg,3.323060961962791
34704,ga.worst,7.853205335116929
34704,ga.feasible,1.0
34704,ga.mutationRate,0.135
34704,ga.diversity,0.0125
34704,ga.best,3.294569487917807
34704,ga.avg,3.294569487917797
34704,ga.worst,3.294569487917807
34704,ga.feasible,1.0
34704,ga.mutationRate,0.135
34704,ga.diversity,0.0
34704,ga.best,3.294569487917807
34704,ga.avg,3.294569487917797
34704,ga.worst,3.294569487917807
34704,ga.feasible,1.0
34704,ga.mutationRate,0.135
34704,ga.diversity,0.0
34704,ga.best,3.294569487917807
34704,ga.avg,3.294569487917797
34704,ga.worst,3.294569487917807
34704,ga.feasible,1.0
34704,ga.mutationRate,0.135
34704,ga.diversity,0.0
34704,ga.best,3.294569487917807
34704,ga.avg,3.294569487917797
34704,ga.worst,3.294569487917807
34704,ga.feasible,1.0
34704,ga.mutationRate,0.135
34704,ga.diversity,0.0
35490,pedido_asignado,169.0
35490,ga.best,2.4474350181068
35490,ga.avg,21.284506916217023
35490,ga.worst,92.18194326125787
35490,ga.feasible,1.0
35490,ga.mutationRate,0.06
35490,ga.diversity,0.4131988120195625
35490,ga.best,2.4474350181068
35490,ga.avg,10.067713088422767
35490,ga.worst,48.95246923274128
35490,ga.feasible,1.0
35490,ga.mutationRate,0.06
35490,ga.diversity,0.21046470999300962
35490,ga.best,2.4474350181068
35490,ga.avg,4.761511978677875
35490,ga.worst,36.206504884712324
35490,ga.feasible,1.0
35490,ga.mutationRate,0.06
35490,ga.diversity,0.12988993710692381
35490,ga.best,2.4474350181068
35490,ga.avg,3.4826734021741337
35490,ga.worst,6.311188055335511
35490,ga.feasible,1.0
35490,ga.mutationRate,0.06
35490,ga.diversity,0.11002358490566037
35490,ga.best,2.4474350181068
35490,ga.avg,3.400118138354938
35490,ga.worst,3.536215726961822
35490,ga.feasible,1.0
35490,ga.mutationRate,0.06
35490,ga.diversity,0.22012578616352202
35490,ga.best,2.4474350181068
35490,ga.avg,3.2912400674694355
35490,ga.worst,3.536215726961822
35490,ga.feasible,1.0
35490,ga.mutationRate,0.06
35490,ga.diversity,0.35094339622641507
35490,ga.best,2.4474350181068
35490,ga.avg,3.1279229611411803
35490,ga.worst,3.536215726961822
35490,ga.feasible,1.0
35490,ga.mutationRate,0.06
35490,ga.diversity,0.4716981132075472
35490,ga.best,2.4474350181068
35490,ga.avg,2.903361939939832
35490,ga.worst,3.536215726961822
35490,ga.feasible,1.0
35490,ga.mutationRate,0.06
35490,ga.diversity,0.48985849056603775
35490,ga.best,2.4474350181068
35490,ga.avg,2.6175570038653886
35490,ga.worst,3.536215726961822
35490,ga.feasible,1.0
35490,ga.mutationRate,0.06
35490,ga.diversity,0.2653301886792453
35490,ga.best,2.4474350181068
35490,ga.avg,2.4882642946888556
35490,ga.worst,3.536215726961822
35490,ga.feasible,1.0
35490,ga.mutationRate,0.06
35490,ga.diversity,0.07264150943396226
35490,ga.best,2.4474350181068
35490,ga.avg,2.447435018106792
35490,ga.worst,2.4474350181068
35490,ga.feasible,1.0
35490,ga.mutationRate,0.09
35490,ga.diversity,0.0
35490,ga.best,2.4474350181068
35490,ga.avg,2.447435018106792
35490,ga.worst,2.4474350181068
35490,ga.feasible,1.0
35490,ga.mutationRate,0.09
35490,ga.diversity,0.0
35490,ga.best,2.4474350181068
35490,ga.avg,2.447435018106792
35490,ga.worst,2.4474350181068
35490,ga.feasible,1.0
35490,ga.mutationRate,0.09
35490,ga.diversity,0.0
35490,ga.best,2.4474350181068
35490,ga.avg,2.447435018106792
35490,ga.worst,2.4474350181068
35490,ga.feasible,1.0
35490,ga.mutationRate,0.09
35490,ga.diversity,0.0
35490,ga.best,2.4474350181068
35490,ga.avg,2.447435018106792
35490,ga.worst,2.4474350181068
35490,ga.feasible,1.0
35490,ga.mutationRate,0.09
35490,ga.diversity,0.0
35490,ga.best,2.4474350181068
35490,ga.avg,2.447435018106792
35490,ga.worst,2.4474350181068
35490,ga.feasible,1.0
35490,ga.mutationRate,0.09
35490,ga.diversity,0.0
35490,ga.best,2.4474350181068
35490,ga.avg,2.447435018106792
35490,ga.worst,2.4474350181068
35490,ga.feasible,1.0
35490,ga.mutationRate,0.09
35490,ga.diversity,0.0
35490,ga.best,2.4474350181068
35490,ga.avg,2.447435018106792
35490,ga.worst,2.4474350181068
35490,ga.feasible,1.0
35490,ga.mutationRate,0.09
35490,ga.diversity,0.0
35490,ga.best,2.4474350181068
35490,ga.avg,2.447435018106792
35490,ga.worst,2.4474350181068
35490,ga.feasible,1.0
35490,ga.mutationRate,0.09
35490,ga.diversity,0.0
35490,ga.best,2.4474350181068
35490,ga.avg,2.447435018106792
35490,ga.worst,2.4474350181068
35490,ga.feasible,1.0
35490,ga.mutationRate,0.09
35490,ga.diversity,0.0
35490,ga.best,2.4474350181068
35490,ga.avg,2.447435018106792
35490,ga.worst,2.4474350181068
35490,ga.feasible,1.0
35490,ga.mutationRate,0.135
35490,ga.diversity,0.0
35490,ga.best,2.4474350181068
35490,ga.avg,2.447435018106792
35490,ga.worst,2.4474350181068
35490,ga.feasible,1.0
35490,ga.mutationRate,0.135
35490,ga.diversity,0.0
35490,ga.best,2.4474350181068
35490,ga.avg,2.447435018106792
35490,ga.worst,2.4474350181068
35490,ga.feasible,1.0
35490,ga.mutationRate,0.135
35490,ga.diversity,0.0
35490,ga.best,2.4474350181068
35490,ga.avg,2.447435018106792
35490,ga.worst,2.4474350181068
35490,ga.feasible,1.0
35490,ga.mutationRate,0.135
35490,ga.diversity,0.0
35490,ga.best,2.4474350181068
35490,ga.avg,2.447435018106792
35490,ga.worst,2.4474350181068
35490,ga.feasible,1.0
35490,ga.mutationRate,0.135
35490,ga.diversity,0.0
35490,pedido_asignado,14.0
35490,ga.best,2.230608772365895
35490,ga.avg,22.132777364800283
35490,ga.worst,68.7897644542129
35490,ga.feasible,1.0
35490,ga.mutationRate,0.06
35490,ga.diversity,0.40001572327045487
35490,ga.best,2.230608772365895
35490,ga.avg,11.568640973090952
35490,ga.worst,55.971262306750084
35490,ga.feasible,1.0
35490,ga.mutationRate,0.06
35490,ga.diversity,0.3094634433962264
35490,ga.best,2.230608772365895
35490,ga.avg,4.906531660827033
35490,ga.worst,27.39361811287568
35490,ga.feasible,1.0
35490,ga.mutationRate,0.06
35490,ga.diversity,0.19795597484277133
35490,ga.best,2.230608772365895
35490,ga.avg,2.594800763262231
35490,ga.worst,19.14660875549267
35490,ga.feasible,1.0
35490,ga.mutationRate,0.06
35490,ga.diversity,0.040133647798742136
35490,ga.best,2.230608772365895
35490,ga.avg,2.249139538897241
35490,ga.worst,5.195531417382299
35490,ga.feasible,1.0
35490,ga.mutationRate,0.06
35490,ga.diversity,0.0125
35490,ga.best,2.230608772365895
35490,ga.avg,2.2306087723658883
35490,ga.worst,2.230608772365895
35490,ga.feasible,1.0
35490,ga.mutationRate,0.06
35490,ga.diversity,0.0
35490,ga.best,2.230608772365895
35490,ga.avg,2.2306087723658883
35490,ga.worst,2.230608772365895
35490,ga.feasible,1.0
35490,ga.mutationRate,0.06
35490,ga.diversity,0.0
35490,ga.best,2.230608772365895
35490,ga.avg,2.2306087723658883
35490,ga.worst,2.230608772365895
35490,ga.feasible,1.0
35490,ga.mutationRate,0.06
35490,ga.diversity,0.0
35490,ga.best,2.230608772365895
35490,ga.avg,2.2306087723658883
35490,ga.worst,2.230608772365895
35490,ga.feasible,1.0
35490,ga.mutationRate,0.06
35490,ga.diversity,0.0
35490,ga.best,2.230608772365895
35490,ga.avg,2.2306087723658883
35490,ga.worst,2.230608772365895
35490,ga.feasible,1.0
35490,ga.mutationRate,0.06
35490,ga.diversity,0.0
35490,ga.best,2.230608772365895
35490,ga.avg,2.3973396124510358
35490,ga.worst,28.907543185989457
35490,ga.feasible,1.0
35490,ga.mutationRate,0.09
35490,ga.diversity,0.0125
35490,ga.best,2.230608772365895
35490,ga.avg,2.2306087723658883
35490,ga.worst,2.230608772365895
35490,ga.feasible,1.0
35490,ga.mutationRate,0.09
35490,ga.diversity,0.0
35490,ga.best,2.230608772365895
35490,ga.avg,2.2306087723658883
35490,ga.worst,2.230608772365895
35490,ga.feasible,1.0
35490,ga.mutationRate,0.09
35490,ga.diversity,0.0
35490,ga.best,2.230608772365895
35490,ga.avg,2.2306087723658883
35490,ga.worst,2.230608772365895
35490,ga.feasible,1.0
35490,ga.mutationRate,0.09
35490,ga.diversity,0.0
35490,ga.best,2.230608772365895
35490,ga.avg,2.2306087723658883
35490,ga.worst,2.230608772365895
35490,ga.feasible,1.0
35490,ga.mutationRate,0.09
35490,ga.diversity,0.0
35490,ga.best,2.230608772365895
35490,ga.avg,2.2306087723658883
35490,ga.worst,2.230608772365895
35490,ga.feasible,1.0
35490,ga.mutationRate,0.09
35490,ga.diversity,0.0
35490,ga.best,2.230608772365895
35490,ga.avg,2.2306087723658883
35490,ga.worst,2.230608772365895
35490,ga.feasible,1.0
35490,ga.mutationRate,0.09
35490,ga.diversity,0.0
35490,ga.best,2.230608772365895
35490,ga.avg,2.2306087723658883
35490,ga.worst,2.230608772365895
35490,ga.feasible,1.0
35490,ga.mutationRate,0.09
35490,ga.diversity,0.0
35490,ga.best,2.230608772365895
35490,ga.avg,2.2306087723658883
35490,ga.worst,2.230608772365895
35490,ga.feasible,1.0
35490,ga.mutationRate,0.09
35490,ga.diversity,0.0
35490,ga.best,2.230608772365895
35490,ga.avg,2.2306087723658883
35490,ga.worst,2.230608772365895
35490,ga.feasible,1.0
35490,ga.mutationRate,0.09
35490,ga.diversity,0.0
35490,ga.best,2.230608772365895
35490,ga.avg,2.2406292566518657
35490,ga.worst,3.833886258122327
35490,ga.feasible,1.0
35490,ga.mutationRate,0.135
35490,ga.diversity,0.0125
35490,ga.best,2.230608772365895
35490,ga.avg,2.2306087723658883
35490,ga.worst,2.230608772365895
35490,ga.feasible,1.0
35490,ga.mutationRate,0.135
35490,ga.diversity,0.0
35490,ga.best,2.230608772365895
35490,ga.avg,2.2306087723658883
35490,ga.worst,2.230608772365895
35490,ga.feasible,1.0
35490,ga.mutationRate,0.135
35490,ga.diversity,0.0
35490,ga.best,2.230608772365895
35490,ga.avg,2.2306087723658883
35490,ga.worst,2.230608772365895
35490,ga.feasible,1.0
35490,ga.mutationRate,0.135
35490,ga.diversity,0.0
35490,ga.best,2.230608772365895
35490,ga.avg,2.2306087723658883
35490,ga.worst,2.230608772365895
35490,ga.feasible,1.0
35490,ga.mutationRate,0.135
35490,ga.diversity,0.0
35490,pedido_asignado,130.0
35490,ga.best,2.230608772365895
35490,ga.avg,20.44766544800164
35490,ga.worst,72.17217912603651
35490,ga.feasible,1.0
35490,ga.mutationRate,0.06
35490,ga.diversity,0.4163434661076086
35490,ga.best,2.230608772365895
35490,ga.avg,9.704598769602404
35490,ga.worst,56.325586995186235
35490,ga.feasible,1.0
35490,ga.mutationRate,0.06
35490,ga.diversity,0.3311713836478
35490,ga.best,2.230608772365895
35490,ga.avg,3.94461874438338
35490,ga.worst,27.79511376216649
35490,ga.feasible,1.0
35490,ga.mutationRate,0.06
35490,ga.diversity,0.1643867924528302
35490,ga.best,2.230608772365895
35490,ga.avg,2.513121367442132
35490,ga.worst,13.014048642428095
35490,ga.feasible,1.0
35490,ga.mutationRate,0.06
35490,ga.diversity,0.049371069182389475
35490,ga.best,2.230608772365895
35490,ga.avg,2.2306087723658883
35490,ga.worst,2.230608772365895
35490,ga.feasible,1.0
35490,ga.mutationRate,0.06
35490,ga.diversity,0.0
35490,ga.best,2.230608772365895
35490,ga.avg,2.2306087723658883
35490,ga.worst,2.230608772365895
35490,ga.feasible,1.0
35490,ga.mutationRate,0.06
35490,ga.diversity,0.0
35490,ga.best,2.230608772365895
35490,ga.avg,2.2306087723658883
35490,ga.worst,2.230608772365895
35490,ga.feasible,1.0
35490,ga.mutationRate,0.06
35490,ga.diversity,0.0
35490,ga.best,2.230608772365895
35490,ga.avg,2.2306087723658883
35490,ga.worst,2.230608772365895
35490,ga.feasible,1.0
35490,ga.mutationRate,0.06
35490,ga.diversity,0.0
35490,ga.best,2.230608772365895
35490,ga.avg,2.2306087723658883
35490,ga.worst,2.230608772365895
35490,ga.feasible,1.0
35490,ga.mutationRate,0.06
35490,ga.diversity,0.0
35490,ga.best,2.230608772365895
35490,ga.avg,2.2306087723658883
35490,ga.worst,2.230608772365895
35490,ga.feasible,1.0
35490,ga.mutationRate,0.06
35490,ga.diversity,0.0
35490,ga.best,2.230608772365895
35490,ga.avg,2.2306087723658883
35490,ga.worst,2.230608772365895
35490,ga.feasible,1.0
35490,ga.mutationRate,0.09
35490,ga.diversity,0.0
35490,ga.best,2.230608772365895
35490,ga.avg,2.2306087723658883
35490,ga.worst,2.230608772365895
35490,ga.feasible,1.0
35490,ga.mutationRate,0.09
35490,ga.diversity,0.0
35490,ga.best,2.230608772365895
35490,ga.avg,2.2306087723658883
35490,ga.worst,2.230608772365895
35490,ga.feasible,1.0
35490,ga.mutationRate,0.09
35490,ga.diversity,0.0
35490,ga.best,2.230608772365895
35490,ga.avg,2.2306087723658883
35490,ga.worst,2.230608772365895
35490,ga.feasible,1.0
35490,ga.mutationRate,0.09
35490,ga.diversity,0.0
35490,ga.best,2.230608772365895
35490,ga.avg,2.2306087723658883
35490,ga.worst,2.230608772365895
35490,ga.feasible,1.0
35490,ga.mutationRate,0.09
35490,ga.diversity,0.0
35490,ga.best,2.230608772365895
35490,ga.avg,2.2306087723658883
35490,ga.worst,2.230608772365895
35490,ga.feasible,1.0
35490,ga.mutationRate,0.09
35490,ga.diversity,0.0
35490,ga.best,2.230608772365895
35490,ga.avg,2.2306087723658883
35490,ga.worst,2.230608772365895
35490,ga.feasible,1.0
35490,ga.mutationRate,0.09
35490,ga.diversity,0.0
35490,ga.best,2.230608772365895
35490,ga.avg,2.2306087723658883
35490,ga.worst,2.230608772365895
35490,ga.feasible,1.0
35490,ga.mutationRate,0.09
35490,ga.diversity,0.0
35490,ga.best,2.230608772365895
35490,ga.avg,2.2306087723658883
35490,ga.worst,2.230608772365895
35490,ga.feasible,1.0
35490,ga.mutationRate,0.09
35490,ga.diversity,0.0
35490,ga.best,2.230608772365895
35490,ga.avg,2.2306087723658883
35490,ga.worst,2.230608772365895
35490,ga.feasible,1.0
35490,ga.mutationRate,0.09
35490,ga.diversity,0.0
35490,ga.best,2.230608772365895
35490,ga.avg,2.2306087723658883
35490,ga.worst,2.230608772365895
35490,ga.feasible,1.0
35490,ga.mutationRate,0.135
35490,ga.diversity,0.0125
35490,ga.best,2.230608772365895
35490,ga.avg,2.2306087723658883
35490,ga.worst,2.230608772365895
35490,ga.feasible,1.0
35490,ga.mutationRate,0.135
35490,ga.diversity,0.0125
35490,ga.best,2.230608772365895
35490,ga.avg,2.2306087723658883
35490,ga.worst,2.230608772365895
35490,ga.feasible,1.0
35490,ga.mutationRate,0.135
35490,ga.diversity,0.0
35490,ga.best,2.230608772365895
35490,ga.avg,2.2306087723658883
35490,ga.worst,2.230608772365895
35490,ga.feasible,1.0
35490,ga.mutationRate,0.135
35490,ga.diversity,0.0
35490,ga.best,2.230608772365895
35490,ga.avg,3.2128717504235795
35490,ga.worst,31.276173015893544
35490,ga.feasible,1.0
35490,ga.mutationRate,0.135
35490,ga.diversity,0.10497903563941358
35490,pedido_asignado,52.0
35490,ga.best,2.126880994769675
35490,ga.avg,21.57157459582386
35490,ga.worst,85.06977489912393
35490,ga.feasible,1.0
35490,ga.mutationRate,0.06
35490,ga.diversity,0.36235062893082853
35490,ga.best,2.126880994769675
35490,ga.avg,10.087878579809175
35490,ga.worst,49.62769591576599
35490,ga.feasible,1.0
35490,ga.mutationRate,0.06
35490,ga.diversity,0.30858228511530517
35490,ga.best,2.126880994769675
35490,ga.avg,4.738151450246223
35490,ga.worst,34.167328850402285
35490,ga.feasible,1.0
35490,ga.mutationRate,0.06
35490,ga.diversity,0.20261399371069183
35490,ga.best,2.126880994769675
35490,ga.avg,2.360940242571226
35490,ga.worst,19.171564640745313
35490,ga.feasible,1.0
35490,ga.mutationRate,0.06
35490,ga.diversity,0.11690251572327044
35490,ga.best,2.126880994769675
35490,ga.avg,2.126880994769676
35490,ga.worst,2.126880994769675
35490,ga.feasible,1.0
35490,ga.mutationRate,0.06
35490,ga.diversity,0.19520440251572327
35490,ga.best,2.126880994769675
35490,ga.avg,2.126880994769676
35490,ga.worst,2.126880994769675
35490,ga.feasible,1.0
35490,ga.mutationRate,0.06
35490,ga.diversity,0.1944182389937107
35490,ga.best,2.126880994769675
35490,ga.avg,2.126880994769676
35490,ga.worst,2.126880994769675
35490,ga.feasible,1.0
35490,ga.mutationRate,0.06
35490,ga.diversity,0.19583333333333333
35490,ga.best,2.126880994769675
35490,ga.avg,2.126880994769676
35490,ga.worst,2.126880994769675
35490,ga.feasible,1.0
35490,ga.mutationRate,0.06
35490,ga.diversity,0.19630503144654088
35490,ga.best,2.126880994769675
35490,ga.avg,2.126880994769676
35490,ga.worst,2.126880994769675
35490,ga.feasible,1.0
35490,ga.mutationRate,0.06
35490,ga.diversity,0.1421383647798742
35490,ga.best,2.126880994769675
35490,ga.avg,2.126880994769676
35490,ga.worst,2.126880994769675
35490,ga.feasible,1.0
35490,ga.mutationRate,0.06
35490,ga.diversity,0.1744496855345912
35490,ga.best,2.126880994769675
35490,ga.avg,2.126880994769676
35490,ga.worst,2.126880994769675
35490,ga.feasible,1.0
35490,ga.mutationRate,0.09
35490,ga.diversity,0.15196540880503145
35490,ga.best,2.126880994769675
35490,ga.avg,2.126880994769676
35490,ga.worst,2.126880994769675
35490,ga.feasible,1.0
35490,ga.mutationRate,0.09
35490,ga.diversity,0.16069182389937106
35490,ga.best,2.126880994769675
35490,ga.avg,2.126880994769676
35490,ga.worst,2.126880994769675
35490,ga.feasible,1.0
35490,ga.mutationRate,0.09
35490,ga.diversity,0.1179245283018868
35490,ga.best,2.126880994769675
35490,ga.avg,2.126880994769676
35490,ga.worst,2.126880994769675
35490,ga.feasible,1.0
35490,ga.mutationRate,0.09
35490,ga.diversity,0.1179245283018868
35490,ga.best,2.126880994769675
35490,ga.avg,2.126880994769676
35490,ga.worst,2.126880994769675
35490,ga.feasible,1.0
35490,ga.mutationRate,0.09
35490,ga.diversity,0.1179245283018868
35490,ga.best,2.126880994769675
35490,ga.avg,2.126880994769676
35490,ga.worst,2.126880994769675
35490,ga.feasible,1.0
35490,ga.mutationRate,0.09
35490,ga.diversity,0.12885220125786165
35490,ga.best,2.126880994769675
35490,ga.avg,2.126880994769676
35490,ga.worst,2.126880994769675
35490,ga.feasible,1.0
35490,ga.mutationRate,0.09
35490,ga.diversity,0.1179245283018868
35490,ga.best,2.126880994769675
35490,ga.avg,2.126880994769676
35490,ga.worst,2.126880994769675
35490,ga.feasible,1.0
35490,ga.mutationRate,0.09
35490,ga.diversity,0.17099056603773585
35490,ga.best,2.126880994769675
35490,ga.avg,2.126880994769676
35490,ga.worst,2.126880994769675
35490,ga.feasible,1.0
35490,ga.mutationRate,0.09
35490,ga.diversity,0.13962264150943396
35490,ga.best,2.126880994769675
35490,ga.avg,2.126880994769676
35490,ga.worst,2.126880994769675
35490,ga.feasible,1.0
35490,ga.mutationRate,0.09
35490,ga.diversity,0.10683962264150944
35490,ga.best,2.126880994769675
35490,ga.avg,2.617585152252126
35490,ga.worst,28.29776939383357
35490,ga.feasible,1.0
35490,ga.mutationRate,0.135
35490,ga.diversity,0.08608490566038
35490,ga.best,2.126880994769675
35490,ga.avg,2.126880994769676
35490,ga.worst,2.126880994769675
35490,ga.feasible,1.0
35490,ga.mutationRate,0.135
35490,ga.diversity,0.09559748427672957
35490,ga.best,2.126880994769675
35490,ga.avg,2.126880994769676
35490,ga.worst,2.126880994769675
35490,ga.feasible,1.0
35490,ga.mutationRate,0.135
35490,ga.diversity,0.06092767295597484
35490,ga.best,2.126880994769675
35490,ga.avg,2.126880994769676
35490,ga.worst,2.126880994769675
35490,ga.feasible,1.0
35490,ga.mutationRate,0.135
35490,ga.diversity,0.08419811320754716
35490,ga.best,2.126880994769675
35490,ga.avg,2.126880994769676
35490,ga.worst,2.126880994769675
35490,ga.feasible,1.0
35490,ga.mutationRate,0.135
35490,ga.diversity,0.10683962264150944
35490,pedido_asignado,7.0
35490,ga.best,2.126880994769675
35490,ga.avg,22.625994946115775
35490,ga.worst,100.05592304143752
35490,ga.feasible,1.0
35490,ga.mutationRate,0.06
35490,ga.diversity,0.4306865828092264
35490,ga.best,2.126880994769675
35490,ga.avg,12.20771489173505
35490,ga.worst,64.19573580631995
35490,ga.feasible,1.0
35490,ga.mutationRate,0.06
35490,ga.diversity,0.39322589098532484
35490,ga.best,2.126880994769675
35490,ga.avg,4.672729169789707
35490,ga.worst,49.68295325734704
35490,ga.feasible,1.0
35490,ga.mutationRate,0.06
35490,ga.diversity,0.15351153039832388
35490,ga.best,2.126880994769675
35490,ga.avg,2.2565268871172286
35490,ga.worst,19.90890979001462
35490,ga.feasible,1.0
35490,ga.mutationRate,0.06
35490,ga.diversity,0.040932914046121135
35490,ga.best,2.126880994769675
35490,ga.avg,2.126880994769676
35490,ga.worst,2.126880994769675
35490,ga.feasible,1.0
35490,ga.mutationRate,0.06
35490,ga.diversity,0.03702830188679245
35490,ga.best,2.126880994769675
35490,ga.avg,2.126880994769676
35490,ga.worst,2.126880994769675
35490,ga.feasible,1.0
35490,ga.mutationRate,0.06
35490,ga.diversity,0.0125
35490,ga.best,2.126880994769675
35490,ga.avg,2.126880994769676
35490,ga.worst,2.126880994769675
35490,ga.feasible,1.0
35490,ga.mutationRate,0.06
35490,ga.diversity,0.0
35490,ga.best,2.126880994769675
35490,ga.avg,2.126880994769676
35490,ga.worst,2.126880994769675
35490,ga.feasible,1.0
35490,ga.mutationRate,0.06
35490,ga.diversity,0.0
35490,ga.best,2.126880994769675
35490,ga.avg,2.126880994769676
35490,ga.worst,2.126880994769675
35490,ga.feasible,1.0
35490,ga.mutationRate,0.06
35490,ga.diversity,0.0
35490,ga.best,2.126880994769675
35490,ga.avg,2.126880994769676
35490,ga.worst,2.126880994769675
35490,ga.feasible,1.0
35490,ga.mutationRate,0.06
35490,ga.diversity,0.0
35490,ga.best,2.126880994769675
35490,ga.avg,2.230073112719631
35490,ga.worst,18.6376198667622
35490,ga.feasible,1.0
35490,ga.mutationRate,0.09
35490,ga.diversity,0.0125
35490,ga.best,2.126880994769675
35490,ga.avg,2.126880994769676
35490,ga.worst,2.126880994769675
35490,ga.feasible,1.0
35490,ga.mutationRate,0.09
35490,ga.diversity,0.0
35490,ga.best,2.126880994769675
35490,ga.avg,2.126880994769676
35490,ga.worst,2.126880994769675
35490,ga.feasible,1.0
35490,ga.mutationRate,0.09
35490,ga.diversity,0.0
35490,ga.best,2.126880994769675
35490,ga.avg,2.126880994769676
35490,ga.worst,2.126880994769675
35490,ga.feasible,1.0
35490,ga.mutationRate,0.09
35490,ga.diversity,0.0
35490,ga.best,2.126880994769675
35490,ga.avg,2.126880994769676
35490,ga.worst,2.126880994769675
35490,ga.feasible,1.0
35490,ga.mutationRate,0.09
35490,ga.diversity,0.0
35490,ga.best,2.126880994769675
35490,ga.avg,2.126880994769676
35490,ga.worst,2.126880994769675
35490,ga.feasible,1.0
35490,ga.mutationRate,0.09
35490,ga.diversity,0.0
35490,ga.best,2.126880994769675
35490,ga.avg,2.126880994769676
35490,ga.worst,2.126880994769675
35490,ga.feasible,1.0
35490,ga.mutationRate,0.09
35490,ga.diversity,0.0
35490,ga.best,2.126880994769675
35490,ga.avg,2.126880994769676
35490,ga.worst,2.126880994769675
35490,ga.feasible,1.0
35490,ga.mutationRate,0.09
35490,ga.diversity,0.0
35490,ga.best,2.126880994769675
35490,ga.avg,2.126880994769676
35490,ga.worst,2.126880994769675
35490,ga.feasible,1.0
35490,ga.mutationRate,0.09
35490,ga.diversity,0.0
35490,ga.best,2.126880994769675
35490,ga.avg,2.126880994769676
35490,ga.worst,2.126880994769675
35490,ga.feasible,1.0
35490,ga.mutationRate,0.09
35490,ga.diversity,0.0
35490,ga.best,2.126880994769675
35490,ga.avg,2.126880994769676
35490,ga.worst,2.126880994769675
35490,ga.feasible,1.0
35490,ga.mutationRate,0.135
35490,ga.diversity,0.0
35490,ga.best,2.126880994769675
35490,ga.avg,2.126880994769676
35490,ga.worst,2.126880994769675
35490,ga.feasible,1.0
35490,ga.mutationRate,0.135
35490,ga.diversity,0.0
35490,ga.best,2.126880994769675
35490,ga.avg,2.126880994769676
35490,ga.worst,2.126880994769675
35490,ga.feasible,1.0
35490,ga.mutationRate,0.135
35490,ga.diversity,0.0
35490,ga.best,2.126880994769675
35490,ga.avg,2.126880994769676
35490,ga.worst,2.126880994769675
35490,ga.feasible,1.0
35490,ga.mutationRate,0.135
35490,ga.diversity,0.0
35490,ga.best,2.126880994769675
35490,ga.avg,2.126880994769676
35490,ga.worst,2.126880994769675
35490,ga.feasible,1.0
35490,ga.mutationRate,0.135
35490,ga.diversity,0.0
35490,pedido_asignado,176.0
35490,ga.best,4.224424700195767
35490,ga.avg,22.849252352136382
35490,ga.worst,103.35746480209274
35490,ga.feasible,1.0
35490,ga.mutationRate,0.06
35490,ga.diversity,0.39178459119496767
35490,ga.best,4.224424700195767
35490,ga.avg,11.499019120118465
35490,ga.worst,48.21602431213744
35490,ga.feasible,1.0
35490,ga.mutationRate,0.06
35490,ga.diversity,0.35529350104821206
35490,ga.best,4.224424700195767
35490,ga.avg,5.652272903124677
35490,ga.worst,28.496334731063843
35490,ga.feasible,1.0
35490,ga.mutationRate,0.06
35490,ga.diversity,0.1767885220125786
35490,ga.best,4.224424700195767
35490,ga.avg,4.3192868501609265
35490,ga.worst,16.5849389992462
35490,ga.feasible,1.0
35490,ga.mutationRate,0.06
35490,ga.diversity,0.03702830188679192
35490,ga.best,4.224424700195767
35490,ga.avg,4.224424700195757
35490,ga.worst,4.224424700195767
35490,ga.feasible,1.0
35490,ga.mutationRate,0.06
35490,ga.diversity,0.03702830188679245
35490,ga.best,4.224424700195767
35490,ga.avg,4.224424700195757
35490,ga.worst,4.224424700195767
35490,ga.feasible,1.0
35490,ga.mutationRate,0.06
35490,ga.diversity,0.024842767295597486
35490,ga.best,4.224424700195767
35490,ga.avg,4.224424700195757
35490,ga.worst,4.224424700195767
35490,ga.feasible,1.0
35490,ga.mutationRate,0.06
35490,ga.diversity,0.0125
35490,ga.best,4.224424700195767
35490,ga.avg,4.224424700195757
35490,ga.worst,4.224424700195767
35490,ga.feasible,1.0
35490,ga.mutationRate,0.06
35490,ga.diversity,0.0
35490,ga.best,4.224424700195767
35490,ga.avg,4.224424700195757
35490,ga.worst,4.224424700195767
35490,ga.feasible,1.0
35490,ga.mutationRate,0.06
35490,ga.diversity,0.0
35490,ga.best,4.224424700195767
35490,ga.avg,4.224424700195757
35490,ga.worst,4.224424700195767
35490,ga.feasible,1.0
35490,ga.mutationRate,0.06
35490,ga.diversity,0.0
35490,ga.best,4.224424700195767
35490,ga.avg,4.224424700195757
35490,ga.worst,4.224424700195767
35490,ga.feasible,1.0
35490,ga.mutationRate,0.09
35490,ga.diversity,0.0
35490,ga.best,4.224424700195767
35490,ga.avg,4.224424700195757
35490,ga.worst,4.224424700195767
35490,ga.feasible,1.0
35490,ga.mutationRate,0.09
35490,ga.diversity,0.0
35490,ga.best,4.224424700195767
35490,ga.avg,4.224424700195757
35490,ga.worst,4.224424700195767
35490,ga.feasible,1.0
35490,ga.mutationRate,0.09
35490,ga.diversity,0.0
35490,ga.best,4.224424700195767
35490,ga.avg,4.224424700195757
35490,ga.worst,4.224424700195767
35490,ga.feasible,1.0
35490,ga.mutationRate,0.09
35490,ga.diversity,0.0
35490,ga.best,4.224424700195767
35490,ga.avg,4.224424700195757
35490,ga.worst,4.224424700195767
35490,ga.feasible,1.0
35490,ga.mutationRate,0.09
35490,ga.diversity,0.0
35490,ga.best,4.224424700195767
35490,ga.avg,4.224424700195757
35490,ga.worst,4.224424700195767
35490,ga.feasible,1.0
35490,ga.mutationRate,0.09
35490,ga.diversity,0.0
35490,ga.best,4.224424700195767
35490,ga.avg,4.224424700195757
35490,ga.worst,4.224424700195767
35490,ga.feasible,1.0
35490,ga.mutationRate,0.09
35490,ga.diversity,0.0
35490,ga.best,4.224424700195767
35490,ga.avg,4.224424700195757
35490,ga.worst,4.224424700195767
35490,ga.feasible,1.0
35490,ga.mutationRate,0.09
35490,ga.diversity,0.0
35490,ga.best,4.224424700195767
35490,ga.avg,4.224424700195757
35490,ga.worst,4.224424700195767
35490,ga.feasible,1.0
35490,ga.mutationRate,0.09
35490,ga.diversity,0.0
35490,ga.best,4.224424700195767
35490,ga.avg,4.224424700195757
35490,ga.worst,4.224424700195767
35490,ga.feasible,1.0
35490,ga.mutationRate,0.09
35490,ga.diversity,0.0
35490,ga.best,4.224424700195767
35490,ga.avg,4.224424700195757
35490,ga.worst,4.224424700195767
35490,ga.feasible,1.0
35490,ga.mutationRate,0.135
35490,ga.diversity,0.0
35490,ga.best,4.224424700195767
35490,ga.avg,4.224424700195757
35490,ga.worst,4.224424700195767
35490,ga.feasible,1.0
35490,ga.mutationRate,0.135
35490,ga.diversity,0.0
35490,ga.best,4.224424700195767
35490,ga.avg,4.224424700195757
35490,ga.worst,4.224424700195767
35490,ga.feasible,1.0
35490,ga.mutationRate,0.135
35490,ga.diversity,0.0
35490,ga.best,4.224424700195767
35490,ga.avg,4.224424700195757
35490,ga.worst,4.224424700195767
35490,ga.feasible,1.0
35490,ga.mutationRate,0.135
35490,ga.diversity,0.0
35490,ga.best,4.224424700195767
35490,ga.avg,6.340231625683435
35490,ga.worst,38.40512798051465
35490,ga.feasible,1.0
35490,ga.mutationRate,0.135
35490,ga.diversity,0.15617138364779873
35490,pedido_asignado,128.0
35490,ga.best,2.4741821930864463
35490,ga.avg,23.95461906351866
35490,ga.worst,80.81468609255236
35490,ga.feasible,1.0
35490,ga.mutationRate,0.06
35490,ga.diversity,0.31707184325108695
35490,ga.best,2.4741821930864463
35490,ga.avg,11.793221850629045
35490,ga.worst,63.83708556957798
35490,ga.feasible,1.0
35490,ga.mutationRate,0.06
35490,ga.diversity,0.29307053009883016
35490,ga.best,2.4741821930864463
35490,ga.avg,6.112788764041264
35490,ga.worst,36.22275562049762
35490,ga.feasible,1.0
35490,ga.mutationRate,0.06
35490,ga.diversity,0.13438155136268828
35490,ga.best,2.4741821930864463
35490,ga.avg,4.015936743328614
35490,ga.worst,4.224424700195767
35490,ga.feasible,1.0
35490,ga.mutationRate,0.06
35490,ga.diversity,0.151375786163522
35490,ga.best,2.4741821930864463
35490,ga.avg,3.785409090335624
35490,ga.worst,4.224424700195767
35490,ga.feasible,1.0
35490,ga.mutationRate,0.06
35490,ga.diversity,0.2813679245283019
35490,ga.best,2.4741821930864463
35490,ga.avg,3.401896882757549
35490,ga.worst,4.224424700195767
35490,ga.feasible,1.0
35490,ga.mutationRate,0.06
35490,ga.diversity,0.3625
35490,ga.best,2.4741821930864463
35490,ga.avg,2.976083595584547
35490,ga.worst,4.224424700195767
35490,ga.feasible,1.0
35490,ga.mutationRate,0.06
35490,ga.diversity,0.2658805031446541
35490,ga.best,2.4741821930864463
35490,ga.avg,2.6371357746190967
35490,ga.worst,4.224424700195767
35490,ga.feasible,1.0
35490,ga.mutationRate,0.06
35490,ga.diversity,0.12979559748427674
35490,ga.best,2.4741821930864463
35490,ga.avg,2.484959543968903
35490,ga.worst,4.198558334279207
35490,ga.feasible,1.0
35490,ga.mutationRate,0.06
35490,ga.diversity,0.0125
35490,ga.best,2.4741821930864463
35490,ga.avg,2.4741821930864485
35490,ga.worst,2.4741821930864463
35490,ga.feasible,1.0
35490,ga.mutationRate,0.06
35490,ga.diversity,0.0
35490,ga.best,2.4741821930864463
35490,ga.avg,2.4741821930864485
35490,ga.worst,2.4741821930864463
35490,ga.feasible,1.0
35490,ga.mutationRate,0.09
35490,ga.diversity,0.0
35490,ga.best,2.4741821930864463
35490,ga.avg,2.4741821930864485
35490,ga.worst,2.4741821930864463
35490,ga.feasible,1.0
35490,ga.mutationRate,0.09
35490,ga.diversity,0.0
35490,ga.best,2.4741821930864463
35490,ga.avg,2.4741821930864485
35490,ga.worst,2.4741821930864463
35490,ga.feasible,1.0
35490,ga.mutationRate,0.09
35490,ga.diversity,0.0
35490,ga.best,2.4741821930864463
35490,ga.avg,2.4741821930864485
35490,ga.worst,2.4741821930864463
35490,ga.feasible,1.0
35490,ga.mutationRate,0.09
35490,ga.diversity,0.0
35490,ga.best,2.4741821930864463
35490,ga.avg,2.4741821930864485
35490,ga.worst,2.4741821930864463
35490,ga.feasible,1.0
35490,ga.mutationRate,0.09
35490,ga.diversity,0.0
35490,ga.best,2.4741821930864463
35490,ga.avg,2.4741821930864485
35490,ga.worst,2.4741821930864463
35490,ga.feasible,1.0
35490,ga.mutationRate,0.09
35490,ga.diversity,0.0
35490,ga.best,2.4741821930864463
35490,ga.avg,2.4741821930864485
35490,ga.worst,2.4741821930864463
35490,ga.feasible,1.0
35490,ga.mutationRate,0.09
35490,ga.diversity,0.0
35490,ga.best,2.4741821930864463
35490,ga.avg,2.4741821930864485
35490,ga.worst,2.4741821930864463
35490,ga.feasible,1.0
35490,ga.mutationRate,0.09
35490,ga.diversity,0.0
35490,ga.best,2.4741821930864463
35490,ga.avg,2.4741821930864485
35490,ga.worst,2.4741821930864463
35490,ga.feasible,1.0
35490,ga.mutationRate,0.09
35490,ga.diversity,0.0
35490,ga.best,2.4741821930864463
35490,ga.avg,2.4741821930864485
35490,ga.worst,2.4741821930864463
35490,ga.feasible,1.0
35490,ga.mutationRate,0.09
35490,ga.diversity,0.0
35490,ga.best,2.4741821930864463
35490,ga.avg,2.485121208755882
35490,ga.worst,4.224424700195767
35490,ga.feasible,1.0
35490,ga.mutationRate,0.135
35490,ga.diversity,0.0125
35490,ga.best,2.4741821930864463
35490,ga.avg,2.4741821930864485
35490,ga.worst,2.4741821930864463
35490,ga.feasible,1.0
35490,ga.mutationRate,0.135
35490,ga.diversity,0.0
35490,ga.best,2.4741821930864463
35490,ga.avg,2.4741821930864485
35490,ga.worst,2.4741821930864463
35490,ga.feasible,1.0
35490,ga.mutationRate,0.135
35490,ga.diversity,0.0
35490,ga.best,2.4741821930864463
35490,ga.avg,2.4741821930864485
35490,ga.worst,2.4741821930864463
35490,ga.feasible,1.0
35490,ga.mutationRate,0.135
35490,ga.diversity,0.0
35490,ga.best,2.4741821930864463
35490,ga.avg,2.4741821930864485
35490,ga.worst,2.4741821930864463
35490,ga.feasible,1.0
35490,ga.mutationRate,0.135
35490,ga.diversity,0.0
35490,pedido_asignado,56.0
35490,ga.best,4.553141790206227
35490,ga.avg,20.621041985291974
35490,ga.worst,76.22384516260192
35490,ga.feasible,1.0
35490,ga.mutationRate,0.06
35490,ga.diversity,0.3819357092941961
35490,ga.best,4.553141790206227
35490,ga.avg,10.430253637298733
35490,ga.worst,47.36218011712768
35490,ga.feasible,1.0
35490,ga.mutationRate,0.06
35490,ga.diversity,0.36205974842767996
35490,ga.best,4.553141790206227
35490,ga.avg,5.644486319466223
35490,ga.worst,31.63658735278286
35490,ga.feasible,1.0
35490,ga.mutationRate,0.06
35490,ga.diversity,0.10553459119496912
35490,ga.best,4.553141790206227
35490,ga.avg,4.568151218777567
35490,ga.worst,6.954650361619125
35490,ga.feasible,1.0
35490,ga.mutationRate,0.06
35490,ga.diversity,0.024842767295597486
35490,ga.best,4.553141790206227
35490,ga.avg,4.553141790206236
35490,ga.worst,4.553141790206227
35490,ga.feasible,1.0
35490,ga.mutationRate,0.06
35490,ga.diversity,0.024842767295597486
35490,ga.best,4.553141790206227
35490,ga.avg,4.553141790206236
35490,ga.worst,4.553141790206227
35490,ga.feasible,1.0
35490,ga.mutationRate,0.06
35490,ga.diversity,0.024842767295597486
35490,ga.best,4.553141790206227
35490,ga.avg,4.553141790206236
35490,ga.worst,4.553141790206227
35490,ga.feasible,1.0
35490,ga.mutationRate,0.06
35490,ga.diversity,0.03702830188679245
35490,ga.best,4.553141790206227
35490,ga.avg,4.553141790206236
35490,ga.worst,4.553141790206227
35490,ga.feasible,1.0
35490,ga.mutationRate,0.06
35490,ga.diversity,0.04905660377358491
35490,ga.best,4.553141790206227
35490,ga.avg,4.553141790206236
35490,ga.worst,4.553141790206227
35490,ga.feasible,1.0
35490,ga.mutationRate,0.06
35490,ga.diversity,0.03702830188679245
35490,ga.best,4.553141790206227
35490,ga.avg,4.553141790206236
35490,ga.worst,4.553141790206227
35490,ga.feasible,1.0
35490,ga.mutationRate,0.06
35490,ga.diversity,0.03702830188679245
35490,ga.best,4.553141790206227
35490,ga.avg,4.553141790206236
35490,ga.worst,4.553141790206227
35490,ga.feasible,1.0
35490,ga.mutationRate,0.09
35490,ga.diversity,0.024842767295597486
35490,ga.best,4.553141790206227
35490,ga.avg,4.553141790206236
35490,ga.worst,4.553141790206227
35490,ga.feasible,1.0
35490,ga.mutationRate,0.09
35490,ga.diversity,0.0125
35490,ga.best,4.553141790206227
35490,ga.avg,4.553141790206236
35490,ga.worst,4.553141790206227
35490,ga.feasible,1.0
35490,ga.mutationRate,0.09
35490,ga.diversity,0.0
35490,ga.best,4.553141790206227
35490,ga.avg,4.553141790206236
35490,ga.worst,4.553141790206227
35490,ga.feasible,1.0
35490,ga.mutationRate,0.09
35490,ga.diversity,0.0
35490,ga.best,4.553141790206227
35490,ga.avg,4.553141790206236
35490,ga.worst,4.553141790206227
35490,ga.feasible,1.0
35490,ga.mutationRate,0.09
35490,ga.diversity,0.0
35490,ga.best,4.553141790206227
35490,ga.avg,4.553141790206236
35490,ga.worst,4.553141790206227
35490,ga.feasible,1.0
35490,ga.mutationRate,0.09
35490,ga.diversity,0.0
35490,ga.best,4.553141790206227
35490,ga.avg,4.553141790206236
35490,ga.worst,4.553141790206227
35490,ga.feasible,1.0
35490,ga.mutationRate,0.09
35490,ga.diversity,0.0
35490,ga.best,4.553141790206227
35490,ga.avg,4.553141790206236
35490,ga.worst,4.553141790206227
35490,ga.feasible,1.0
35490,ga.mutationRate,0.09
35490,ga.diversity,0.0
35490,ga.best,4.553141790206227
35490,ga.avg,4.553141790206236
35490,ga.worst,4.553141790206227
35490,ga.feasible,1.0
35490,ga.mutationRate,0.09
35490,ga.diversity,0.0
35490,ga.best,4.553141790206227
35490,ga.avg,4.553141790206236
35490,ga.worst,4.553141790206227
35490,ga.feasible,1.0
35490,ga.mutationRate,0.09
35490,ga.diversity,0.0
35490,ga.best,4.553141790206227
35490,ga.avg,4.553141790206236
35490,ga.worst,4.553141790206227
35490,ga.feasible,1.0
35490,ga.mutationRate,0.135
35490,ga.diversity,0.0
35490,ga.best,4.553141790206227
35490,ga.avg,4.553141790206236
35490,ga.worst,4.553141790206227
35490,ga.feasible,1.0
35490,ga.mutationRate,0.135
35490,ga.diversity,0.0
35490,ga.best,4.553141790206227
35490,ga.avg,4.553141790206236
35490,ga.worst,4.553141790206227
35490,ga.feasible,1.0
35490,ga.mutationRate,0.135
35490,ga.diversity,0.0
35490,ga.best,4.553141790206227
35490,ga.avg,4.553141790206236
35490,ga.worst,4.553141790206227
35490,ga.feasible,1.0
35490,ga.mutationRate,0.135
35490,ga.diversity,0.0
35490,ga.best,4.553141790206227
35490,ga.avg,5.607512387358251
35490,ga.worst,47.84344285424566
35490,ga.feasible,1.0
35490,ga.mutationRate,0.135
35490,ga.diversity,0.10418238993711045
35490,pedido_asignado,185.0
35490,ga.best,1.3455123365355863
35490,ga.avg,22.96146211552086
35490,ga.worst,91.8686806872051
35490,ga.feasible,1.0
35490,ga.mutationRate,0.06
35490,ga.diversity,0.47262185534591195
35490,ga.best,1.3455123365355863
35490,ga.avg,9.533816097584433
35490,ga.worst,59.265005605260214
35490,ga.feasible,1.0
35490,ga.mutationRate,0.06
35490,ga.diversity,0.3685691823899468
35490,ga.best,1.3455123365355863
35490,ga.avg,4.211813339457839
35490,ga.worst,41.971535368396744
35490,ga.feasible,1.0
35490,ga.mutationRate,0.06
35490,ga.diversity,0.18209119496855652
35490,ga.best,1.3455123365355863
35490,ga.avg,1.619165211639075
35490,ga.worst,22.732866559875575
35490,ga.feasible,1.0
35490,ga.mutationRate,0.06
35490,ga.diversity,0.03408018867924528
35490,ga.best,1.3455123365355863
35490,ga.avg,1.3455123365355897
35490,ga.worst,1.3455123365355863
35490,ga.feasible,1.0
35490,ga.mutationRate,0.06
35490,ga.diversity,0.04905660377358491
35490,ga.best,1.3455123365355863
35490,ga.avg,1.3455123365355897
35490,ga.worst,1.3455123365355863
35490,ga.feasible,1.0
35490,ga.mutationRate,0.06
35490,ga.diversity,0.024842767295597486
35490,ga.best,1.3455123365355863
35490,ga.avg,1.3455123365355897
35490,ga.worst,1.3455123365355863
35490,ga.feasible,1.0
35490,ga.mutationRate,0.06
35490,ga.diversity,0.08419811320754716
35490,ga.best,1.3455123365355863
35490,ga.avg,1.3455123365355897
35490,ga.worst,1.3455123365355863
35490,ga.feasible,1.0
35490,ga.mutationRate,0.06
35490,ga.diversity,0.15023584905660378
35490,ga.best,1.3455123365355863
35490,ga.avg,1.3455123365355897
35490,ga.worst,1.3455123365355863
35490,ga.feasible,1.0
35490,ga.mutationRate,0.06
35490,ga.diversity,0.15023584905660378
35490,ga.best,1.3455123365355863
35490,ga.avg,1.3455123365355897
35490,ga.worst,1.3455123365355863
35490,ga.feasible,1.0
35490,ga.mutationRate,0.06
35490,ga.diversity,0.08419811320754716
35490,ga.best,1.3455123365355863
35490,ga.avg,1.3455123365355897
35490,ga.worst,1.3455123365355863
35490,ga.feasible,1.0
35490,ga.mutationRate,0.09
35490,ga.diversity,0.13962264150943396
35490,ga.best,1.3455123365355863
35490,ga.avg,1.3455123365355897
35490,ga.worst,1.3455123365355863
35490,ga.feasible,1.0
35490,ga.mutationRate,0.09
35490,ga.diversity,0.12885220125786165
35490,ga.best,1.3455123365355863
35490,ga.avg,1.3455123365355897
35490,ga.worst,1.3455123365355863
35490,ga.feasible,1.0
35490,ga.mutationRate,0.09
35490,ga.diversity,0.10683962264150944
35490,ga.best,1.3455123365355863
35490,ga.avg,1.3455123365355897
35490,ga.worst,1.3455123365355863
35490,ga.feasible,1.0
35490,ga.mutationRate,0.09
35490,ga.diversity,0.07264150943396226
35490,ga.best,1.3455123365355863
35490,ga.avg,1.3455123365355897
35490,ga.worst,1.3455123365355863
35490,ga.feasible,1.0
35490,ga.mutationRate,0.09
35490,ga.diversity,0.03702830188679245
35490,ga.best,1.3455123365355863
35490,ga.avg,1.3455123365355897
35490,ga.worst,1.3455123365355863
35490,ga.feasible,1.0
35490,ga.mutationRate,0.09
35490,ga.diversity,0.04905660377358491
35490,ga.best,1.3455123365355863
35490,ga.avg,1.3455123365355897
35490,ga.worst,1.3455123365355863
35490,ga.feasible,1.0
35490,ga.mutationRate,0.09
35490,ga.diversity,0.03702830188679245
35490,ga.best,1.3455123365355863
35490,ga.avg,1.3455123365355897
35490,ga.worst,1.3455123365355863
35490,ga.feasible,1.0
35490,ga.mutationRate,0.09
35490,ga.diversity,0.03702830188679245
35490,ga.best,1.3455123365355863
35490,ga.avg,1.3455123365355897
35490,ga.worst,1.3455123365355863
35490,ga.feasible,1.0
35490,ga.mutationRate,0.09
35490,ga.diversity,0.04905660377358491
35490,ga.best,1.3455123365355863
35490,ga.avg,1.3455123365355897
35490,ga.worst,1.3455123365355863
35490,ga.feasible,1.0
35490,ga.mutationRate,0.09
35490,ga.diversity,0.04905660377358491
35490,ga.best,1.3455123365355863
35490,ga.avg,1.3455123365355897
35490,ga.worst,1.3455123365355863
35490,ga.feasible,1.0
35490,ga.mutationRate,0.135
35490,ga.diversity,0.09559748427672957
35490,ga.best,1.3455123365355863
35490,ga.avg,1.3455123365355897
35490,ga.worst,1.3455123365355863
35490,ga.feasible,1.0
35490,ga.mutationRate,0.135
35490,ga.diversity,0.08419811320754716
35490,ga.best,1.3455123365355863
35490,ga.avg,1.3455123365355897
35490,ga.worst,1.3455123365355863
35490,ga.feasible,1.0
35490,ga.mutationRate,0.135
35490,ga.diversity,0.12885220125786165
35490,ga.best,1.3455123365355863
35490,ga.avg,1.3455123365355897
35490,ga.worst,1.3455123365355863
35490,ga.feasible,1.0
35490,ga.mutationRate,0.135
35490,ga.diversity,0.07264150943396226
35490,ga.best,1.3455123365355863
35490,ga.avg,4.682979294710692
35490,ga.worst,46.43264682010746
35490,ga.feasible,1.0
35490,ga.mutationRate,0.135
35490,ga.diversity,0.14999999999999988
35490,pedido_asignado,186.0
35490,ga.best,3.612939272746621
35490,ga.avg,22.962253412788286
35490,ga.worst,88.49042925740771
35490,ga.feasible,1.0
35490,ga.mutationRate,0.06
35490,ga.diversity,0.33269785115304445
35490,ga.best,3.612939272746621
35490,ga.avg,11.196552019131689
35490,ga.worst,48.48674127480188
35490,ga.feasible,1.0
35490,ga.mutationRate,0.06
35490,ga.diversity,0.3664439203354272
35490,ga.best,3.612939272746621
35490,ga.avg,5.718969380879469
35490,ga.worst,27.536440023266067
35490,ga.feasible,1.0
35490,ga.mutationRate,0.06
35490,ga.diversity,0.19147012578616351
35490,ga.best,3.612939272746621
35490,ga.avg,3.8101795551126543
35490,ga.worst,18.562903834513783
35490,ga.feasible,1.0
35490,ga.mutationRate,0.06
35490,ga.diversity,0.03304507337526208
35490,ga.best,3.612939272746621
35490,ga.avg,3.612939272746632
35490,ga.worst,3.612939272746621
35490,ga.feasible,1.0
35490,ga.mutationRate,0.06
35490,ga.diversity,0.0
35490,ga.best,3.612939272746621
35490,ga.avg,3.612939272746632
35490,ga.worst,3.612939272746621
35490,ga.feasible,1.0
35490,ga.mutationRate,0.06
35490,ga.diversity,0.0
35490,ga.best,3.612939272746621
35490,ga.avg,3.612939272746632
35490,ga.worst,3.612939272746621
35490,ga.feasible,1.0
35490,ga.mutationRate,0.06
35490,ga.diversity,0.0
35490,ga.best,3.612939272746621
35490,ga.avg,3.612939272746632
35490,ga.worst,3.612939272746621
35490,ga.feasible,1.0
35490,ga.mutationRate,0.06
35490,ga.diversity,0.0
35490,ga.best,3.612939272746621
35490,ga.avg,3.612939272746632
35490,ga.worst,3.612939272746621
35490,ga.feasible,1.0
35490,ga.mutationRate,0.06
35490,ga.diversity,0.0
35490,ga.best,3.612939272746621
35490,ga.avg,3.612939272746632
35490,ga.worst,3.612939272746621
35490,ga.feasible,1.0
35490,ga.mutationRate,0.06
35490,ga.diversity,0.0
35490,ga.best,3.612939272746621
35490,ga.avg,3.612939272746632
35490,ga.worst,3.612939272746621
35490,ga.feasible,1.0
35490,ga.mutationRate,0.09
35490,ga.diversity,0.0
35490,ga.best,3.612939272746621
35490,ga.avg,3.612939272746632
35490,ga.worst,3.612939272746621
35490,ga.feasible,1.0
35490,ga.mutationRate,0.09
35490,ga.diversity,0.0
35490,ga.best,3.612939272746621
35490,ga.avg,3.612939272746632
35490,ga.worst,3.612939272746621
35490,ga.feasible,1.0
35490,ga.mutationRate,0.09
35490,ga.diversity,0.0
35490,ga.best,3.612939272746621
35490,ga.avg,3.612939272746632
35490,ga.worst,3.612939272746621
35490,ga.feasible,1.0
35490,ga.mutationRate,0.09
35490,ga.diversity,0.0
35490,ga.best,3.612939272746621
35490,ga.avg,3.612939272746632
35490,ga.worst,3.612939272746621
35490,ga.feasible,1.0
35490,ga.mutationRate,0.09
35490,ga.diversity,0.0
35490,ga.best,3.612939272746621
35490,ga.avg,3.612939272746632
35490,ga.worst,3.612939272746621
35490,ga.feasible,1.0
35490,ga.mutationRate,0.09
35490,ga.diversity,0.0
35490,ga.best,3.612939272746621
35490,ga.avg,3.612939272746632
35490,ga.worst,3.612939272746621
35490,ga.feasible,1.0
35490,ga.mutationRate,0.09
35490,ga.diversity,0.0
35490,ga.best,3.612939272746621
35490,ga.avg,3.612939272746632
35490,ga.worst,3.612939272746621
35490,ga.feasible,1.0
35490,ga.mutationRate,0.09
35490,ga.diversity,0.0
35490,ga.best,3.612939272746621
35490,ga.avg,3.612939272746632
35490,ga.worst,3.612939272746621
35490,ga.feasible,1.0
35490,ga.mutationRate,0.09
35490,ga.diversity,0.0
35490,ga.best,3.612939272746621
35490,ga.avg,3.612939272746632
35490,ga.worst,3.612939272746621
35490,ga.feasible,1.0
35490,ga.mutationRate,0.09
35490,ga.diversity,0.0
35490,ga.best,3.612939272746621
35490,ga.avg,3.612939272746632
35490,ga.worst,3.612939272746621
35490,ga.feasible,1.0
35490,ga.mutationRate,0.135
35490,ga.diversity,0.0
35490,ga.best,3.612939272746621
35490,ga.avg,3.612939272746632
35490,ga.worst,3.612939272746621
35490,ga.feasible,1.0
35490,ga.mutationRate,0.135
35490,ga.diversity,0.0
35490,ga.best,3.612939272746621
35490,ga.avg,3.612939272746632
35490,ga.worst,3.612939272746621
35490,ga.feasible,1.0
35490,ga.mutationRate,0.135
35490,ga.diversity,0.0
35490,ga.best,3.612939272746621
35490,ga.avg,3.612939272746632
35490,ga.worst,3.612939272746621
35490,ga.feasible,1.0
35490,ga.mutationRate,0.135
35490,ga.diversity,0.0
35490,ga.best,3.612939272746621
35490,ga.avg,5.714497651995897
35490,ga.worst,47.00080036632998
35490,ga.feasible,1.0
35490,ga.mutationRate,0.135
35490,ga.diversity,0.09486373165618449
36464,pedido_asignado,184.0
36464,ga.best,1.6042065824129161
36464,ga.avg,22.29659956312831
36464,ga.worst,92.31021281996858
36464,ga.feasible,1.0
36464,ga.mutationRate,0.06
36464,ga.diversity,0.4351764500349397
36464,ga.best,1.6042065824129161
36464,ga.avg,11.829286778965656
36464,ga.worst,69.40655031556194
36464,ga.feasible,1.0
36464,ga.mutationRate,0.06
36464,ga.diversity,0.2879913522012579
36464,ga.best,1.6042065824129161
36464,ga.avg,4.868072267159722
36464,ga.worst,31.32296741627061
36464,ga.feasible,1.0
36464,ga.mutationRate,0.06
36464,ga.diversity,0.2174135220125786
36464,ga.best,1.6042065824129161
36464,ga.avg,2.44999622925529
36464,ga.worst,26.954181090560958
36464,ga.feasible,1.0
36464,ga.mutationRate,0.06
36464,ga.diversity,0.06315513626834426
36464,ga.best,1.6042065824129161
36464,ga.avg,2.1662449164802338
36464,ga.worst,2.2465361070612824
36464,ga.feasible,1.0
36464,ga.mutationRate,0.06
36464,ga.diversity,0.22012578616352202
36464,ga.best,1.6042065824129161
36464,ga.avg,2.093982844957293
36464,ga.worst,2.2465361070612824
36464,ga.feasible,1.0
36464,ga.mutationRate,0.06
36464,ga.diversity,0.3644654088050314
36464,ga.best,1.6042065824129161
36464,ga.avg,1.9293859042661516
36464,ga.worst,2.2465361070612824
36464,ga.feasible,1.0
36464,ga.mutationRate,0.06
36464,ga.diversity,0.503066037735849
36464,ga.best,1.6042065824129161
36464,ga.avg,1.800919999336482
36464,ga.worst,2.2465361070612824
36464,ga.feasible,1.0
36464,ga.mutationRate,0.06
36464,ga.diversity,0.4275943396226415
36464,ga.best,1.6042065824129161
36464,ga.avg,1.680483213464914
36464,ga.worst,2.2465361070612824
36464,ga.feasible,1.0
36464,ga.mutationRate,0.06
36464,ga.diversity,0.2106132075471698
36464,ga.best,1.6042065824129161
36464,ga.avg,1.616250261000078
36464,ga.worst,2.2465361070612824
36464,ga.feasible,1.0
36464,ga.mutationRate,0.06
36464,ga.diversity,0.03702830188679245
36464,ga.best,1.6042065824129161
36464,ga.avg,1.6082211419419736
36464,ga.worst,2.2465361070612824
36464,ga.feasible,1.0
36464,ga.mutationRate,0.09
36464,ga.diversity,0.0125
36464,ga.best,1.6042065824129161
36464,ga.avg,1.6042065824129215
36464,ga.worst,1.6042065824129161
36464,ga.feasible,1.0
36464,ga.mutationRate,0.09
36464,ga.diversity,0.0
36464,ga.best,1.6042065824129161
36464,ga.avg,1.6042065824129215
36464,ga.worst,1.6042065824129161
36464,ga.feasible,1.0
36464,ga.mutationRate,0.09
36464,ga.diversity,0.0
36464,ga.best,1.6042065824129161
36464,ga.avg,1.6042065824129215
36464,ga.worst,1.6042065824129161
36464,ga.feasible,1.0
36464,ga.mutationRate,0.09
36464,ga.diversity,0.0
36464,ga.best,1.6042065824129161
36464,ga.avg,1.6042065824129215
36464,ga.worst,1.6042065824129161
36464,ga.feasible,1.0
36464,ga.mutationRate,0.09
36464,ga.diversity,0.0
36464,ga.best,1.6042065824129161
36464,ga.avg,1.6042065824129215
36464,ga.worst,1.6042065824129161
36464,ga.feasible,1.0
36464,ga.mutationRate,0.09
36464,ga.diversity,0.0
36464,ga.best,1.6042065824129161
36464,ga.avg,1.6042065824129215
36464,ga.worst,1.6042065824129161
36464,ga.feasible,1.0
36464,ga.mutationRate,0.09
36464,ga.diversity,0.0
36464,ga.best,1.6042065824129161
36464,ga.avg,1.6042065824129215
36464,ga.worst,1.6042065824129161
36464,ga.feasible,1.0
36464,ga.mutationRate,0.09
36464,ga.diversity,0.0
36464,ga.best,1.6042065824129161
36464,ga.avg,1.6042065824129215
36464,ga.worst,1.6042065824129161
36464,ga.feasible,1.0
36464,ga.mutationRate,0.09
36464,ga.diversity,0.0
36464,ga.best,1.6042065824129161
36464,ga.avg,1.6042065824129215
36464,ga.worst,1.6042065824129161
36464,ga.feasible,1.0
36464,ga.mutationRate,0.09
36464,ga.diversity,0.0
36464,ga.best,1.6042065824129161
36464,ga.avg,1.6042065824129215
36464,ga.worst,1.6042065824129161
36464,ga.feasible,1.0
36464,ga.mutationRate,0.135
36464,ga.diversity,0.0
36464,ga.best,1.6042065824129161
36464,ga.avg,1.6042065824129215
36464,ga.worst,1.6042065824129161
36464,ga.feasible,1.0
36464,ga.mutationRate,0.135
36464,ga.diversity,0.0
36464,ga.best,1.6042065824129161
36464,ga.avg,1.6042065824129215
36464,ga.worst,1.6042065824129161
36464,ga.feasible,1.0
36464,ga.mutationRate,0.135
36464,ga.diversity,0.0
36464,ga.best,1.6042065824129161
36464,ga.avg,1.6042065824129215
36464,ga.worst,1.6042065824129161
36464,ga.feasible,1.0
36464,ga.mutationRate,0.135
36464,ga.diversity,0.0
36464,ga.best,1.6042065824129161
36464,ga.avg,1.6042065824129215
36464,ga.worst,1.6042065824129161
36464,ga.feasible,1.0
36464,ga.mutationRate,0.135
36464,ga.diversity,0.0
36464,pedido_asignado,35.0
36464,ga.best,1.9297094927708374
36464,ga.avg,21.94361394555934
36464,ga.worst,91.73026955188453
36464,ga.feasible,1.0
36464,ga.mutationRate,0.06
36464,ga.diversity,0.3831996855346021
36464,ga.best,1.9297094927708374
36464,ga.avg,9.099200811657486
36464,ga.worst,46.50075081940508
36464,ga.feasible,1.0
36464,ga.mutationRate,0.06
36464,ga.diversity,0.2640274034141974
36464,ga.best,1.9297094927708374
36464,ga.avg,4.632185806681017
36464,ga.worst,40.76670260491832
36464,ga.feasible,1.0
36464,ga.mutationRate,0.06
36464,ga.diversity,0.1794811320754717
36464,ga.best,1.9297094927708374
36464,ga.avg,2.3229326171159608
36464,ga.worst,15.243783021528538
36464,ga.feasible,1.0
36464,ga.mutationRate,0.06
36464,ga.diversity,0.06647012578616353
36464,ga.best,1.9297094927708374
36464,ga.avg,2.2267344436681253
36464,ga.worst,2.2465361070612824
36464,ga.feasible,1.0
36464,ga.mutationRate,0.06
36464,ga.diversity,0.12963836477987423
36464,ga.best,1.9297094927708374
36464,ga.avg,2.1930716158997656
36464,ga.worst,2.2465361070612824
36464,ga.feasible,1.0
36464,ga.mutationRate,0.06
36464,ga.diversity,0.292688679245283
36464,ga.best,1.9297094927708374
36464,ga.avg,2.1396071247382524
36464,ga.worst,2.2465361070612824
36464,ga.feasible,1.0
36464,ga.mutationRate,0.06
36464,ga.diversity,0.46635220125786164
36464,ga.best,1.9297094927708374
36464,ga.avg,2.0604004711656407
36464,ga.worst,2.2465361070612824
36464,ga.feasible,1.0
36464,ga.mutationRate,0.06
36464,ga.diversity,0.4877358490566038
36464,ga.best,1.9297094927708374
36464,ga.avg,1.9693128195571372
36464,ga.worst,2.2465361070612824
36464,ga.feasible,1.0
36464,ga.mutationRate,0.06
36464,ga.diversity,0.22012578616352202
36464,ga.best,1.9297094927708374
36464,ga.avg,1.9376301581280928
36464,ga.worst,2.2465361070612824
36464,ga.feasible,1.0
36464,ga.mutationRate,0.06
36464,ga.diversity,0.04905660377358491
36464,ga.best,1.9297094927708374
36464,ga.avg,2.053421223205023
36464,ga.worst,21.723586362241505
36464,ga.feasible,1.0
36464,ga.mutationRate,0.09
36464,ga.diversity,0.0125
36464,ga.best,1.9297094927708374
36464,ga.avg,1.9297094927708316
36464,ga.worst,1.9297094927708374
36464,ga.feasible,1.0
36464,ga.mutationRate,0.09
36464,ga.diversity,0.0
36464,ga.best,1.9297094927708374
36464,ga.avg,1.9297094927708316
36464,ga.worst,1.9297094927708374
36464,ga.feasible,1.0
36464,ga.mutationRate,0.09
36464,ga.diversity,0.0
36464,ga.best,1.9297094927708374
36464,ga.avg,1.9297094927708316
36464,ga.worst,1.9297094927708374
36464,ga.feasible,1.0
36464,ga.mutationRate,0.09
36464,ga.diversity,0.0
36464,ga.best,1.9297094927708374
36464,ga.avg,1.9297094927708316
36464,ga.worst,1.9297094927708374
36464,ga.feasible,1.0
36464,ga.mutationRate,0.09
36464,ga.diversity,0.0
36464,ga.best,1.9297094927708374
36464,ga.avg,1.9297094927708316
36464,ga.worst,1.9297094927708374
36464,ga.feasible,1.0
36464,ga.mutationRate,0.09
36464,ga.diversity,0.0
36464,ga.best,1.9297094927708374
36464,ga.avg,1.9297094927708316
36464,ga.worst,1.9297094927708374
36464,ga.feasible,1.0
36464,ga.mutationRate,0.09
36464,ga.diversity,0.0
36464,ga.best,1.9297094927708374
36464,ga.avg,1.9297094927708316
36464,ga.worst,1.9297094927708374
36464,ga.feasible,1.0
36464,ga.mutationRate,0.09
36464,ga.diversity,0.0
36464,ga.best,1.9297094927708374
36464,ga.avg,1.9297094927708316
36464,ga.worst,1.9297094927708374
36464,ga.feasible,1.0
36464,ga.mutationRate,0.09
36464,ga.diversity,0.0
36464,ga.best,1.9297094927708374
36464,ga.avg,1.9297094927708316
36464,ga.worst,1.9297094927708374
36464,ga.feasible,1.0
36464,ga.mutationRate,0.09
36464,ga.diversity,0.0
36464,ga.best,1.9297094927708374
36464,ga.avg,1.9297094927708316
36464,ga.worst,1.9297094927708374
36464,ga.feasible,1.0
36464,ga.mutationRate,0.135
36464,ga.diversity,0.0
36464,ga.best,1.9297094927708374
36464,ga.avg,1.9297094927708316
36464,ga.worst,1.9297094927708374
36464,ga.feasible,1.0
36464,ga.mutationRate,0.135
36464,ga.diversity,0.0
36464,ga.best,1.9297094927708374
36464,ga.avg,1.9297094927708316
36464,ga.worst,1.9297094927708374
36464,ga.feasible,1.0
36464,ga.mutationRate,0.135
36464,ga.diversity,0.0
36464,ga.best,1.9297094927708374
36464,ga.avg,1.9297094927708316
36464,ga.worst,1.9297094927708374
36464,ga.feasible,1.0
36464,ga.mutationRate,0.135
36464,ga.diversity,0.0
36464,ga.best,1.9297094927708374
36464,ga.avg,1.9297094927708316
36464,ga.worst,1.9297094927708374
36464,ga.feasible,1.0
36464,ga.mutationRate,0.135
36464,ga.diversity,0.0
36598,pedido_asignado,150.0
36598,ga.best,1.7808811195661631
36598,ga.avg,19.317359438268166
36598,ga.worst,106.1885093515879
36598,ga.feasible,1.0
36598,ga.mutationRate,0.06
36598,ga.diversity,0.3960604472396779
36598,ga.best,1.7808811195661631
36598,ga.avg,7.532403331189829
36598,ga.worst,44.07018992144647
36598,ga.feasible,1.0
36598,ga.mutationRate,0.06
36598,ga.diversity,0.2676362683438189
36598,ga.best,1.7808811195661631
36598,ga.avg,3.401080855927566
36598,ga.worst,30.21084658861553
36598,ga.feasible,1.0
36598,ga.mutationRate,0.06
36598,ga.diversity,0.1022536687631029
36598,ga.best,1.7808811195661631
36598,ga.avg,2.016066378108067
36598,ga.worst,17.76137636624138
36598,ga.feasible,1.0
36598,ga.mutationRate,0.06
36598,ga.diversity,0.09326519916142653
36598,ga.best,1.7808811195661631
36598,ga.avg,1.7808811195661687
36598,ga.worst,1.7808811195661631
36598,ga.feasible,1.0
36598,ga.mutationRate,0.06
36598,ga.diversity,0.18608490566037736
36598,ga.best,1.7808811195661631
36598,ga.avg,1.7808811195661687
36598,ga.worst,1.7808811195661631
36598,ga.feasible,1.0
36598,ga.mutationRate,0.06
36598,ga.diversity,0.2279874213836478
36598,ga.best,1.7808811195661631
36598,ga.avg,1.7808811195661687
36598,ga.worst,1.7808811195661631
36598,ga.feasible,1.0
36598,ga.mutationRate,0.06
36598,ga.diversity,0.19630503144654088
36598,ga.best,1.7808811195661631
36598,ga.avg,1.7808811195661687
36598,ga.worst,1.7808811195661631
36598,ga.feasible,1.0
36598,ga.mutationRate,0.06
36598,ga.diversity,0.22602201257861634
36598,ga.best,1.7808811195661631
36598,ga.avg,1.7808811195661687
36598,ga.worst,1.7808811195661631
36598,ga.feasible,1.0
36598,ga.mutationRate,0.06
36598,ga.diversity,0.23577044025157232
36598,ga.best,1.7808811195661631
36598,ga.avg,1.7808811195661687
36598,ga.worst,1.7808811195661631
36598,ga.feasible,1.0
36598,ga.mutationRate,0.06
36598,ga.diversity,0.1404874213836478
36598,ga.best,1.7808811195661631
36598,ga.avg,1.7808811195661687
36598,ga.worst,1.7808811195661631
36598,ga.feasible,1.0
36598,ga.mutationRate,0.09
36598,ga.diversity,0.2009433962264151
36598,ga.best,1.7808811195661631
36598,ga.avg,1.7808811195661687
36598,ga.worst,1.7808811195661631
36598,ga.feasible,1.0
36598,ga.mutationRate,0.09
36598,ga.diversity,0.1811320754716981
36598,ga.best,1.7808811195661631
36598,ga.avg,1.7808811195661687
36598,ga.worst,1.7808811195661631
36598,ga.feasible,1.0
36598,ga.mutationRate,0.09
36598,ga.diversity,0.1811320754716981
36598,ga.best,1.7808811195661631
36598,ga.avg,1.7808811195661687
36598,ga.worst,1.7808811195661631
36598,ga.feasible,1.0
36598,ga.mutationRate,0.09
36598,ga.diversity,0.16069182389937106
36598,ga.best,1.7808811195661631
36598,ga.avg,1.7808811195661687
36598,ga.worst,1.7808811195661631
36598,ga.feasible,1.0
36598,ga.mutationRate,0.09
36598,ga.diversity,0.12885220125786165
36598,ga.best,1.7808811195661631
36598,ga.avg,1.7808811195661687
36598,ga.worst,1.7808811195661631
36598,ga.feasible,1.0
36598,ga.mutationRate,0.09
36598,ga.diversity,0.17099056603773585
36598,ga.best,1.7808811195661631
36598,ga.avg,1.7808811195661687
36598,ga.worst,1.7808811195661631
36598,ga.feasible,1.0
36598,ga.mutationRate,0.09
36598,ga.diversity,0.17099056603773585
36598,ga.best,1.7808811195661631
36598,ga.avg,1.7808811195661687
36598,ga.worst,1.7808811195661631
36598,ga.feasible,1.0
36598,ga.mutationRate,0.09
36598,ga.diversity,0.13962264150943396
36598,ga.best,1.7808811195661631
36598,ga.avg,1.7808811195661687
36598,ga.worst,1.7808811195661631
36598,ga.feasible,1.0
36598,ga.mutationRate,0.09
36598,ga.diversity,0.12885220125786165
36598,ga.best,1.7808811195661631
36598,ga.avg,1.7808811195661687
36598,ga.worst,1.7808811195661631
36598,ga.feasible,1.0
36598,ga.mutationRate,0.09
36598,ga.diversity,0.2106132075471698
36598,ga.best,1.7808811195661631
36598,ga.avg,1.9335460576027828
36598,ga.worst,26.20727120542424
36598,ga.feasible,1.0
36598,ga.mutationRate,0.135
36598,ga.diversity,0.1309748427672956
36598,ga.best,1.7808811195661631
36598,ga.avg,1.7808811195661687
36598,ga.worst,1.7808811195661631
36598,ga.feasible,1.0
36598,ga.mutationRate,0.135
36598,ga.diversity,0.25660377358490566
36598,ga.best,1.7808811195661631
36598,ga.avg,1.7808811195661687
36598,ga.worst,1.7808811195661631
36598,ga.feasible,1.0
36598,ga.mutationRate,0.135
36598,ga.diversity,0.3143867924528302
36598,ga.best,1.7808811195661631
36598,ga.avg,1.7808811195661687
36598,ga.worst,1.7808811195661631
36598,ga.feasible,1.0
36598,ga.mutationRate,0.135
36598,ga.diversity,0.3220125786163522
36598,ga.best,1.7808811195661631
36598,ga.avg,1.7808811195661687
36598,ga.worst,1.7808811195661631
36598,ga.feasible,1.0
36598,ga.mutationRate,0.135
36598,ga.diversity,0.3644654088050314
36618,pedido_asignado,186.0
36618,ga.best,1.8869459135343531
36618,ga.avg,22.305497869024144
36618,ga.worst,92.64976228969232
36618,ga.feasible,1.0
36618,ga.mutationRate,0.06
36618,ga.diversity,0.40900943396226047
36618,ga.best,1.8869459135343531
36618,ga.avg,9.997007654574283
36618,ga.worst,71.36006717536806
36618,ga.feasible,1.0
36618,ga.mutationRate,0.06
36618,ga.diversity,0.3472596585804171
36618,ga.best,1.8869459135343531
36618,ga.avg,5.039219802894669
36618,ga.worst,31.94010231316777
36618,ga.feasible,1.0
36618,ga.mutationRate,0.06
36618,ga.diversity,0.24064465408804583
36618,ga.best,1.8869459135343531
36618,ga.avg,2.6823669580010083
36618,ga.worst,20.187240048730946
36618,ga.feasible,1.0
36618,ga.mutationRate,0.06
36618,ga.diversity,0.08257861635220255
36618,ga.best,1.8869459135343531
36618,ga.avg,1.8869459135343571
36618,ga.worst,1.8869459135343531
36618,ga.feasible,1.0
36618,ga.mutationRate,0.06
36618,ga.diversity,0.0
36618,ga.best,1.8869459135343531
36618,ga.avg,1.8869459135343571
36618,ga.worst,1.8869459135343531
36618,ga.feasible,1.0
36618,ga.mutationRate,0.06
36618,ga.diversity,0.0
36618,ga.best,1.8869459135343531
36618,ga.avg,1.8869459135343571
36618,ga.worst,1.8869459135343531
36618,ga.feasible,1.0
36618,ga.mutationRate,0.06
36618,ga.diversity,0.0
36618,ga.best,1.8869459135343531
36618,ga.avg,1.8869459135343571
36618,ga.worst,1.8869459135343531
36618,ga.feasible,1.0
36618,ga.mutationRate,0.06
36618,ga.diversity,0.0
36618,ga.best,1.8869459135343531
36618,ga.avg,1.8869459135343571
36618,ga.worst,1.8869459135343531
36618,ga.feasible,1.0
36618,ga.mutationRate,0.06
36618,ga.diversity,0.0
36618,ga.best,1.8869459135343531
36618,ga.avg,1.8869459135343571
36618,ga.worst,1.8869459135343531
36618,ga.feasible,1.0
36618,ga.mutationRate,0.06
36618,ga.diversity,0.0
36618,ga.best,1.8869459135343531
36618,ga.avg,1.8869459135343571
36618,ga.worst,1.8869459135343531
36618,ga.feasible,1.0
36618,ga.mutationRate,0.09
36618,ga.diversity,0.0
36618,ga.best,1.8869459135343531
36618,ga.avg,1.8869459135343571
36618,ga.worst,1.8869459135343531
36618,ga.feasible,1.0
36618,ga.mutationRate,0.09
36618,ga.diversity,0.0
36618,ga.best,1.8869459135343531
36618,ga.avg,1.8869459135343571
36618,ga.worst,1.8869459135343531
36618,ga.feasible,1.0
36618,ga.mutationRate,0.09
36618,ga.diversity,0.0
36618,ga.best,1.8869459135343531
36618,ga.avg,1.8869459135343571
36618,ga.worst,1.8869459135343531
36618,ga.feasible,1.0
36618,ga.mutationRate,0.09
36618,ga.diversity,0.0
36618,ga.best,1.8869459135343531
36618,ga.avg,1.8869459135343571
36618,ga.worst,1.8869459135343531
36618,ga.feasible,1.0
36618,ga.mutationRate,0.09
36618,ga.diversity,0.0
36618,ga.best,1.8869459135343531
36618,ga.avg,1.8869459135343571
36618,ga.worst,1.8869459135343531
36618,ga.feasible,1.0
36618,ga.mutationRate,0.09
36618,ga.diversity,0.0
36618,ga.best,1.8869459135343531
36618,ga.avg,1.8869459135343571
36618,ga.worst,1.8869459135343531
36618,ga.feasible,1.0
36618,ga.mutationRate,0.09
36618,ga.diversity,0.0
36618,ga.best,1.8869459135343531
36618,ga.avg,1.8869459135343571
36618,ga.worst,1.8869459135343531
36618,ga.feasible,1.0
36618,ga.mutationRate,0.09
36618,ga.diversity,0.0
36618,ga.best,1.8869459135343531
36618,ga.avg,1.8869459135343571
36618,ga.worst,1.8869459135343531
36618,ga.feasible,1.0
36618,ga.mutationRate,0.09
36618,ga.diversity,0.0
36618,ga.best,1.8869459135343531
36618,ga.avg,1.8869459135343571
36618,ga.worst,1.8869459135343531
36618,ga.feasible,1.0
36618,ga.mutationRate,0.09
36618,ga.diversity,0.0
36618,ga.best,1.8869459135343531
36618,ga.avg,1.8869459135343571
36618,ga.worst,1.8869459135343531
36618,ga.feasible,1.0
36618,ga.mutationRate,0.135
36618,ga.diversity,0.0
36618,ga.best,1.8869459135343531
36618,ga.avg,1.8869459135343571
36618,ga.worst,1.8869459135343531
36618,ga.feasible,1.0
36618,ga.mutationRate,0.135
36618,ga.diversity,0.0
36618,ga.best,1.8869459135343531
36618,ga.avg,1.8869459135343571
36618,ga.worst,1.8869459135343531
36618,ga.feasible,1.0
36618,ga.mutationRate,0.135
36618,ga.diversity,0.0
36618,ga.best,1.8869459135343531
36618,ga.avg,1.8869459135343571
36618,ga.worst,1.8869459135343531
36618,ga.feasible,1.0
36618,ga.mutationRate,0.135
36618,ga.diversity,0.0
36618,ga.best,1.8869459135343531
36618,ga.avg,3.4658129136414524
36618,ga.worst,52.20798261066542
36618,ga.feasible,1.0
36618,ga.mutationRate,0.135
36618,ga.diversity,0.08012316561844815
36898,pedido_asignado,158.0
36898,ga.best,1.8869459135343531
36898,ga.avg,23.08726850892283
36898,ga.worst,87.01914385516083
36898,ga.feasible,1.0
36898,ga.mutationRate,0.06
36898,ga.diversity,0.39947327044025494
36898,ga.best,1.8869459135343531
36898,ga.avg,9.704822474775428
36898,ga.worst,62.38094470244421
36898,ga.feasible,1.0
36898,ga.mutationRate,0.06
36898,ga.diversity,0.3211215932914071
36898,ga.best,1.8869459135343531
36898,ga.avg,3.397513535366658
36898,ga.worst,30.788168625623968
36898,ga.feasible,1.0
36898,ga.mutationRate,0.06
36898,ga.diversity,0.12519654088050314
36898,ga.best,1.8869459135343531
36898,ga.avg,2.1234386525057927
36898,ga.worst,27.04645865635475
36898,ga.feasible,1.0
36898,ga.mutationRate,0.06
36898,ga.diversity,0.048480083857442326
36898,ga.best,1.8869459135343531
36898,ga.avg,1.8869459135343571
36898,ga.worst,1.8869459135343531
36898,ga.feasible,1.0
36898,ga.mutationRate,0.06
36898,ga.diversity,0.09559748427672957
36898,ga.best,1.8869459135343531
36898,ga.avg,1.8869459135343571
36898,ga.worst,1.8869459135343531
36898,ga.feasible,1.0
36898,ga.mutationRate,0.06
36898,ga.diversity,0.08419811320754716
36898,ga.best,1.8869459135343531
36898,ga.avg,1.8869459135343571
36898,ga.worst,1.8869459135343531
36898,ga.feasible,1.0
36898,ga.mutationRate,0.06
36898,ga.diversity,0.04905660377358491
36898,ga.best,1.8869459135343531
36898,ga.avg,1.8869459135343571
36898,ga.worst,1.8869459135343531
36898,ga.feasible,1.0
36898,ga.mutationRate,0.06
36898,ga.diversity,0.03702830188679245
36898,ga.best,1.8869459135343531
36898,ga.avg,1.8869459135343571
36898,ga.worst,1.8869459135343531
36898,ga.feasible,1.0
36898,ga.mutationRate,0.06
36898,ga.diversity,0.024842767295597486
36898,ga.best,1.8869459135343531
36898,ga.avg,1.8869459135343571
36898,ga.worst,1.8869459135343531
36898,ga.feasible,1.0
36898,ga.mutationRate,0.06
36898,ga.diversity,0.0125
36898,ga.best,1.8869459135343531
36898,ga.avg,1.8869459135343571
36898,ga.worst,1.8869459135343531
36898,ga.feasible,1.0
36898,ga.mutationRate,0.09
36898,ga.diversity,0.06092767295597484
36898,ga.best,1.8869459135343531
36898,ga.avg,1.8869459135343571
36898,ga.worst,1.8869459135343531
36898,ga.feasible,1.0
36898,ga.mutationRate,0.09
36898,ga.diversity,0.03702830188679245
36898,ga.best,1.8869459135343531
36898,ga.avg,1.8869459135343571
36898,ga.worst,1.8869459135343531
36898,ga.feasible,1.0
36898,ga.mutationRate,0.09
36898,ga.diversity,0.07264150943396226
36898,ga.best,1.8869459135343531
36898,ga.avg,1.8869459135343571
36898,ga.worst,1.8869459135343531
36898,ga.feasible,1.0
36898,ga.mutationRate,0.09
36898,ga.diversity,0.09559748427672957
36898,ga.best,1.8869459135343531
36898,ga.avg,1.8869459135343571
36898,ga.worst,1.8869459135343531
36898,ga.feasible,1.0
36898,ga.mutationRate,0.09
36898,ga.diversity,0.12885220125786165
36898,ga.best,1.8869459135343531
36898,ga.avg,1.8869459135343571
36898,ga.worst,1.8869459135343531
36898,ga.feasible,1.0
36898,ga.mutationRate,0.09
36898,ga.diversity,0.15023584905660378
36898,ga.best,1.8869459135343531
36898,ga.avg,1.8869459135343571
36898,ga.worst,1.8869459135343531
36898,ga.feasible,1.0
36898,ga.mutationRate,0.09
36898,ga.diversity,0.1811320754716981
36898,ga.best,1.8869459135343531
36898,ga.avg,1.8869459135343571
36898,ga.worst,1.8869459135343531
36898,ga.feasible,1.0
36898,ga.mutationRate,0.09
36898,ga.diversity,0.17099056603773585
36898,ga.best,1.8869459135343531
36898,ga.avg,1.8869459135343571
36898,ga.worst,1.8869459135343531
36898,ga.feasible,1.0
36898,ga.mutationRate,0.09
36898,ga.diversity,0.15023584905660378
36898,ga.best,1.8869459135343531
36898,ga.avg,1.8869459135343571
36898,ga.worst,1.8869459135343531
36898,ga.feasible,1.0
36898,ga.mutationRate,0.09
36898,ga.diversity,0.15023584905660378
36898,ga.best,1.8869459135343531
36898,ga.avg,1.8869459135343571
36898,ga.worst,1.8869459135343531
36898,ga.feasible,1.0
36898,ga.mutationRate,0.135
36898,ga.diversity,0.2477201257861635
36898,ga.best,1.8869459135343531
36898,ga.avg,1.8869459135343571
36898,ga.worst,1.8869459135343531
36898,ga.feasible,1.0
36898,ga.mutationRate,0.135
36898,ga.diversity,0.2738993710691824
36898,ga.best,1.8869459135343531
36898,ga.avg,1.8869459135343571
36898,ga.worst,1.8869459135343531
36898,ga.feasible,1.0
36898,ga.mutationRate,0.135
36898,ga.diversity,0.3143867924528302
36898,ga.best,1.8869459135343531
36898,ga.avg,1.8869459135343571
36898,ga.worst,1.8869459135343531
36898,ga.feasible,1.0
36898,ga.mutationRate,0.135
36898,ga.diversity,0.2986635220125786
36898,ga.best,1.8869459135343531
36898,ga.avg,4.70325355043839
36898,ga.worst,60.0250930678463
36898,ga.feasible,1.0
36898,ga.mutationRate,0.135
36898,ga.diversity,0.14401205450734123
37139,pedido_asignado,29.0
37139,ga.best,1.0598999221182788
37139,ga.avg,21.353773035204615
37139,ga.worst,101.23621751541434
37139,ga.feasible,1.0
37139,ga.mutationRate,0.06
37139,ga.diversity,0.39557389937107945
37139,ga.best,1.0598999221182788
37139,ga.avg,8.073771312989223
37139,ga.worst,60.38469958202691
37139,ga.feasible,1.0
37139,ga.mutationRate,0.06
37139,ga.diversity,0.2576370170709824
37139,ga.best,1.0598999221182788
37139,ga.avg,2.5304653678512663
37139,ga.worst,31.055358726393543
37139,ga.feasible,1.0
37139,ga.mutationRate,0.06
37139,ga.diversity,0.1604756289308176
37139,ga.best,1.0598999221182788
37139,ga.avg,1.1443260717997792
37139,ga.worst,14.568083871157873
37139,ga.feasible,1.0
37139,ga.mutationRate,0.06
37139,ga.diversity,0.024842767295597486
37139,ga.best,1.0598999221182788
37139,ga.avg,1.0598999221182805
37139,ga.worst,1.0598999221182788
37139,ga.feasible,1.0
37139,ga.mutationRate,0.06
37139,ga.diversity,0.0
37139,ga.best,1.0598999221182788
37139,ga.avg,1.0598999221182805
37139,ga.worst,1.0598999221182788
37139,ga.feasible,1.0
37139,ga.mutationRate,0.06
37139,ga.diversity,0.0
37139,ga.best,1.0598999221182788
37139,ga.avg,1.0598999221182805
37139,ga.worst,1.0598999221182788
37139,ga.feasible,1.0
37139,ga.mutationRate,0.06
37139,ga.diversity,0.0
37139,ga.best,1.0598999221182788
37139,ga.avg,1.0598999221182805
37139,ga.worst,1.0598999221182788
37139,ga.feasible,1.0
37139,ga.mutationRate,0.06
37139,ga.diversity,0.0
37139,ga.best,1.0598999221182788
37139,ga.avg,1.0598999221182805
37139,ga.worst,1.0598999221182788
37139,ga.feasible,1.0
37139,ga.mutationRate,0.06
37139,ga.diversity,0.0
37139,ga.best,1.0598999221182788
37139,ga.avg,1.0598999221182805
37139,ga.worst,1.0598999221182788
37139,ga.feasible,1.0
37139,ga.mutationRate,0.06
37139,ga.diversity,0.0
37139,ga.best,1.0598999221182788
37139,ga.avg,1.0598999221182805
37139,ga.worst,1.0598999221182788
37139,ga.feasible,1.0
37139,ga.mutationRate,0.09
37139,ga.diversity,0.0
37139,ga.best,1.0598999221182788
37139,ga.avg,1.0598999221182805
37139,ga.worst,1.0598999221182788
37139,ga.feasible,1.0
37139,ga.mutationRate,0.09
37139,ga.diversity,0.0
37139,ga.best,1.0598999221182788
37139,ga.avg,1.0598999221182805
37139,ga.worst,1.0598999221182788
37139,ga.feasible,1.0
37139,ga.mutationRate,0.09
37139,ga.diversity,0.0
37139,ga.best,1.0598999221182788
37139,ga.avg,1.0598999221182805
37139,ga.worst,1.0598999221182788
37139,ga.feasible,1.0
37139,ga.mutationRate,0.09
37139,ga.diversity,0.0
37139,ga.best,1.0598999221182788
37139,ga.avg,1.0598999221182805
37139,ga.worst,1.0598999221182788
37139,ga.feasible,1.0
37139,ga.mutationRate,0.09
37139,ga.diversity,0.0
37139,ga.best,1.0598999221182788
37139,ga.avg,1.0598999221182805
37139,ga.worst,1.0598999221182788
37139,ga.feasible,1.0
37139,ga.mutationRate,0.09
37139,ga.diversity,0.0
37139,ga.best,1.0598999221182788
37139,ga.avg,1.0598999221182805
37139,ga.worst,1.0598999221182788
37139,ga.feasible,1.0
37139,ga.mutationRate,0.09
37139,ga.diversity,0.0
37139,ga.best,1.0598999221182788
37139,ga.avg,1.0598999221182805
37139,ga.worst,1.0598999221182788
37139,ga.feasible,1.0
37139,ga.mutationRate,0.09
37139,ga.diversity,0.0
37139,ga.best,1.0598999221182788
37139,ga.avg,1.0598999221182805
37139,ga.worst,1.0598999221182788
37139,ga.feasible,1.0
37139,ga.mutationRate,0.09
37139,ga.diversity,0.0
37139,ga.best,1.0598999221182788
37139,ga.avg,1.0598999221182805
37139,ga.worst,1.0598999221182788
37139,ga.feasible,1.0
37139,ga.mutationRate,0.09
37139,ga.diversity,0.0
37139,ga.best,1.0598999221182788
37139,ga.avg,1.0598999221182805
37139,ga.worst,1.0598999221182788
37139,ga.feasible,1.0
37139,ga.mutationRate,0.135
37139,ga.diversity,0.0
37139,ga.best,1.0598999221182788
37139,ga.avg,1.0598999221182805
37139,ga.worst,1.0598999221182788
37139,ga.feasible,1.0
37139,ga.mutationRate,0.135
37139,ga.diversity,0.0
37139,ga.best,1.0598999221182788
37139,ga.avg,1.0598999221182805
37139,ga.worst,1.0598999221182788
37139,ga.feasible,1.0
37139,ga.mutationRate,0.135
37139,ga.diversity,0.0
37139,ga.best,1.0598999221182788
37139,ga.avg,1.0598999221182805
37139,ga.worst,1.0598999221182788
37139,ga.feasible,1.0
37139,ga.mutationRate,0.135
37139,ga.diversity,0.0
37139,ga.best,1.0598999221182788
37139,ga.avg,4.25920931797124
37139,ga.worst,43.823134896078855
37139,ga.feasible,1.0
37139,ga.mutationRate,0.135
37139,ga.diversity,0.17058176100628897
38009,pedido_asignado,113.0
38009,ga.best,1.0598999221182788
38009,ga.avg,21.427422824002377
38009,ga.worst,91.42779404473006
38009,ga.feasible,1.0
38009,ga.mutationRate,0.06
38009,ga.diversity,0.4181516422082448
38009,ga.best,1.0598999221182788
38009,ga.avg,8.508730610977304
38009,ga.worst,59.83207981461021
38009,ga.feasible,1.0
38009,ga.mutationRate,0.06
38009,ga.diversity,0.2799191374662941
38009,ga.best,1.0598999221182788
38009,ga.avg,3.2477606176705143
38009,ga.worst,38.29923639727619
38009,ga.feasible,1.0
38009,ga.mutationRate,0.06
38009,ga.diversity,0.16945754716981132
38009,ga.best,1.0598999221182788
38009,ga.avg,1.085400272186681
38009,ga.worst,3.7256736620941533
38009,ga.feasible,1.0
38009,ga.mutationRate,0.06
38009,ga.diversity,0.01871069182389937
38009,ga.best,1.0598999221182788
38009,ga.avg,1.0598999221182805
38009,ga.worst,1.0598999221182788
38009,ga.feasible,1.0
38009,ga.mutationRate,0.06
38009,ga.diversity,0.0
38009,ga.best,1.0598999221182788
38009,ga.avg,1.0598999221182805
38009,ga.worst,1.0598999221182788
38009,ga.feasible,1.0
38009,ga.mutationRate,0.06
38009,ga.diversity,0.0
38009,ga.best,1.0598999221182788
38009,ga.avg,1.0598999221182805
38009,ga.worst,1.0598999221182788
38009,ga.feasible,1.0
38009,ga.mutationRate,0.06
38009,ga.diversity,0.0
38009,ga.best,1.0598999221182788
38009,ga.avg,1.0598999221182805
38009,ga.worst,1.0598999221182788
38009,ga.feasible,1.0
38009,ga.mutationRate,0.06
38009,ga.diversity,0.0
38009,ga.best,1.0598999221182788
38009,ga.avg,1.0598999221182805
38009,ga.worst,1.0598999221182788
38009,ga.feasible,1.0
38009,ga.mutationRate,0.06
38009,ga.diversity,0.0
38009,ga.best,1.0598999221182788
38009,ga.avg,1.0598999221182805
38009,ga.worst,1.0598999221182788
38009,ga.feasible,1.0
38009,ga.mutationRate,0.06
38009,ga.diversity,0.0
38009,ga.best,1.0598999221182788
38009,ga.avg,1.0598999221182805
38009,ga.worst,1.0598999221182788
38009,ga.feasible,1.0
38009,ga.mutationRate,0.09
38009,ga.diversity,0.0
38009,ga.best,1.0598999221182788
38009,ga.avg,1.0598999221182805
38009,ga.worst,1.0598999221182788
38009,ga.feasible,1.0
38009,ga.mutationRate,0.09
38009,ga.diversity,0.0
38009,ga.best,1.0598999221182788
38009,ga.avg,1.0598999221182805
38009,ga.worst,1.0598999221182788
38009,ga.feasible,1.0
38009,ga.mutationRate,0.09
38009,ga.diversity,0.0
38009,ga.best,1.0598999221182788
38009,ga.avg,1.0598999221182805
38009,ga.worst,1.0598999221182788
38009,ga.feasible,1.0
38009,ga.mutationRate,0.09
38009,ga.diversity,0.0
38009,ga.best,1.0598999221182788
38009,ga.avg,1.0598999221182805
38009,ga.worst,1.0598999221182788
38009,ga.feasible,1.0
38009,ga.mutationRate,0.09
38009,ga.diversity,0.0
38009,ga.best,1.0598999221182788
38009,ga.avg,1.0598999221182805
38009,ga.worst,1.0598999221182788
38009,ga.feasible,1.0
38009,ga.mutationRate,0.09
38009,ga.diversity,0.0
38009,ga.best,1.0598999221182788
38009,ga.avg,1.0598999221182805
38009,ga.worst,1.0598999221182788
38009,ga.feasible,1.0
38009,ga.mutationRate,0.09
38009,ga.diversity,0.0
38009,ga.best,1.0598999221182788
38009,ga.avg,1.0598999221182805
38009,ga.worst,1.0598999221182788
38009,ga.feasible,1.0
38009,ga.mutationRate,0.09
38009,ga.diversity,0.0
38009,ga.best,1.0598999221182788
38009,ga.avg,1.0598999221182805
38009,ga.worst,1.0598999221182788
38009,ga.feasible,1.0
38009,ga.mutationRate,0.09
38009,ga.diversity,0.0
38009,ga.best,1.0598999221182788
38009,ga.avg,1.0598999221182805
38009,ga.worst,1.0598999221182788
38009,ga.feasible,1.0
38009,ga.mutationRate,0.09
38009,ga.diversity,0.0
38009,ga.best,1.0598999221182788
38009,ga.avg,1.0598999221182805
38009,ga.worst,1.0598999221182788
38009,ga.feasible,1.0
38009,ga.mutationRate,0.135
38009,ga.diversity,0.0
38009,ga.best,1.0598999221182788
38009,ga.avg,1.0598999221182805
38009,ga.worst,1.0598999221182788
38009,ga.feasible,1.0
38009,ga.mutationRate,0.135
38009,ga.diversity,0.0
38009,ga.best,1.0598999221182788
38009,ga.avg,1.0598999221182805
38009,ga.worst,1.0598999221182788
38009,ga.feasible,1.0
38009,ga.mutationRate,0.135
38009,ga.diversity,0.0
38009,ga.best,1.0598999221182788
38009,ga.avg,1.0598999221182805
38009,ga.worst,1.0598999221182788
38009,ga.feasible,1.0
38009,ga.mutationRate,0.135
38009,ga.diversity,0.0
38009,ga.best,1.0598999221182788
38009,ga.avg,5.119780846265572
38009,ga.worst,43.7439918796689
38009,ga.feasible,1.0
38009,ga.mutationRate,0.135
38009,ga.diversity,0.20317610062892758
38009,pedido_asignado,75.0
38009,ga.best,1.3857792316023456
38009,ga.avg,20.58734579405054
38009,ga.worst,77.01239540248169
38009,ga.feasible,1.0
38009,ga.mutationRate,0.06
38009,ga.diversity,0.4519752358490566
38009,ga.best,1.3857792316023456
38009,ga.avg,8.487636162435852
38009,ga.worst,53.60396400816931
38009,ga.feasible,1.0
38009,ga.mutationRate,0.06
38009,ga.diversity,0.4021226415094408
38009,ga.best,1.3857792316023456
38009,ga.avg,2.8490058239586977
38009,ga.worst,28.1565398589119
38009,ga.feasible,1.0
38009,ga.mutationRate,0.06
38009,ga.diversity,0.1186635220125767
38009,ga.best,1.3857792316023456
38009,ga.avg,1.3857792316023487
38009,ga.worst,1.3857792316023456
38009,ga.feasible,1.0
38009,ga.mutationRate,0.06
38009,ga.diversity,0.024842767295597486
38009,ga.best,1.3857792316023456
38009,ga.avg,1.3857792316023487
38009,ga.worst,1.3857792316023456
38009,ga.feasible,1.0
38009,ga.mutationRate,0.06
38009,ga.diversity,0.024842767295597486
38009,ga.best,1.3857792316023456
38009,ga.avg,1.3857792316023487
38009,ga.worst,1.3857792316023456
38009,ga.feasible,1.0
38009,ga.mutationRate,0.06
38009,ga.diversity,0.03702830188679245
38009,ga.best,1.3857792316023456
38009,ga.avg,1.3857792316023487
38009,ga.worst,1.3857792316023456
38009,ga.feasible,1.0
38009,ga.mutationRate,0.06
38009,ga.diversity,0.08419811320754716
38009,ga.best,1.3857792316023456
38009,ga.avg,1.3857792316023487
38009,ga.worst,1.3857792316023456
38009,ga.feasible,1.0
38009,ga.mutationRate,0.06
38009,ga.diversity,0.04905660377358491
38009,ga.best,1.3857792316023456
38009,ga.avg,1.3857792316023487
38009,ga.worst,1.3857792316023456
38009,ga.feasible,1.0
38009,ga.mutationRate,0.06
38009,ga.diversity,0.07264150943396226
38009,ga.best,1.3857792316023456
38009,ga.avg,1.3857792316023487
38009,ga.worst,1.3857792316023456
38009,ga.feasible,1.0
38009,ga.mutationRate,0.06
38009,ga.diversity,0.10683962264150944
38009,ga.best,1.3857792316023456
38009,ga.avg,1.3857792316023487
38009,ga.worst,1.3857792316023456
38009,ga.feasible,1.0
38009,ga.mutationRate,0.09
38009,ga.diversity,0.1179245283018868
38009,ga.best,1.3857792316023456
38009,ga.avg,1.3857792316023487
38009,ga.worst,1.3857792316023456
38009,ga.feasible,1.0
38009,ga.mutationRate,0.09
38009,ga.diversity,0.2106132075471698
38009,ga.best,1.3857792316023456
38009,ga.avg,1.3857792316023487
38009,ga.worst,1.3857792316023456
38009,ga.feasible,1.0
38009,ga.mutationRate,0.09
38009,ga.diversity,0.2009433962264151
38009,ga.best,1.3857792316023456
38009,ga.avg,1.3857792316023487
38009,ga.worst,1.3857792316023456
38009,ga.feasible,1.0
38009,ga.mutationRate,0.09
38009,ga.diversity,0.08419811320754716
38009,ga.best,1.3857792316023456
38009,ga.avg,1.3857792316023487
38009,ga.worst,1.3857792316023456
38009,ga.feasible,1.0
38009,ga.mutationRate,0.09
38009,ga.diversity,0.09559748427672957
38009,ga.best,1.3857792316023456
38009,ga.avg,1.3857792316023487
38009,ga.worst,1.3857792316023456
38009,ga.feasible,1.0
38009,ga.mutationRate,0.09
38009,ga.diversity,0.04905660377358491
38009,ga.best,1.3857792316023456
38009,ga.avg,1.3857792316023487
38009,ga.worst,1.3857792316023456
38009,ga.feasible,1.0
38009,ga.mutationRate,0.09
38009,ga.diversity,0.0125
38009,ga.best,1.3857792316023456
38009,ga.avg,1.3857792316023487
38009,ga.worst,1.3857792316023456
38009,ga.feasible,1.0
38009,ga.mutationRate,0.09
38009,ga.diversity,0.0
38009,ga.best,1.3857792316023456
38009,ga.avg,1.3857792316023487
38009,ga.worst,1.3857792316023456
38009,ga.feasible,1.0
38009,ga.mutationRate,0.09
38009,ga.diversity,0.0
38009,ga.best,1.3857792316023456
38009,ga.avg,1.3857792316023487
38009,ga.worst,1.3857792316023456
38009,ga.feasible,1.0
38009,ga.mutationRate,0.09
38009,ga.diversity,0.0
38009,ga.best,1.3857792316023456
38009,ga.avg,1.3857792316023487
38009,ga.worst,1.3857792316023456
38009,ga.feasible,1.0
38009,ga.mutationRate,0.135
38009,ga.diversity,0.0
38009,ga.best,1.3857792316023456
38009,ga.avg,1.3857792316023487
38009,ga.worst,1.3857792316023456
38009,ga.feasible,1.0
38009,ga.mutationRate,0.135
38009,ga.diversity,0.0
38009,ga.best,1.3857792316023456
38009,ga.avg,1.3857792316023487
38009,ga.worst,1.3857792316023456
38009,ga.feasible,1.0
38009,ga.mutationRate,0.135
38009,ga.diversity,0.0
38009,ga.best,1.3857792316023456
38009,ga.avg,3.2185040835893077
38009,ga.worst,37.730960235535406
38009,ga.feasible,1.0
38009,ga.mutationRate,0.135
38009,ga.diversity,0.11265723270440232
38009,ga.best,1.3857792316023456
38009,ga.avg,1.4798865509057726
38009,ga.worst,16.4429503201502
38009,ga.feasible,1.0
38009,ga.mutationRate,0.135
38009,ga.diversity,0.0125
38009,pedido_asignado,126.0
38009,ga.best,1.3857792316023456
38009,ga.avg,20.84535579264456
38009,ga.worst,82.557624809846
38009,ga.feasible,1.0
38009,ga.mutationRate,0.06
38009,ga.diversity,0.37617138364781216
38009,ga.best,1.3857792316023456
38009,ga.avg,9.394746298152608
38009,ga.worst,43.85004917979227
38009,ga.feasible,1.0
38009,ga.mutationRate,0.06
38009,ga.diversity,0.42583333333334894
38009,ga.best,1.3857792316023456
38009,ga.avg,3.4777228872178085
38009,ga.worst,28.425274068682974
38009,ga.feasible,1.0
38009,ga.mutationRate,0.06
38009,ga.diversity,0.2322130503144654
38009,ga.best,1.3857792316023456
38009,ga.avg,1.5125779313421213
38009,ga.worst,8.371125175620998
38009,ga.feasible,1.0
38009,ga.mutationRate,0.06
38009,ga.diversity,0.055345911949685536
38009,ga.best,1.3857792316023456
38009,ga.avg,1.3857792316023487
38009,ga.worst,1.3857792316023456
38009,ga.feasible,1.0
38009,ga.mutationRate,0.06
38009,ga.diversity,0.0
38009,ga.best,1.3857792316023456
38009,ga.avg,1.3857792316023487
38009,ga.worst,1.3857792316023456
38009,ga.feasible,1.0
38009,ga.mutationRate,0.06
38009,ga.diversity,0.0
38009,ga.best,1.3857792316023456
38009,ga.avg,1.3857792316023487
38009,ga.worst,1.3857792316023456
38009,ga.feasible,1.0
38009,ga.mutationRate,0.06
38009,ga.diversity,0.0
38009,ga.best,1.3857792316023456
38009,ga.avg,1.3857792316023487
38009,ga.worst,1.3857792316023456
38009,ga.feasible,1.0
38009,ga.mutationRate,0.06
38009,ga.diversity,0.0
38009,ga.best,1.3857792316023456
38009,ga.avg,1.3857792316023487
38009,ga.worst,1.3857792316023456
38009,ga.feasible,1.0
38009,ga.mutationRate,0.06
38009,ga.diversity,0.0
38009,ga.best,1.3857792316023456
38009,ga.avg,1.3857792316023487
38009,ga.worst,1.3857792316023456
38009,ga.feasible,1.0
38009,ga.mutationRate,0.06
38009,ga.diversity,0.0
38009,ga.best,1.3857792316023456
38009,ga.avg,1.3857792316023487
38009,ga.worst,1.3857792316023456
38009,ga.feasible,1.0
38009,ga.mutationRate,0.09
38009,ga.diversity,0.0
38009,ga.best,1.3857792316023456
38009,ga.avg,1.3857792316023487
38009,ga.worst,1.3857792316023456
38009,ga.feasible,1.0
38009,ga.mutationRate,0.09
38009,ga.diversity,0.0
38009,ga.best,1.3857792316023456
38009,ga.avg,1.3857792316023487
38009,ga.worst,1.3857792316023456
38009,ga.feasible,1.0
38009,ga.mutationRate,0.09
38009,ga.diversity,0.0
38009,ga.best,1.3857792316023456
38009,ga.avg,1.3857792316023487
38009,ga.worst,1.3857792316023456
38009,ga.feasible,1.0
38009,ga.mutationRate,0.09
38009,ga.diversity,0.0
38009,ga.best,1.3857792316023456
38009,ga.avg,1.3857792316023487
38009,ga.worst,1.3857792316023456
38009,ga.feasible,1.0
38009,ga.mutationRate,0.09
38009,ga.diversity,0.0
38009,ga.best,1.3857792316023456
38009,ga.avg,1.3857792316023487
38009,ga.worst,1.3857792316023456
38009,ga.feasible,1.0
38009,ga.mutationRate,0.09
38009,ga.diversity,0.0
38009,ga.best,1.3857792316023456
38009,ga.avg,1.3857792316023487
38009,ga.worst,1.3857792316023456
38009,ga.feasible,1.0
38009,ga.mutationRate,0.09
38009,ga.diversity,0.0
38009,ga.best,1.3857792316023456
38009,ga.avg,1.3857792316023487
38009,ga.worst,1.3857792316023456
38009,ga.feasible,1.0
38009,ga.mutationRate,0.09
38009,ga.diversity,0.0
38009,ga.best,1.3857792316023456
38009,ga.avg,1.3857792316023487
38009,ga.worst,1.3857792316023456
38009,ga.feasible,1.0
38009,ga.mutationRate,0.09
38009,ga.diversity,0.0
38009,ga.best,1.3857792316023456
38009,ga.avg,1.3857792316023487
38009,ga.worst,1.3857792316023456
38009,ga.feasible,1.0
38009,ga.mutationRate,0.09
38009,ga.diversity,0.0
38009,ga.best,1.3857792316023456
38009,ga.avg,1.436430646198268
38009,ga.worst,9.490005566949474
38009,ga.feasible,1.0
38009,ga.mutationRate,0.135
38009,ga.diversity,0.0125
38009,ga.best,1.3857792316023456
38009,ga.avg,1.3857792316023487
38009,ga.worst,1.3857792316023456
38009,ga.feasible,1.0
38009,ga.mutationRate,0.135
38009,ga.diversity,0.0
38009,ga.best,1.3857792316023456
38009,ga.avg,1.3857792316023487
38009,ga.worst,1.3857792316023456
38009,ga.feasible,1.0
38009,ga.mutationRate,0.135
38009,ga.diversity,0.0
38009,ga.best,1.3857792316023456
38009,ga.avg,1.3857792316023487
38009,ga.worst,1.3857792316023456
38009,ga.feasible,1.0
38009,ga.mutationRate,0.135
38009,ga.diversity,0.0
38009,ga.best,1.3857792316023456
38009,ga.avg,1.3857792316023487
38009,ga.worst,1.3857792316023456
38009,ga.feasible,1.0
38009,ga.mutationRate,0.135
38009,ga.diversity,0.0
38009,pedido_asignado,61.0
38009,ga.best,1.4763137884174622
38009,ga.avg,20.997370658722534
38009,ga.worst,109.19681907275552
38009,ga.feasible,1.0
38009,ga.mutationRate,0.06
38009,ga.diversity,0.3198964884696014
38009,ga.best,1.4763137884174622
38009,ga.avg,8.907052778492117
38009,ga.worst,55.324377418099175
38009,ga.feasible,1.0
38009,ga.mutationRate,0.06
38009,ga.diversity,0.2763140161725049
38009,ga.best,1.4763137884174622
38009,ga.avg,3.3511750097573767
38009,ga.worst,26.856312385765804
38009,ga.feasible,1.0
38009,ga.mutationRate,0.06
38009,ga.diversity,0.14915487421383647
38009,ga.best,1.4763137884174622
38009,ga.avg,1.6692323699241247
38009,ga.worst,17.895804673313645
38009,ga.feasible,1.0
38009,ga.mutationRate,0.06
38009,ga.diversity,0.029009433962264387
38009,ga.best,1.4763137884174622
38009,ga.avg,1.4763137884174586
38009,ga.worst,1.4763137884174622
38009,ga.feasible,1.0
38009,ga.mutationRate,0.06
38009,ga.diversity,0.0
38009,ga.best,1.4763137884174622
38009,ga.avg,1.4763137884174586
38009,ga.worst,1.4763137884174622
38009,ga.feasible,1.0
38009,ga.mutationRate,0.06
38009,ga.diversity,0.0
38009,ga.best,1.4763137884174622
38009,ga.avg,1.4763137884174586
38009,ga.worst,1.4763137884174622
38009,ga.feasible,1.0
38009,ga.mutationRate,0.06
38009,ga.diversity,0.0
38009,ga.best,1.4763137884174622
38009,ga.avg,1.4763137884174586
38009,ga.worst,1.4763137884174622
38009,ga.feasible,1.0
38009,ga.mutationRate,0.06
38009,ga.diversity,0.0
38009,ga.best,1.4763137884174622
38009,ga.avg,1.4763137884174586
38009,ga.worst,1.4763137884174622
38009,ga.feasible,1.0
38009,ga.mutationRate,0.06
38009,ga.diversity,0.0
38009,ga.best,1.4763137884174622
38009,ga.avg,1.4763137884174586
38009,ga.worst,1.4763137884174622
38009,ga.feasible,1.0
38009,ga.mutationRate,0.06
38009,ga.diversity,0.0
38009,ga.best,1.4763137884174622
38009,ga.avg,1.4763137884174586
38009,ga.worst,1.4763137884174622
38009,ga.feasible,1.0
38009,ga.mutationRate,0.09
38009,ga.diversity,0.0
38009,ga.best,1.4763137884174622
38009,ga.avg,1.4763137884174586
38009,ga.worst,1.4763137884174622
38009,ga.feasible,1.0
38009,ga.mutationRate,0.09
38009,ga.diversity,0.0
38009,ga.best,1.4763137884174622
38009,ga.avg,1.4763137884174586
38009,ga.worst,1.4763137884174622
38009,ga.feasible,1.0
38009,ga.mutationRate,0.09
38009,ga.diversity,0.0
38009,ga.best,1.4763137884174622
38009,ga.avg,1.4763137884174586
38009,ga.worst,1.4763137884174622
38009,ga.feasible,1.0
38009,ga.mutationRate,0.09
38009,ga.diversity,0.0
38009,ga.best,1.4763137884174622
38009,ga.avg,1.4763137884174586
38009,ga.worst,1.4763137884174622
38009,ga.feasible,1.0
38009,ga.mutationRate,0.09
38009,ga.diversity,0.0
38009,ga.best,1.4763137884174622
38009,ga.avg,1.4763137884174586
38009,ga.worst,1.4763137884174622
38009,ga.feasible,1.0
38009,ga.mutationRate,0.09
38009,ga.diversity,0.0
38009,ga.best,1.4763137884174622
38009,ga.avg,1.4763137884174586
38009,ga.worst,1.4763137884174622
38009,ga.feasible,1.0
38009,ga.mutationRate,0.09
38009,ga.diversity,0.0
38009,ga.best,1.4763137884174622
38009,ga.avg,1.4763137884174586
38009,ga.worst,1.4763137884174622
38009,ga.feasible,1.0
38009,ga.mutationRate,0.09
38009,ga.diversity,0.0
38009,ga.best,1.4763137884174622
38009,ga.avg,1.4763137884174586
38009,ga.worst,1.4763137884174622
38009,ga.feasible,1.0
38009,ga.mutationRate,0.09
38009,ga.diversity,0.0
38009,ga.best,1.4763137884174622
38009,ga.avg,1.4763137884174586
38009,ga.worst,1.4763137884174622
38009,ga.feasible,1.0
38009,ga.mutationRate,0.09
38009,ga.diversity,0.0
38009,ga.best,1.4763137884174622
38009,ga.avg,1.4763137884174586
38009,ga.worst,1.4763137884174622
38009,ga.feasible,1.0
38009,ga.mutationRate,0.135
38009,ga.diversity,0.0
38009,ga.best,1.4763137884174622
38009,ga.avg,1.4763137884174586
38009,ga.worst,1.4763137884174622
38009,ga.feasible,1.0
38009,ga.mutationRate,0.135
38009,ga.diversity,0.0
38009,ga.best,1.4763137884174622
38009,ga.avg,1.4763137884174586
38009,ga.worst,1.4763137884174622
38009,ga.feasible,1.0
38009,ga.mutationRate,0.135
38009,ga.diversity,0.0
38009,ga.best,1.4763137884174622
38009,ga.avg,1.4763137884174586
38009,ga.worst,1.4763137884174622
38009,ga.feasible,1.0
38009,ga.mutationRate,0.135
38009,ga.diversity,0.0
38009,ga.best,1.4763137884174622
38009,ga.avg,3.71659599455392
38009,ga.worst,47.3427792831132
38009,ga.feasible,1.0
38009,ga.mutationRate,0.135
38009,ga.diversity,0.1452672955974804
38009,pedido_asignado,188.0
38009,ga.best,4.057821925603252
38009,ga.avg,20.758009789286312
38009,ga.worst,84.4223714114799
38009,ga.feasible,1.0
38009,ga.mutationRate,0.06
38009,ga.diversity,0.402367225716267
38009,ga.best,4.057821925603252
38009,ga.avg,9.599905397413208
38009,ga.worst,44.377063115913906
38009,ga.feasible,1.0
38009,ga.mutationRate,0.06
38009,ga.diversity,0.2533580413297372
38009,ga.best,4.057821925603252
38009,ga.avg,5.335900783434973
38009,ga.worst,27.557270136965684
38009,ga.feasible,1.0
38009,ga.mutationRate,0.06
38009,ga.diversity,0.15750786163522013
38009,ga.best,4.057821925603252
38009,ga.avg,4.291235742634833
38009,ga.worst,23.9447849837601
38009,ga.feasible,1.0
38009,ga.mutationRate,0.06
38009,ga.diversity,0.04292452830188679
38009,ga.best,4.057821925603252
38009,ga.avg,4.0600303573176655
38009,ga.worst,4.2344964627565
38009,ga.feasible,1.0
38009,ga.mutationRate,0.06
38009,ga.diversity,0.024842767295597486
38009,ga.best,4.057821925603252
38009,ga.avg,4.057821925603249
38009,ga.worst,4.057821925603252
38009,ga.feasible,1.0
38009,ga.mutationRate,0.06
38009,ga.diversity,0.0
38009,ga.best,4.057821925603252
38009,ga.avg,4.057821925603249
38009,ga.worst,4.057821925603252
38009,ga.feasible,1.0
38009,ga.mutationRate,0.06
38009,ga.diversity,0.0
38009,ga.best,4.057821925603252
38009,ga.avg,4.057821925603249
38009,ga.worst,4.057821925603252
38009,ga.feasible,1.0
38009,ga.mutationRate,0.06
38009,ga.diversity,0.0
38009,ga.best,4.057821925603252
38009,ga.avg,4.057821925603249
38009,ga.worst,4.057821925603252
38009,ga.feasible,1.0
38009,ga.mutationRate,0.06
38009,ga.diversity,0.0
38009,ga.best,4.057821925603252
38009,ga.avg,4.057821925603249
38009,ga.worst,4.057821925603252
38009,ga.feasible,1.0
38009,ga.mutationRate,0.06
38009,ga.diversity,0.0
38009,ga.best,4.057821925603252
38009,ga.avg,4.057821925603249
38009,ga.worst,4.057821925603252
38009,ga.feasible,1.0
38009,ga.mutationRate,0.09
38009,ga.diversity,0.0
38009,ga.best,4.057821925603252
38009,ga.avg,4.057821925603249
38009,ga.worst,4.057821925603252
38009,ga.feasible,1.0
38009,ga.mutationRate,0.09
38009,ga.diversity,0.0
38009,ga.best,4.057821925603252
38009,ga.avg,4.057821925603249
38009,ga.worst,4.057821925603252
38009,ga.feasible,1.0
38009,ga.mutationRate,0.09
38009,ga.diversity,0.0
38009,ga.best,4.057821925603252
38009,ga.avg,4.057821925603249
38009,ga.worst,4.057821925603252
38009,ga.feasible,1.0
38009,ga.mutationRate,0.09
38009,ga.diversity,0.0
38009,ga.best,4.057821925603252
38009,ga.avg,4.057821925603249
38009,ga.worst,4.057821925603252
38009,ga.feasible,1.0
38009,ga.mutationRate,0.09
38009,ga.diversity,0.0
38009,ga.best,4.057821925603252
38009,ga.avg,4.057821925603249
38009,ga.worst,4.057821925603252
38009,ga.feasible,1.0
38009,ga.mutationRate,0.09
38009,ga.diversity,0.0
38009,ga.best,4.057821925603252
38009,ga.avg,4.057821925603249
38009,ga.worst,4.057821925603252
38009,ga.feasible,1.0
38009,ga.mutationRate,0.09
38009,ga.diversity,0.0
38009,ga.best,4.057821925603252
38009,ga.avg,4.057821925603249
38009,ga.worst,4.057821925603252
38009,ga.feasible,1.0
38009,ga.mutationRate,0.09
38009,ga.diversity,0.0
38009,ga.best,4.057821925603252
38009,ga.avg,4.057821925603249
38009,ga.worst,4.057821925603252
38009,ga.feasible,1.0
38009,ga.mutationRate,0.09
38009,ga.diversity,0.0
38009,ga.best,4.057821925603252
38009,ga.avg,4.057821925603249
38009,ga.worst,4.057821925603252
38009,ga.feasible,1.0
38009,ga.mutationRate,0.09
38009,ga.diversity,0.0
38009,ga.best,4.057821925603252
38009,ga.avg,4.057821925603249
38009,ga.worst,4.057821925603252
38009,ga.feasible,1.0
38009,ga.mutationRate,0.135
38009,ga.diversity,0.0
38009,ga.best,4.057821925603252
38009,ga.avg,4.057821925603249
38009,ga.worst,4.057821925603252
38009,ga.feasible,1.0
38009,ga.mutationRate,0.135
38009,ga.diversity,0.0
38009,ga.best,4.057821925603252
38009,ga.avg,4.057821925603249
38009,ga.worst,4.057821925603252
38009,ga.feasible,1.0
38009,ga.mutationRate,0.135
38009,ga.diversity,0.0
38009,ga.best,4.057821925603252
38009,ga.avg,4.057821925603249
38009,ga.worst,4.057821925603252
38009,ga.feasible,1.0
38009,ga.mutationRate,0.135
38009,ga.diversity,0.0
38009,ga.best,4.057821925603252
38009,ga.avg,4.057821925603249
38009,ga.worst,4.057821925603252
38009,ga.feasible,1.0
38009,ga.mutationRate,0.135
38009,ga.diversity,0.0
38780,pedido_asignado,181.0
38780,ga.best,3.5395710590231104
38780,ga.avg,22.753976334346547
38780,ga.worst,80.92909340048396
38780,ga.feasible,1.0
38780,ga.mutationRate,0.06
38780,ga.diversity,0.32734538784067807
38780,ga.best,3.5395710590231104
38780,ga.avg,9.982257647151553
38780,ga.worst,57.08758829214557
38780,ga.feasible,1.0
38780,ga.mutationRate,0.06
38780,ga.diversity,0.34218553459120793
38780,ga.best,3.5395710590231104
38780,ga.avg,4.681601141953961
38780,ga.worst,28.608520282761635
38780,ga.feasible,1.0
38780,ga.mutationRate,0.06
38780,ga.diversity,0.17132468553459118
38780,ga.best,3.5395710590231104
38780,ga.avg,4.126765175829831
38780,ga.worst,5.065551051556507
38780,ga.feasible,1.0
38780,ga.mutationRate,0.06
38780,ga.diversity,0.29465408805031446
38780,ga.best,3.5395710590231104
38780,ga.avg,4.043391976729824
38780,ga.worst,4.2344964627565
38780,ga.feasible,1.0
38780,ga.mutationRate,0.06
38780,ga.diversity,0.4102201257861635
38780,ga.best,3.5395710590231104
38780,ga.avg,3.878347193343145
38780,ga.worst,4.2344964627565
38780,ga.feasible,1.0
38780,ga.mutationRate,0.06
38780,ga.diversity,0.5058569182389937
38780,ga.best,3.5395710590231104
38780,ga.avg,3.661183004676455
38780,ga.worst,4.2344964627565
38780,ga.feasible,1.0
38780,ga.mutationRate,0.06
38780,ga.diversity,0.29056603773584905
38780,ga.best,3.5395710590231104
38780,ga.avg,3.5656307616631127
38780,ga.worst,4.2344964627565
38780,ga.feasible,1.0
38780,ga.mutationRate,0.06
38780,ga.diversity,0.07264150943396226
38780,ga.best,3.5395710590231104
38780,ga.avg,3.5395710590231095
38780,ga.worst,3.5395710590231104
38780,ga.feasible,1.0
38780,ga.mutationRate,0.06
38780,ga.diversity,0.0
38780,ga.best,3.5395710590231104
38780,ga.avg,3.5395710590231095
38780,ga.worst,3.5395710590231104
38780,ga.feasible,1.0
38780,ga.mutationRate,0.06
38780,ga.diversity,0.0
38780,ga.best,3.5395710590231104
38780,ga.avg,3.5439143427964437
38780,ga.worst,4.2344964627565
38780,ga.feasible,1.0
38780,ga.mutationRate,0.09
38780,ga.diversity,0.0125
38780,ga.best,3.5395710590231104
38780,ga.avg,3.5395710590231095
38780,ga.worst,3.5395710590231104
38780,ga.feasible,1.0
38780,ga.mutationRate,0.09
38780,ga.diversity,0.0
38780,ga.best,3.5395710590231104
38780,ga.avg,3.5395710590231095
38780,ga.worst,3.5395710590231104
38780,ga.feasible,1.0
38780,ga.mutationRate,0.09
38780,ga.diversity,0.0
38780,ga.best,3.5395710590231104
38780,ga.avg,3.5395710590231095
38780,ga.worst,3.5395710590231104
38780,ga.feasible,1.0
38780,ga.mutationRate,0.09
38780,ga.diversity,0.0
38780,ga.best,3.5395710590231104
38780,ga.avg,3.5395710590231095
38780,ga.worst,3.5395710590231104
38780,ga.feasible,1.0
38780,ga.mutationRate,0.09
38780,ga.diversity,0.0
38780,ga.best,3.5395710590231104
38780,ga.avg,3.5395710590231095
38780,ga.worst,3.5395710590231104
38780,ga.feasible,1.0
38780,ga.mutationRate,0.09
38780,ga.diversity,0.0
38780,ga.best,3.5395710590231104
38780,ga.avg,3.5395710590231095
38780,ga.worst,3.5395710590231104
38780,ga.feasible,1.0
38780,ga.mutationRate,0.09
38780,ga.diversity,0.0
38780,ga.best,3.5395710590231104
38780,ga.avg,3.5395710590231095
38780,ga.worst,3.5395710590231104
38780,ga.feasible,1.0
38780,ga.mutationRate,0.09
38780,ga.diversity,0.0
38780,ga.best,3.5395710590231104
38780,ga.avg,3.5395710590231095
38780,ga.worst,3.5395710590231104
38780,ga.feasible,1.0
38780,ga.mutationRate,0.09
38780,ga.diversity,0.0
38780,ga.best,3.5395710590231104
38780,ga.avg,3.5395710590231095
38780,ga.worst,3.5395710590231104
38780,ga.feasible,1.0
38780,ga.mutationRate,0.09
38780,ga.diversity,0.0
38780,ga.best,3.5395710590231104
38780,ga.avg,3.5439143427964432
38780,ga.worst,4.2344964627565
38780,ga.feasible,1.0
38780,ga.mutationRate,0.135
38780,ga.diversity,0.0125
38780,ga.best,3.5395710590231104
38780,ga.avg,3.5395710590231095
38780,ga.worst,3.5395710590231104
38780,ga.feasible,1.0
38780,ga.mutationRate,0.135
38780,ga.diversity,0.0
38780,ga.best,3.5395710590231104
38780,ga.avg,3.5395710590231095
38780,ga.worst,3.5395710590231104
38780,ga.feasible,1.0
38780,ga.mutationRate,0.135
38780,ga.diversity,0.0
38780,ga.best,3.5395710590231104
38780,ga.avg,3.5395710590231095
38780,ga.worst,3.5395710590231104
38780,ga.feasible,1.0
38780,ga.mutationRate,0.135
38780,ga.diversity,0.0
38780,ga.best,3.5395710590231104
38780,ga.avg,3.5395710590231095
38780,ga.worst,3.5395710590231104
38780,ga.feasible,1.0
38780,ga.mutationRate,0.135
38780,ga.diversity,0.0
38780,pedido_asignado,8.0
38780,ga.best,2.6534502159455666
38780,ga.avg,21.05281710275307
38780,ga.worst,89.12963884432419
38780,ga.feasible,1.0
38780,ga.mutationRate,0.06
38780,ga.diversity,0.3525943396226418
38780,ga.best,2.6534502159455666
38780,ga.avg,10.323347195951012
38780,ga.worst,52.43328879128191
38780,ga.feasible,1.0
38780,ga.mutationRate,0.06
38780,ga.diversity,0.34758909853249564
38780,ga.best,2.6534502159455666
38780,ga.avg,5.799238423360469
38780,ga.worst,41.60930230902889
38780,ga.feasible,1.0
38780,ga.mutationRate,0.06
38780,ga.diversity,0.2177515723270494
38780,ga.best,2.6534502159455666
38780,ga.avg,3.069607837729305
38780,ga.worst,25.339319509254388
38780,ga.feasible,1.0
38780,ga.mutationRate,0.06
38780,ga.diversity,0.04622641509433962
38780,ga.best,2.6534502159455666
38780,ga.avg,2.6534502159455586
38780,ga.worst,2.6534502159455666
38780,ga.feasible,1.0
38780,ga.mutationRate,0.06
38780,ga.diversity,0.0
38780,ga.best,2.6534502159455666
38780,ga.avg,2.6534502159455586
38780,ga.worst,2.6534502159455666
38780,ga.feasible,1.0
38780,ga.mutationRate,0.06
38780,ga.diversity,0.0
38780,ga.best,2.6534502159455666
38780,ga.avg,2.6534502159455586
38780,ga.worst,2.6534502159455666
38780,ga.feasible,1.0
38780,ga.mutationRate,0.06
38780,ga.diversity,0.0
38780,ga.best,2.6534502159455666
38780,ga.avg,2.6534502159455586
38780,ga.worst,2.6534502159455666
38780,ga.feasible,1.0
38780,ga.mutationRate,0.06
38780,ga.diversity,0.0
38780,ga.best,2.6534502159455666
38780,ga.avg,2.6534502159455586
38780,ga.worst,2.6534502159455666
38780,ga.feasible,1.0
38780,ga.mutationRate,0.06
38780,ga.diversity,0.0
38780,ga.best,2.6534502159455666
38780,ga.avg,2.6534502159455586
38780,ga.worst,2.6534502159455666
38780,ga.feasible,1.0
38780,ga.mutationRate,0.06
38780,ga.diversity,0.0
38780,ga.best,2.6534502159455666
38780,ga.avg,2.6534502159455586
38780,ga.worst,2.6534502159455666
38780,ga.feasible,1.0
38780,ga.mutationRate,0.09
38780,ga.diversity,0.0
38780,ga.best,2.6534502159455666
38780,ga.avg,2.6534502159455586
38780,ga.worst,2.6534502159455666
38780,ga.feasible,1.0
38780,ga.mutationRate,0.09
38780,ga.diversity,0.0
38780,ga.best,2.6534502159455666
38780,ga.avg,2.6534502159455586
38780,ga.worst,2.6534502159455666
38780,ga.feasible,1.0
38780,ga.mutationRate,0.09
38780,ga.diversity,0.0
38780,ga.best,2.6534502159455666
38780,ga.avg,2.6534502159455586
38780,ga.worst,2.6534502159455666
38780,ga.feasible,1.0
38780,ga.mutationRate,0.09
38780,ga.diversity,0.0
38780,ga.best,2.6534502159455666
38780,ga.avg,2.6534502159455586
38780,ga.worst,2.6534502159455666
38780,ga.feasible,1.0
38780,ga.mutationRate,0.09
38780,ga.diversity,0.0
38780,ga.best,2.6534502159455666
38780,ga.avg,2.6534502159455586
38780,ga.worst,2.6534502159455666
38780,ga.feasible,1.0
38780,ga.mutationRate,0.09
38780,ga.diversity,0.0
38780,ga.best,2.6534502159455666
38780,ga.avg,2.6534502159455586
38780,ga.worst,2.6534502159455666
38780,ga.feasible,1.0
38780,ga.mutationRate,0.09
38780,ga.diversity,0.0
38780,ga.best,2.6534502159455666
38780,ga.avg,2.6534502159455586
38780,ga.worst,2.6534502159455666
38780,ga.feasible,1.0
38780,ga.mutationRate,0.09
38780,ga.diversity,0.0
38780,ga.best,2.6534502159455666
38780,ga.avg,2.6534502159455586
38780,ga.worst,2.6534502159455666
38780,ga.feasible,1.0
38780,ga.mutationRate,0.09
38780,ga.diversity,0.0
38780,ga.best,2.6534502159455666
38780,ga.avg,2.6534502159455586
38780,ga.worst,2.6534502159455666
38780,ga.feasible,1.0
38780,ga.mutationRate,0.09
38780,ga.diversity,0.0
38780,ga.best,2.6534502159455666
38780,ga.avg,2.6534502159455586
38780,ga.worst,2.6534502159455666
38780,ga.feasible,1.0
38780,ga.mutationRate,0.135
38780,ga.diversity,0.0
38780,ga.best,2.6534502159455666
38780,ga.avg,2.6534502159455586
38780,ga.worst,2.6534502159455666
38780,ga.feasible,1.0
38780,ga.mutationRate,0.135
38780,ga.diversity,0.0
38780,ga.best,2.6534502159455666
38780,ga.avg,2.6534502159455586
38780,ga.worst,2.6534502159455666
38780,ga.feasible,1.0
38780,ga.mutationRate,0.135
38780,ga.diversity,0.0
38780,ga.best,2.6534502159455666
38780,ga.avg,2.6534502159455586
38780,ga.worst,2.6534502159455666
38780,ga.feasible,1.0
38780,ga.mutationRate,0.135
38780,ga.diversity,0.0
38780,ga.best,2.6534502159455666
38780,ga.avg,5.9674068944244505
38780,ga.worst,75.91351330157782
38780,ga.feasible,1.0
38780,ga.mutationRate,0.135
38780,ga.diversity,0.11758058176100629
39064,pedido_asignado,190.0
39064,ga.best,3.32351960677039
39064,ga.avg,24.468139293784276
39064,ga.worst,94.40003344257076
39064,ga.feasible,1.0
39064,ga.mutationRate,0.06
39064,ga.diversity,0.35289570230607364
39064,ga.best,3.32351960677039
39064,ga.avg,10.48782843437189
39064,ga.worst,57.01533874584271
39064,ga.feasible,1.0
39064,ga.mutationRate,0.06
39064,ga.diversity,0.32531446540882475
39064,ga.best,3.32351960677039
39064,ga.avg,4.541004866720106
39064,ga.worst,28.75392795120647
39064,ga.feasible,1.0
39064,ga.mutationRate,0.06
39064,ga.diversity,0.10493710691823989
39064,ga.best,3.32351960677039
39064,ga.avg,3.6838254681341347
39064,ga.worst,6.38914929760069
39064,ga.feasible,1.0
39064,ga.mutationRate,0.06
39064,ga.diversity,0.31674528301886795
39064,ga.best,3.32351960677039
39064,ga.avg,3.603840859750094
39064,ga.worst,3.7466460263623924
39064,ga.feasible,1.0
39064,ga.mutationRate,0.06
39064,ga.diversity,0.45
39064,ga.best,3.32351960677039
39064,ga.avg,3.500703794974543
39064,ga.worst,3.7466460263623924
39064,ga.feasible,1.0
39064,ga.mutationRate,0.06
39064,ga.diversity,0.48985849056603775
39064,ga.best,3.32351960677039
39064,ga.avg,3.3711213289744917
39064,ga.worst,3.7466460263623924
39064,ga.feasible,1.0
39064,ga.mutationRate,0.06
39064,ga.diversity,0.2009433962264151
39064,ga.best,3.32351960677039
39064,ga.avg,3.3261641468928422
39064,ga.worst,3.7466460263623924
39064,ga.feasible,1.0
39064,ga.mutationRate,0.06
39064,ga.diversity,0.0125
39064,ga.best,3.32351960677039
39064,ga.avg,3.323519606770392
39064,ga.worst,3.32351960677039
39064,ga.feasible,1.0
39064,ga.mutationRate,0.06
39064,ga.diversity,0.0
39064,ga.best,3.32351960677039
39064,ga.avg,3.323519606770392
39064,ga.worst,3.32351960677039
39064,ga.feasible,1.0
39064,ga.mutationRate,0.06
39064,ga.diversity,0.0
39064,ga.best,3.32351960677039
39064,ga.avg,3.4229443877514854
39064,ga.worst,18.808358144153015
39064,ga.feasible,1.0
39064,ga.mutationRate,0.09
39064,ga.diversity,0.024921383647798744
39064,ga.best,3.32351960677039
39064,ga.avg,3.323519606770392
39064,ga.worst,3.32351960677039
39064,ga.feasible,1.0
39064,ga.mutationRate,0.09
39064,ga.diversity,0.0
39064,ga.best,3.32351960677039
39064,ga.avg,3.323519606770392
39064,ga.worst,3.32351960677039
39064,ga.feasible,1.0
39064,ga.mutationRate,0.09
39064,ga.diversity,0.0
39064,ga.best,3.32351960677039
39064,ga.avg,3.323519606770392
39064,ga.worst,3.32351960677039
39064,ga.feasible,1.0
39064,ga.mutationRate,0.09
39064,ga.diversity,0.0
39064,ga.best,3.32351960677039
39064,ga.avg,3.323519606770392
39064,ga.worst,3.32351960677039
39064,ga.feasible,1.0
39064,ga.mutationRate,0.09
39064,ga.diversity,0.0
39064,ga.best,3.32351960677039
39064,ga.avg,3.323519606770392
39064,ga.worst,3.32351960677039
39064,ga.feasible,1.0
39064,ga.mutationRate,0.09
39064,ga.diversity,0.0
39064,ga.best,3.32351960677039
39064,ga.avg,3.323519606770392
39064,ga.worst,3.32351960677039
39064,ga.feasible,1.0
39064,ga.mutationRate,0.09
39064,ga.diversity,0.0
39064,ga.best,3.32351960677039
39064,ga.avg,3.323519606770392
39064,ga.worst,3.32351960677039
39064,ga.feasible,1.0
39064,ga.mutationRate,0.09
39064,ga.diversity,0.0
39064,ga.best,3.32351960677039
39064,ga.avg,3.323519606770392
39064,ga.worst,3.32351960677039
39064,ga.feasible,1.0
39064,ga.mutationRate,0.09
39064,ga.diversity,0.0
39064,ga.best,3.32351960677039
39064,ga.avg,3.323519606770392
39064,ga.worst,3.32351960677039
39064,ga.feasible,1.0
39064,ga.mutationRate,0.09
39064,ga.diversity,0.0
39064,ga.best,3.32351960677039
39064,ga.avg,3.3261641468928422
39064,ga.worst,3.7466460263623924
39064,ga.feasible,1.0
39064,ga.mutationRate,0.135
39064,ga.diversity,0.0125
39064,ga.best,3.32351960677039
39064,ga.avg,3.323519606770392
39064,ga.worst,3.32351960677039
39064,ga.feasible,1.0
39064,ga.mutationRate,0.135
39064,ga.diversity,0.0
39064,ga.best,3.32351960677039
39064,ga.avg,3.323519606770392
39064,ga.worst,3.32351960677039
39064,ga.feasible,1.0
39064,ga.mutationRate,0.135
39064,ga.diversity,0.0
39064,ga.best,3.32351960677039
39064,ga.avg,3.323519606770392
39064,ga.worst,3.32351960677039
39064,ga.feasible,1.0
39064,ga.mutationRate,0.135
39064,ga.diversity,0.0
39064,ga.best,3.32351960677039
39064,ga.avg,3.323519606770392
39064,ga.worst,3.32351960677039
39064,ga.feasible,1.0
39064,ga.mutationRate,0.135
39064,ga.diversity,0.0
39064,pedido_asignado,191.0
39064,ga.best,2.0707627424572315
39064,ga.avg,22.68848219863187
39064,ga.worst,107.0035049946955
39064,ga.feasible,1.0
39064,ga.mutationRate,0.06
39064,ga.diversity,0.3648370497427128
39064,ga.best,2.0707627424572315
39064,ga.avg,11.054755782039859
39064,ga.worst,60.72563368950935
39064,ga.feasible,1.0
39064,ga.mutationRate,0.06
39064,ga.diversity,0.32776280323450463
39064,ga.best,2.0707627424572315
39064,ga.avg,5.764279156231959
39064,ga.worst,33.579430213963136
39064,ga.feasible,1.0
39064,ga.mutationRate,0.06
39064,ga.diversity,0.30345911949685533
39064,ga.best,2.0707627424572315
39064,ga.avg,2.8104418490296714
39064,ga.worst,19.063352869482376
39064,ga.feasible,1.0
39064,ga.mutationRate,0.06
39064,ga.diversity,0.12885220125786165
39064,ga.best,2.0707627424572315
39064,ga.avg,2.2479321196984876
39064,ga.worst,2.321622037666095
39064,ga.feasible,1.0
39064,ga.mutationRate,0.06
39064,ga.diversity,0.4175314465408805
39064,ga.best,2.0707627424572315
39064,ga.avg,2.2165747077973807
39064,ga.worst,2.321622037666095
39064,ga.feasible,1.0
39064,ga.mutationRate,0.06
39064,ga.diversity,0.48985849056603775
39064,ga.best,2.0707627424572315
39064,ga.avg,2.158563495780332
39064,ga.worst,2.321622037666095
39064,ga.feasible,1.0
39064,ga.mutationRate,0.06
39064,ga.diversity,0.4578616352201258
39064,ga.best,2.0707627424572315
39064,ga.avg,2.1005522837632835
39064,ga.worst,2.321622037666095
39064,ga.feasible,1.0
39064,ga.mutationRate,0.06
39064,ga.diversity,0.2106132075471698
39064,ga.best,2.0707627424572315
39064,ga.avg,2.073898483647342
39064,ga.worst,2.321622037666095
39064,ga.feasible,1.0
39064,ga.mutationRate,0.06
39064,ga.diversity,0.024842767295597486
39064,ga.best,2.0707627424572315
39064,ga.avg,2.0723306130522863
39064,ga.worst,2.321622037666095
39064,ga.feasible,1.0
39064,ga.mutationRate,0.06
39064,ga.diversity,0.0125
39064,ga.best,2.0707627424572315
39064,ga.avg,2.143399537738711
39064,ga.worst,13.692649987493828
39064,ga.feasible,1.0
39064,ga.mutationRate,0.09
39064,ga.diversity,0.0125
39064,ga.best,2.0707627424572315
39064,ga.avg,2.070762742457231
39064,ga.worst,2.0707627424572315
39064,ga.feasible,1.0
39064,ga.mutationRate,0.09
39064,ga.diversity,0.0
39064,ga.best,2.0707627424572315
39064,ga.avg,2.070762742457231
39064,ga.worst,2.0707627424572315
39064,ga.feasible,1.0
39064,ga.mutationRate,0.09
39064,ga.diversity,0.0
39064,ga.best,2.0707627424572315
39064,ga.avg,2.070762742457231
39064,ga.worst,2.0707627424572315
39064,ga.feasible,1.0
39064,ga.mutationRate,0.09
39064,ga.diversity,0.0
39064,ga.best,2.0707627424572315
39064,ga.avg,2.070762742457231
39064,ga.worst,2.0707627424572315
39064,ga.feasible,1.0
39064,ga.mutationRate,0.09
39064,ga.diversity,0.0
39064,ga.best,2.0707627424572315
39064,ga.avg,2.070762742457231
39064,ga.worst,2.0707627424572315
39064,ga.feasible,1.0
39064,ga.mutationRate,0.09
39064,ga.diversity,0.0
39064,ga.best,2.0707627424572315
39064,ga.avg,2.070762742457231
39064,ga.worst,2.0707627424572315
39064,ga.feasible,1.0
39064,ga.mutationRate,0.09
39064,ga.diversity,0.0
39064,ga.best,2.0707627424572315
39064,ga.avg,2.070762742457231
39064,ga.worst,2.0707627424572315
39064,ga.feasible,1.0
39064,ga.mutationRate,0.09
39064,ga.diversity,0.0
39064,ga.best,2.0707627424572315
39064,ga.avg,2.070762742457231
39064,ga.worst,2.0707627424572315
39064,ga.feasible,1.0
39064,ga.mutationRate,0.09
39064,ga.diversity,0.0
39064,ga.best,2.0707627424572315
39064,ga.avg,2.070762742457231
39064,ga.worst,2.0707627424572315
39064,ga.feasible,1.0
39064,ga.mutationRate,0.09
39064,ga.diversity,0.0
39064,ga.best,2.0707627424572315
39064,ga.avg,2.070762742457231
39064,ga.worst,2.0707627424572315
39064,ga.feasible,1.0
39064,ga.mutationRate,0.135
39064,ga.diversity,0.0
39064,ga.best,2.0707627424572315
39064,ga.avg,2.070762742457231
39064,ga.worst,2.0707627424572315
39064,ga.feasible,1.0
39064,ga.mutationRate,0.135
39064,ga.diversity,0.0
39064,ga.best,2.0707627424572315
39064,ga.avg,2.070762742457231
39064,ga.worst,2.0707627424572315
39064,ga.feasible,1.0
39064,ga.mutationRate,0.135
39064,ga.diversity,0.0
39064,ga.best,2.0707627424572315
39064,ga.avg,2.070762742457231
39064,ga.worst,2.0707627424572315
39064,ga.feasible,1.0
39064,ga.mutationRate,0.135
39064,ga.diversity,0.0
39064,ga.best,2.0707627424572315
39064,ga.avg,2.070762742457231
39064,ga.worst,2.0707627424572315
39064,ga.feasible,1.0
39064,ga.mutationRate,0.135
39064,ga.diversity,0.0
39069,pedido_asignado,189.0
39069,ga.best,3.098215494419763
39069,ga.avg,21.59668678411603
39069,ga.worst,108.34838040493636
39069,ga.feasible,1.0
39069,ga.mutationRate,0.06
39069,ga.diversity,0.37377358490566337
39069,ga.best,3.098215494419763
39069,ga.avg,11.211751109791818
39069,ga.worst,54.52336585274019
39069,ga.feasible,1.0
39069,ga.mutationRate,0.06
39069,ga.diversity,0.2404699510831671
39069,ga.best,3.098215494419763
39069,ga.avg,4.853632229218477
39069,ga.worst,29.423172108277285
39069,ga.feasible,1.0
39069,ga.mutationRate,0.06
39069,ga.diversity,0.142940251572331
39069,ga.best,3.098215494419763
39069,ga.avg,3.2516560283568134
39069,ga.worst,14.273762441085257
39069,ga.feasible,1.0
39069,ga.mutationRate,0.06
39069,ga.diversity,0.024783805031446542
39069,ga.best,3.098215494419763
39069,ga.avg,3.0982154944197724
39069,ga.worst,3.098215494419763
39069,ga.feasible,1.0
39069,ga.mutationRate,0.06
39069,ga.diversity,0.0
39069,ga.best,3.098215494419763
39069,ga.avg,3.0982154944197724
39069,ga.worst,3.098215494419763
39069,ga.feasible,1.0
39069,ga.mutationRate,0.06
39069,ga.diversity,0.0
39069,ga.best,3.098215494419763
39069,ga.avg,3.0982154944197724
39069,ga.worst,3.098215494419763
39069,ga.feasible,1.0
39069,ga.mutationRate,0.06
39069,ga.diversity,0.0
39069,ga.best,3.098215494419763
39069,ga.avg,3.0982154944197724
39069,ga.worst,3.098215494419763
39069,ga.feasible,1.0
39069,ga.mutationRate,0.06
39069,ga.diversity,0.0
39069,ga.best,3.098215494419763
39069,ga.avg,3.0982154944197724
39069,ga.worst,3.098215494419763
39069,ga.feasible,1.0
39069,ga.mutationRate,0.06
39069,ga.diversity,0.0
39069,ga.best,3.098215494419763
39069,ga.avg,3.0982154944197724
39069,ga.worst,3.098215494419763
39069,ga.feasible,1.0
39069,ga.mutationRate,0.06
39069,ga.diversity,0.0
39069,ga.best,3.098215494419763
39069,ga.avg,3.0982154944197724
39069,ga.worst,3.098215494419763
39069,ga.feasible,1.0
39069,ga.mutationRate,0.09
39069,ga.diversity,0.0
39069,ga.best,3.098215494419763
39069,ga.avg,3.0982154944197724
39069,ga.worst,3.098215494419763
39069,ga.feasible,1.0
39069,ga.mutationRate,0.09
39069,ga.diversity,0.0
39069,ga.best,3.098215494419763
39069,ga.avg,3.0982154944197724
39069,ga.worst,3.098215494419763
39069,ga.feasible,1.0
39069,ga.mutationRate,0.09
39069,ga.diversity,0.0
39069,ga.best,3.098215494419763
39069,ga.avg,3.0982154944197724
39069,ga.worst,3.098215494419763
39069,ga.feasible,1.0
39069,ga.mutationRate,0.09
39069,ga.diversity,0.0
39069,ga.best,3.098215494419763
39069,ga.avg,3.0982154944197724
39069,ga.worst,3.098215494419763
39069,ga.feasible,1.0
39069,ga.mutationRate,0.09
39069,ga.diversity,0.0
39069,ga.best,3.098215494419763
39069,ga.avg,3.0982154944197724
39069,ga.worst,3.098215494419763
39069,ga.feasible,1.0
39069,ga.mutationRate,0.09
39069,ga.diversity,0.0
39069,ga.best,3.098215494419763
39069,ga.avg,3.0982154944197724
39069,ga.worst,3.098215494419763
39069,ga.feasible,1.0
39069,ga.mutationRate,0.09
39069,ga.diversity,0.0
39069,ga.best,3.098215494419763
39069,ga.avg,3.0982154944197724
39069,ga.worst,3.098215494419763
39069,ga.feasible,1.0
39069,ga.mutationRate,0.09
39069,ga.diversity,0.0
39069,ga.best,3.098215494419763
39069,ga.avg,3.0982154944197724
39069,ga.worst,3.098215494419763
39069,ga.feasible,1.0
39069,ga.mutationRate,0.09
39069,ga.diversity,0.0
39069,ga.best,3.098215494419763
39069,ga.avg,3.0982154944197724
39069,ga.worst,3.098215494419763
39069,ga.feasible,1.0
39069,ga.mutationRate,0.09
39069,ga.diversity,0.0
39069,ga.best,3.098215494419763
39069,ga.avg,3.0982154944197724
39069,ga.worst,3.098215494419763
39069,ga.feasible,1.0
39069,ga.mutationRate,0.135
39069,ga.diversity,0.0
39069,ga.best,3.098215494419763
39069,ga.avg,3.0982154944197724
39069,ga.worst,3.098215494419763
39069,ga.feasible,1.0
39069,ga.mutationRate,0.135
39069,ga.diversity,0.0
39069,ga.best,3.098215494419763
39069,ga.avg,3.0982154944197724
39069,ga.worst,3.098215494419763
39069,ga.feasible,1.0
39069,ga.mutationRate,0.135
39069,ga.diversity,0.0
39069,ga.best,3.098215494419763
39069,ga.avg,3.0982154944197724
39069,ga.worst,3.098215494419763
39069,ga.feasible,1.0
39069,ga.mutationRate,0.135
39069,ga.diversity,0.0
39069,ga.best,3.098215494419763
39069,ga.avg,4.4534652192733795
39069,ga.worst,31.989182336382633
39069,ga.feasible,1.0
39069,ga.mutationRate,0.135
39069,ga.diversity,0.16014150943396227
39571,pedido_asignado,46.0
39571,ga.best,2.239259603413837
39571,ga.avg,23.55406537731615
39571,ga.worst,88.04959212644548
39571,ga.feasible,1.0
39571,ga.mutationRate,0.06
39571,ga.diversity,0.4953125
39571,ga.best,2.239259603413837
39571,ga.avg,10.453925685226393
39571,ga.worst,51.01403482051978
39571,ga.feasible,1.0
39571,ga.mutationRate,0.06
39571,ga.diversity,0.2678234501347756
39571,ga.best,2.239259603413837
39571,ga.avg,5.227242656717255
39571,ga.worst,37.79342347387205
39571,ga.feasible,1.0
39571,ga.mutationRate,0.06
39571,ga.diversity,0.20363600628930817
39571,ga.best,2.239259603413837
39571,ga.avg,3.3112276852347926
39571,ga.worst,14.827971167564144
39571,ga.feasible,1.0
39571,ga.mutationRate,0.06
39571,ga.diversity,0.15974842767294445
39571,ga.best,2.239259603413837
39571,ga.avg,2.93222524684205
39571,ga.worst,3.27489003157301
39571,ga.feasible,1.0
39571,ga.mutationRate,0.06
39571,ga.diversity,0.581996855345912
39571,ga.best,2.239259603413837
39571,ga.avg,2.7461838786067903
39571,ga.worst,3.27489003157301
39571,ga.feasible,1.0
39571,ga.mutationRate,0.06
39571,ga.diversity,0.6747641509433963
39571,ga.best,2.239259603413837
39571,ga.avg,2.459757643454096
39571,ga.worst,3.27489003157301
39571,ga.feasible,1.0
39571,ga.mutationRate,0.06
39571,ga.diversity,0.5727201257861635
39571,ga.best,2.239259603413837
39571,ga.avg,2.2880568462216893
39571,ga.worst,3.27489003157301
39571,ga.feasible,1.0
39571,ga.mutationRate,0.06
39571,ga.diversity,0.28435534591194966
39571,ga.best,2.239259603413837
39571,ga.avg,2.2522825426851747
39571,ga.worst,2.499718388840674
39571,ga.feasible,1.0
39571,ga.mutationRate,0.06
39571,ga.diversity,0.09559748427672957
39571,ga.best,2.239259603413837
39571,ga.avg,2.2408874708227504
39571,ga.worst,2.499718388840674
39571,ga.feasible,1.0
39571,ga.mutationRate,0.06
39571,ga.diversity,0.0125
39571,ga.best,2.239259603413837
39571,ga.avg,2.239259603413833
39571,ga.worst,2.239259603413837
39571,ga.feasible,1.0
39571,ga.mutationRate,0.09
39571,ga.diversity,0.0
39571,ga.best,2.239259603413837
39571,ga.avg,2.239259603413833
39571,ga.worst,2.239259603413837
39571,ga.feasible,1.0
39571,ga.mutationRate,0.09
39571,ga.diversity,0.0
39571,ga.best,2.239259603413837
39571,ga.avg,2.239259603413833
39571,ga.worst,2.239259603413837
39571,ga.feasible,1.0
39571,ga.mutationRate,0.09
39571,ga.diversity,0.0
39571,ga.best,2.239259603413837
39571,ga.avg,2.239259603413833
39571,ga.worst,2.239259603413837
39571,ga.feasible,1.0
39571,ga.mutationRate,0.09
39571,ga.diversity,0.0
39571,ga.best,2.239259603413837
39571,ga.avg,2.239259603413833
39571,ga.worst,2.239259603413837
39571,ga.feasible,1.0
39571,ga.mutationRate,0.09
39571,ga.diversity,0.0
39571,ga.best,2.239259603413837
39571,ga.avg,2.239259603413833
39571,ga.worst,2.239259603413837
39571,ga.feasible,1.0
39571,ga.mutationRate,0.09
39571,ga.diversity,0.0
39571,ga.best,2.239259603413837
39571,ga.avg,2.239259603413833
39571,ga.worst,2.239259603413837
39571,ga.feasible,1.0
39571,ga.mutationRate,0.09
39571,ga.diversity,0.0
39571,ga.best,2.239259603413837
39571,ga.avg,2.239259603413833
39571,ga.worst,2.239259603413837
39571,ga.feasible,1.0
39571,ga.mutationRate,0.09
39571,ga.diversity,0.0
39571,ga.best,2.239259603413837
39571,ga.avg,2.239259603413833
39571,ga.worst,2.239259603413837
39571,ga.feasible,1.0
39571,ga.mutationRate,0.09
39571,ga.diversity,0.0
39571,ga.best,2.239259603413837
39571,ga.avg,2.239259603413833
39571,ga.worst,2.239259603413837
39571,ga.feasible,1.0
39571,ga.mutationRate,0.09
39571,ga.diversity,0.0
39571,ga.best,2.239259603413837
39571,ga.avg,2.239259603413833
39571,ga.worst,2.239259603413837
39571,ga.feasible,1.0
39571,ga.mutationRate,0.135
39571,ga.diversity,0.0
39571,ga.best,2.239259603413837
39571,ga.avg,2.239259603413833
39571,ga.worst,2.239259603413837
39571,ga.feasible,1.0
39571,ga.mutationRate,0.135
39571,ga.diversity,0.0
39571,ga.best,2.239259603413837
39571,ga.avg,2.239259603413833
39571,ga.worst,2.239259603413837
39571,ga.feasible,1.0
39571,ga.mutationRate,0.135
39571,ga.diversity,0.0
39571,ga.best,2.239259603413837
39571,ga.avg,2.239259603413833
39571,ga.worst,2.239259603413837
39571,ga.feasible,1.0
39571,ga.mutationRate,0.135
39571,ga.diversity,0.0
39571,ga.best,2.239259603413837
39571,ga.avg,2.239259603413833
39571,ga.worst,2.239259603413837
39571,ga.feasible,1.0
39571,ga.mutationRate,0.135
39571,ga.diversity,0.0
39571,pedido_asignado,61.0
39571,ga.best,3.27489003157301
39571,ga.avg,21.035375372425165
39571,ga.worst,80.87262123892339
39571,ga.feasible,1.0
39571,ga.mutationRate,0.06
39571,ga.diversity,0.4594143081761006
39571,ga.best,3.27489003157301
39571,ga.avg,10.397629849534281
39571,ga.worst,38.11159683938426
39571,ga.feasible,1.0
39571,ga.mutationRate,0.06
39571,ga.diversity,0.32429245283019126
39571,ga.best,3.27489003157301
39571,ga.avg,5.9309048740511265
39571,ga.worst,30.243595056765212
39571,ga.feasible,1.0
39571,ga.mutationRate,0.06
39571,ga.diversity,0.18031446540881646
39571,ga.best,3.27489003157301
39571,ga.avg,3.569280756338119
39571,ga.worst,15.189174724513267
39571,ga.feasible,1.0
39571,ga.mutationRate,0.06
39571,ga.diversity,0.11721698113207547
39571,ga.best,3.27489003157301
39571,ga.avg,3.274890031573019
39571,ga.worst,3.27489003157301
39571,ga.feasible,1.0
39571,ga.mutationRate,0.06
39571,ga.diversity,0.09559748427672957
39571,ga.best,3.27489003157301
39571,ga.avg,3.274890031573019
39571,ga.worst,3.27489003157301
39571,ga.feasible,1.0
39571,ga.mutationRate,0.06
39571,ga.diversity,0.09559748427672957
39571,ga.best,3.27489003157301
39571,ga.avg,3.274890031573019
39571,ga.worst,3.27489003157301
39571,ga.feasible,1.0
39571,ga.mutationRate,0.06
39571,ga.diversity,0.09559748427672957
39571,ga.best,3.27489003157301
39571,ga.avg,3.274890031573019
39571,ga.worst,3.27489003157301
39571,ga.feasible,1.0
39571,ga.mutationRate,0.06
39571,ga.diversity,0.06092767295597484
39571,ga.best,3.27489003157301
39571,ga.avg,3.274890031573019
39571,ga.worst,3.27489003157301
39571,ga.feasible,1.0
39571,ga.mutationRate,0.06
39571,ga.diversity,0.07264150943396226
39571,ga.best,3.27489003157301
39571,ga.avg,3.274890031573019
39571,ga.worst,3.27489003157301
39571,ga.feasible,1.0
39571,ga.mutationRate,0.06
39571,ga.diversity,0.08419811320754716
39571,ga.best,3.27489003157301
39571,ga.avg,3.274890031573019
39571,ga.worst,3.27489003157301
39571,ga.feasible,1.0
39571,ga.mutationRate,0.09
39571,ga.diversity,0.1179245283018868
39571,ga.best,3.27489003157301
39571,ga.avg,3.274890031573019
39571,ga.worst,3.27489003157301
39571,ga.feasible,1.0
39571,ga.mutationRate,0.09
39571,ga.diversity,0.09559748427672957
39571,ga.best,3.27489003157301
39571,ga.avg,3.274890031573019
39571,ga.worst,3.27489003157301
39571,ga.feasible,1.0
39571,ga.mutationRate,0.09
39571,ga.diversity,0.08419811320754716
39571,ga.best,3.27489003157301
39571,ga.avg,3.274890031573019
39571,ga.worst,3.27489003157301
39571,ga.feasible,1.0
39571,ga.mutationRate,0.09
39571,ga.diversity,0.07264150943396226
39571,ga.best,3.27489003157301
39571,ga.avg,3.274890031573019
39571,ga.worst,3.27489003157301
39571,ga.feasible,1.0
39571,ga.mutationRate,0.09
39571,ga.diversity,0.09559748427672957
39571,ga.best,3.27489003157301
39571,ga.avg,3.274890031573019
39571,ga.worst,3.27489003157301
39571,ga.feasible,1.0
39571,ga.mutationRate,0.09
39571,ga.diversity,0.12885220125786165
39571,ga.best,3.27489003157301
39571,ga.avg,3.274890031573019
39571,ga.worst,3.27489003157301
39571,ga.feasible,1.0
39571,ga.mutationRate,0.09
39571,ga.diversity,0.13962264150943396
39571,ga.best,3.27489003157301
39571,ga.avg,3.274890031573019
39571,ga.worst,3.27489003157301
39571,ga.feasible,1.0
39571,ga.mutationRate,0.09
39571,ga.diversity,0.1179245283018868
39571,ga.best,3.27489003157301
39571,ga.avg,3.274890031573019
39571,ga.worst,3.27489003157301
39571,ga.feasible,1.0
39571,ga.mutationRate,0.09
39571,ga.diversity,0.19111635220125786
39571,ga.best,3.27489003157301
39571,ga.avg,3.274890031573019
39571,ga.worst,3.27489003157301
39571,ga.feasible,1.0
39571,ga.mutationRate,0.09
39571,ga.diversity,0.1179245283018868
39571,ga.best,3.27489003157301
39571,ga.avg,3.274890031573019
39571,ga.worst,3.27489003157301
39571,ga.feasible,1.0
39571,ga.mutationRate,0.135
39571,ga.diversity,0.192374213836478
39571,ga.best,3.27489003157301
39571,ga.avg,3.274890031573019
39571,ga.worst,3.27489003157301
39571,ga.feasible,1.0
39571,ga.mutationRate,0.135
39571,ga.diversity,0.12885220125786165
39571,ga.best,3.27489003157301
39571,ga.avg,3.274890031573019
39571,ga.worst,3.27489003157301
39571,ga.feasible,1.0
39571,ga.mutationRate,0.135
39571,ga.diversity,0.12885220125786165
39571,ga.best,3.27489003157301
39571,ga.avg,3.274890031573019
39571,ga.worst,3.27489003157301
39571,ga.feasible,1.0
39571,ga.mutationRate,0.135
39571,ga.diversity,0.09559748427672957
39571,ga.best,3.27489003157301
39571,ga.avg,6.238844980846279
39571,ga.worst,62.61363999459902
39571,ga.feasible,1.0
39571,ga.mutationRate,0.135
39571,ga.diversity,0.10395702306079083
39642,pedido_asignado,83.0
39642,ga.best,2.9940556405550938
39642,ga.avg,22.153725236444757
39642,ga.worst,99.41604190758257
39642,ga.feasible,1.0
39642,ga.mutationRate,0.06
39642,ga.diversity,0.39569968553459056
39642,ga.best,2.9940556405550938
39642,ga.avg,10.66404080502982
39642,ga.worst,51.8880545702336
39642,ga.feasible,1.0
39642,ga.mutationRate,0.06
39642,ga.diversity,0.31501572327044153
39642,ga.best,2.9940556405550938
39642,ga.avg,4.851729508493916
39642,ga.worst,36.7408398572498
39642,ga.feasible,1.0
39642,ga.mutationRate,0.06
39642,ga.diversity,0.19150943396226416
39642,ga.best,2.9940556405550938
39642,ga.avg,2.994055640555087
39642,ga.worst,2.9940556405550938
39642,ga.feasible,1.0
39642,ga.mutationRate,0.06
39642,ga.diversity,0.1811320754716981
39642,ga.best,2.9940556405550938
39642,ga.avg,2.994055640555087
39642,ga.worst,2.9940556405550938
39642,ga.feasible,1.0
39642,ga.mutationRate,0.06
39642,ga.diversity,0.16069182389937106
39642,ga.best,2.9940556405550938
39642,ga.avg,2.994055640555087
39642,ga.worst,2.9940556405550938
39642,ga.feasible,1.0
39642,ga.mutationRate,0.06
39642,ga.diversity,0.08419811320754716
39642,ga.best,2.9940556405550938
39642,ga.avg,2.994055640555087
39642,ga.worst,2.9940556405550938
39642,ga.feasible,1.0
39642,ga.mutationRate,0.06
39642,ga.diversity,0.08419811320754716
39642,ga.best,2.9940556405550938
39642,ga.avg,2.994055640555087
39642,ga.worst,2.9940556405550938
39642,ga.feasible,1.0
39642,ga.mutationRate,0.06
39642,ga.diversity,0.06092767295597484
39642,ga.best,2.9940556405550938
39642,ga.avg,2.994055640555087
39642,ga.worst,2.9940556405550938
39642,ga.feasible,1.0
39642,ga.mutationRate,0.06
39642,ga.diversity,0.06092767295597484
39642,ga.best,2.9940556405550938
39642,ga.avg,2.994055640555087
39642,ga.worst,2.9940556405550938
39642,ga.feasible,1.0
39642,ga.mutationRate,0.06
39642,ga.diversity,0.04905660377358491
39642,ga.best,2.9940556405550938
39642,ga.avg,2.994055640555087
39642,ga.worst,2.9940556405550938
39642,ga.feasible,1.0
39642,ga.mutationRate,0.09
39642,ga.diversity,0.09559748427672957
39642,ga.best,2.9940556405550938
39642,ga.avg,2.994055640555087
39642,ga.worst,2.9940556405550938
39642,ga.feasible,1.0
39642,ga.mutationRate,0.09
39642,ga.diversity,0.04905660377358491
39642,ga.best,2.9940556405550938
39642,ga.avg,2.994055640555087
39642,ga.worst,2.9940556405550938
39642,ga.feasible,1.0
39642,ga.mutationRate,0.09
39642,ga.diversity,0.0125
39642,ga.best,2.9940556405550938
39642,ga.avg,2.994055640555087
39642,ga.worst,2.9940556405550938
39642,ga.feasible,1.0
39642,ga.mutationRate,0.09
39642,ga.diversity,0.0
39642,ga.best,2.9940556405550938
39642,ga.avg,2.994055640555087
39642,ga.worst,2.9940556405550938
39642,ga.feasible,1.0
39642,ga.mutationRate,0.09
39642,ga.diversity,0.0
39642,ga.best,2.9940556405550938
39642,ga.avg,2.994055640555087
39642,ga.worst,2.9940556405550938
39642,ga.feasible,1.0
39642,ga.mutationRate,0.09
39642,ga.diversity,0.0
39642,ga.best,2.9940556405550938
39642,ga.avg,2.994055640555087
39642,ga.worst,2.9940556405550938
39642,ga.feasible,1.0
39642,ga.mutationRate,0.09
39642,ga.diversity,0.0
39642,ga.best,2.9940556405550938
39642,ga.avg,2.994055640555087
39642,ga.worst,2.9940556405550938
39642,ga.feasible,1.0
39642,ga.mutationRate,0.09
39642,ga.diversity,0.0
39642,ga.best,2.9940556405550938
39642,ga.avg,2.994055640555087
39642,ga.worst,2.9940556405550938
39642,ga.feasible,1.0
39642,ga.mutationRate,0.09
39642,ga.diversity,0.0
39642,ga.best,2.9940556405550938
39642,ga.avg,2.994055640555087
39642,ga.worst,2.9940556405550938
39642,ga.feasible,1.0
39642,ga.mutationRate,0.09
39642,ga.diversity,0.0
39642,ga.best,2.9940556405550938
39642,ga.avg,2.994055640555087
39642,ga.worst,2.9940556405550938
39642,ga.feasible,1.0
39642,ga.mutationRate,0.135
39642,ga.diversity,0.0
39642,ga.best,2.9940556405550938
39642,ga.avg,2.994055640555087
39642,ga.worst,2.9940556405550938
39642,ga.feasible,1.0
39642,ga.mutationRate,0.135
39642,ga.diversity,0.0
39642,ga.best,2.9940556405550938
39642,ga.avg,2.994055640555087
39642,ga.worst,2.9940556405550938
39642,ga.feasible,1.0
39642,ga.mutationRate,0.135
39642,ga.diversity,0.0
39642,ga.best,2.9940556405550938
39642,ga.avg,4.304235959932457
39642,ga.worst,38.43686920109252
39642,ga.feasible,1.0
39642,ga.mutationRate,0.135
39642,ga.diversity,0.09679245283018975
39642,ga.best,2.9940556405550938
39642,ga.avg,3.088250212010737
39642,ga.worst,18.065187073459015
39642,ga.feasible,1.0
39642,ga.mutationRate,0.135
39642,ga.diversity,0.015605345911949686
39642,pedido_asignado,26.0
39642,ga.best,1.2963253989938304
39642,ga.avg,21.10780636063861
39642,ga.worst,89.89626934532487
39642,ga.feasible,1.0
39642,ga.mutationRate,0.06
39642,ga.diversity,0.38544811320755595
39642,ga.best,1.2963253989938304
39642,ga.avg,9.642735250893068
39642,ga.worst,58.17229665049186
39642,ga.feasible,1.0
39642,ga.mutationRate,0.06
39642,ga.diversity,0.29007187780773014
39642,ga.best,1.2963253989938304
39642,ga.avg,4.296848704322406
39642,ga.worst,32.87284673423925
39642,ga.feasible,1.0
39642,ga.mutationRate,0.06
39642,ga.diversity,0.21053459119496856
39642,ga.best,1.2963253989938304
39642,ga.avg,2.6621748073293525
39642,ga.worst,7.8838708958011985
39642,ga.feasible,1.0
39642,ga.mutationRate,0.06
39642,ga.diversity,0.21065251572327043
39642,ga.best,1.2963253989938304
39642,ga.avg,2.391594408710904
39642,ga.worst,2.9940556405550938
39642,ga.feasible,1.0
39642,ga.mutationRate,0.06
39642,ga.diversity,0.5038522012578617
39642,ga.best,1.2963253989938304
39642,ga.avg,2.0120925096451585
39642,ga.worst,2.9940556405550938
39642,ga.feasible,1.0
39642,ga.mutationRate,0.06
39642,ga.diversity,0.5732704402515724
39642,ga.best,1.2963253989938304
39642,ga.avg,1.617137224572108
39642,ga.worst,2.9940556405550938
39642,ga.feasible,1.0
39642,ga.mutationRate,0.06
39642,ga.diversity,0.3481918238993711
39642,ga.best,1.2963253989938304
39642,ga.avg,1.3519991129016835
39642,ga.worst,2.9940556405550938
39642,ga.feasible,1.0
39642,ga.mutationRate,0.06
39642,ga.diversity,0.07303459119496855
39642,ga.best,1.2963253989938304
39642,ga.avg,1.3069362130035929
39642,ga.worst,2.9940556405550938
39642,ga.feasible,1.0
39642,ga.mutationRate,0.06
39642,ga.diversity,0.0125
39642,ga.best,1.2963253989938304
39642,ga.avg,1.296325398993835
39642,ga.worst,1.2963253989938304
39642,ga.feasible,1.0
39642,ga.mutationRate,0.06
39642,ga.diversity,0.0
39642,ga.best,1.2963253989938304
39642,ga.avg,1.306936213003593
39642,ga.worst,2.9940556405550938
39642,ga.feasible,1.0
39642,ga.mutationRate,0.09
39642,ga.diversity,0.0125
39642,ga.best,1.2963253989938304
39642,ga.avg,1.296325398993835
39642,ga.worst,1.2963253989938304
39642,ga.feasible,1.0
39642,ga.mutationRate,0.09
39642,ga.diversity,0.0
39642,ga.best,1.2963253989938304
39642,ga.avg,1.296325398993835
39642,ga.worst,1.2963253989938304
39642,ga.feasible,1.0
39642,ga.mutationRate,0.09
39642,ga.diversity,0.0
39642,ga.best,1.2963253989938304
39642,ga.avg,1.296325398993835
39642,ga.worst,1.2963253989938304
39642,ga.feasible,1.0
39642,ga.mutationRate,0.09
39642,ga.diversity,0.0
39642,ga.best,1.2963253989938304
39642,ga.avg,1.296325398993835
39642,ga.worst,1.2963253989938304
39642,ga.feasible,1.0
39642,ga.mutationRate,0.09
39642,ga.diversity,0.0
39642,ga.best,1.2963253989938304
39642,ga.avg,1.296325398993835
39642,ga.worst,1.2963253989938304
39642,ga.feasible,1.0
39642,ga.mutationRate,0.09
39642,ga.diversity,0.0
39642,ga.best,1.2963253989938304
39642,ga.avg,1.296325398993835
39642,ga.worst,1.2963253989938304
39642,ga.feasible,1.0
39642,ga.mutationRate,0.09
39642,ga.diversity,0.0
39642,ga.best,1.2963253989938304
39642,ga.avg,1.296325398993835
39642,ga.worst,1.2963253989938304
39642,ga.feasible,1.0
39642,ga.mutationRate,0.09
39642,ga.diversity,0.0
39642,ga.best,1.2963253989938304
39642,ga.avg,1.296325398993835
39642,ga.worst,1.2963253989938304
39642,ga.feasible,1.0
39642,ga.mutationRate,0.09
39642,ga.diversity,0.0
39642,ga.best,1.2963253989938304
39642,ga.avg,1.296325398993835
39642,ga.worst,1.2963253989938304
39642,ga.feasible,1.0
39642,ga.mutationRate,0.09
39642,ga.diversity,0.0
39642,ga.best,1.2963253989938304
39642,ga.avg,1.3069362130035929
39642,ga.worst,2.9940556405550938
39642,ga.feasible,1.0
39642,ga.mutationRate,0.135
39642,ga.diversity,0.0125
39642,ga.best,1.2963253989938304
39642,ga.avg,1.296325398993835
39642,ga.worst,1.2963253989938304
39642,ga.feasible,1.0
39642,ga.mutationRate,0.135
39642,ga.diversity,0.0
39642,ga.best,1.2963253989938304
39642,ga.avg,1.296325398993835
39642,ga.worst,1.2963253989938304
39642,ga.feasible,1.0
39642,ga.mutationRate,0.135
39642,ga.diversity,0.0
39642,ga.best,1.2963253989938304
39642,ga.avg,1.296325398993835
39642,ga.worst,1.2963253989938304
39642,ga.feasible,1.0
39642,ga.mutationRate,0.135
39642,ga.diversity,0.0
39642,ga.best,1.2963253989938304
39642,ga.avg,1.296325398993835
39642,ga.worst,1.2963253989938304
39642,ga.feasible,1.0
39642,ga.mutationRate,0.135
39642,ga.diversity,0.0
39642,pedido_asignado,165.0
39642,ga.best,2.7140684678808524
39642,ga.avg,22.39115800779175
39642,ga.worst,93.88557243765928
39642,ga.feasible,1.0
39642,ga.mutationRate,0.06
39642,ga.diversity,0.3958805031446564
39642,ga.best,2.7140684678808524
39642,ga.avg,9.304132515059885
39642,ga.worst,60.26063076809743
39642,ga.feasible,1.0
39642,ga.mutationRate,0.06
39642,ga.diversity,0.3038522012578704
39642,ga.best,2.7140684678808524
39642,ga.avg,3.3986438697611745
39642,ga.worst,25.11476992434644
39642,ga.feasible,1.0
39642,ga.mutationRate,0.06
39642,ga.diversity,0.103125
39642,ga.best,2.7140684678808524
39642,ga.avg,2.754116356145601
39642,ga.worst,9.12173059024092
39642,ga.feasible,1.0
39642,ga.mutationRate,0.06
39642,ga.diversity,0.0125
39642,ga.best,2.7140684678808524
39642,ga.avg,2.71406846788085
39642,ga.worst,2.7140684678808524
39642,ga.feasible,1.0
39642,ga.mutationRate,0.06
39642,ga.diversity,0.0
39642,ga.best,2.7140684678808524
39642,ga.avg,2.71406846788085
39642,ga.worst,2.7140684678808524
39642,ga.feasible,1.0
39642,ga.mutationRate,0.06
39642,ga.diversity,0.0
39642,ga.best,2.7140684678808524
39642,ga.avg,2.71406846788085
39642,ga.worst,2.7140684678808524
39642,ga.feasible,1.0
39642,ga.mutationRate,0.06
39642,ga.diversity,0.0
39642,ga.best,2.7140684678808524
39642,ga.avg,2.71406846788085
39642,ga.worst,2.7140684678808524
39642,ga.feasible,1.0
39642,ga.mutationRate,0.06
39642,ga.diversity,0.0
39642,ga.best,2.7140684678808524
39642,ga.avg,2.71406846788085
39642,ga.worst,2.7140684678808524
39642,ga.feasible,1.0
39642,ga.mutationRate,0.06
39642,ga.diversity,0.0
39642,ga.best,2.7140684678808524
39642,ga.avg,2.71406846788085
39642,ga.worst,2.7140684678808524
39642,ga.feasible,1.0
39642,ga.mutationRate,0.06
39642,ga.diversity,0.0
39642,ga.best,2.7140684678808524
39642,ga.avg,2.951589526167614
39642,ga.worst,40.71743779376308
39642,ga.feasible,1.0
39642,ga.mutationRate,0.09
39642,ga.diversity,0.0125
39642,ga.best,2.7140684678808524
39642,ga.avg,2.71406846788085
39642,ga.worst,2.7140684678808524
39642,ga.feasible,1.0
39642,ga.mutationRate,0.09
39642,ga.diversity,0.0
39642,ga.best,2.7140684678808524
39642,ga.avg,2.71406846788085
39642,ga.worst,2.7140684678808524
39642,ga.feasible,1.0
39642,ga.mutationRate,0.09
39642,ga.diversity,0.0
39642,ga.best,2.7140684678808524
39642,ga.avg,2.71406846788085
39642,ga.worst,2.7140684678808524
39642,ga.feasible,1.0
39642,ga.mutationRate,0.09
39642,ga.diversity,0.0
39642,ga.best,2.7140684678808524
39642,ga.avg,2.71406846788085
39642,ga.worst,2.7140684678808524
39642,ga.feasible,1.0
39642,ga.mutationRate,0.09
39642,ga.diversity,0.0
39642,ga.best,2.7140684678808524
39642,ga.avg,2.71406846788085
39642,ga.worst,2.7140684678808524
39642,ga.feasible,1.0
39642,ga.mutationRate,0.09
39642,ga.diversity,0.0
39642,ga.best,2.7140684678808524
39642,ga.avg,2.71406846788085
39642,ga.worst,2.7140684678808524
39642,ga.feasible,1.0
39642,ga.mutationRate,0.09
39642,ga.diversity,0.0
39642,ga.best,2.7140684678808524
39642,ga.avg,2.71406846788085
39642,ga.worst,2.7140684678808524
39642,ga.feasible,1.0
39642,ga.mutationRate,0.09
39642,ga.diversity,0.0
39642,ga.best,2.7140684678808524
39642,ga.avg,2.71406846788085
39642,ga.worst,2.7140684678808524
39642,ga.feasible,1.0
39642,ga.mutationRate,0.09
39642,ga.diversity,0.0
39642,ga.best,2.7140684678808524
39642,ga.avg,2.71406846788085
39642,ga.worst,2.7140684678808524
39642,ga.feasible,1.0
39642,ga.mutationRate,0.09
39642,ga.diversity,0.0
39642,ga.best,2.7140684678808524
39642,ga.avg,2.71406846788085
39642,ga.worst,2.7140684678808524
39642,ga.feasible,1.0
39642,ga.mutationRate,0.135
39642,ga.diversity,0.0
39642,ga.best,2.7140684678808524
39642,ga.avg,2.71406846788085
39642,ga.worst,2.7140684678808524
39642,ga.feasible,1.0
39642,ga.mutationRate,0.135
39642,ga.diversity,0.0
39642,ga.best,2.7140684678808524
39642,ga.avg,2.71406846788085
39642,ga.worst,2.7140684678808524
39642,ga.feasible,1.0
39642,ga.mutationRate,0.135
39642,ga.diversity,0.0
39642,ga.best,2.7140684678808524
39642,ga.avg,2.71406846788085
39642,ga.worst,2.7140684678808524
39642,ga.feasible,1.0
39642,ga.mutationRate,0.135
39642,ga.diversity,0.0
39642,ga.best,2.7140684678808524
39642,ga.avg,2.71406846788085
39642,ga.worst,2.7140684678808524
39642,ga.feasible,1.0
39642,ga.mutationRate,0.135
39642,ga.diversity,0.0
40101,pedido_asignado,192.0
40101,ga.best,2.7592079801741094
40101,ga.avg,20.94807984391043
40101,ga.worst,87.87581031680149
40101,ga.feasible,1.0
40101,ga.mutationRate,0.06
40101,ga.diversity,0.42027428371766656
40101,ga.best,2.7592079801741094
40101,ga.avg,9.39559091964975
40101,ga.worst,47.62461847234315
40101,ga.feasible,1.0
40101,ga.mutationRate,0.06
40101,ga.diversity,0.3994496855345995
40101,ga.best,2.7592079801741094
40101,ga.avg,3.7175575384568362
40101,ga.worst,27.711066478135
40101,ga.feasible,1.0
40101,ga.mutationRate,0.06
40101,ga.diversity,0.14160770440251572
40101,ga.best,2.7592079801741094
40101,ga.avg,2.7876523994049225
40101,ga.worst,7.310315057105648
40101,ga.feasible,1.0
40101,ga.mutationRate,0.06
40101,ga.diversity,0.05455974842767296
40101,ga.best,2.7592079801741094
40101,ga.avg,2.759207980174101
40101,ga.worst,2.7592079801741094
40101,ga.feasible,1.0
40101,ga.mutationRate,0.06
40101,ga.diversity,0.12963836477987423
40101,ga.best,2.7592079801741094
40101,ga.avg,2.759207980174101
40101,ga.worst,2.7592079801741094
40101,ga.feasible,1.0
40101,ga.mutationRate,0.06
40101,ga.diversity,0.06092767295597484
40101,ga.best,2.7592079801741094
40101,ga.avg,2.759207980174101
40101,ga.worst,2.7592079801741094
40101,ga.feasible,1.0
40101,ga.mutationRate,0.06
40101,ga.diversity,0.03702830188679245
40101,ga.best,2.7592079801741094
40101,ga.avg,2.759207980174101
40101,ga.worst,2.7592079801741094
40101,ga.feasible,1.0
40101,ga.mutationRate,0.06
40101,ga.diversity,0.04905660377358491
40101,ga.best,2.7592079801741094
40101,ga.avg,2.759207980174101
40101,ga.worst,2.7592079801741094
40101,ga.feasible,1.0
40101,ga.mutationRate,0.06
40101,ga.diversity,0.024842767295597486
40101,ga.best,2.7592079801741094
40101,ga.avg,2.759207980174101
40101,ga.worst,2.7592079801741094
40101,ga.feasible,1.0
40101,ga.mutationRate,0.06
40101,ga.diversity,0.03702830188679245
40101,ga.best,2.7592079801741094
40101,ga.avg,2.759207980174101
40101,ga.worst,2.7592079801741094
40101,ga.feasible,1.0
40101,ga.mutationRate,0.09
40101,ga.diversity,0.0
40101,ga.best,2.7592079801741094
40101,ga.avg,2.759207980174101
40101,ga.worst,2.7592079801741094
40101,ga.feasible,1.0
40101,ga.mutationRate,0.09
40101,ga.diversity,0.0
40101,ga.best,2.7592079801741094
40101,ga.avg,2.759207980174101
40101,ga.worst,2.7592079801741094
40101,ga.feasible,1.0
40101,ga.mutationRate,0.09
40101,ga.diversity,0.0
40101,ga.best,2.7592079801741094
40101,ga.avg,2.759207980174101
40101,ga.worst,2.7592079801741094
40101,ga.feasible,1.0
40101,ga.mutationRate,0.09
40101,ga.diversity,0.0
40101,ga.best,2.7592079801741094
40101,ga.avg,2.759207980174101
40101,ga.worst,2.7592079801741094
40101,ga.feasible,1.0
40101,ga.mutationRate,0.09
40101,ga.diversity,0.0
40101,ga.best,2.7592079801741094
40101,ga.avg,2.759207980174101
40101,ga.worst,2.7592079801741094
40101,ga.feasible,1.0
40101,ga.mutationRate,0.09
40101,ga.diversity,0.0
40101,ga.best,2.7592079801741094
40101,ga.avg,2.759207980174101
40101,ga.worst,2.7592079801741094
40101,ga.feasible,1.0
40101,ga.mutationRate,0.09
40101,ga.diversity,0.0
40101,ga.best,2.7592079801741094
40101,ga.avg,2.759207980174101
40101,ga.worst,2.7592079801741094
40101,ga.feasible,1.0
40101,ga.mutationRate,0.09
40101,ga.diversity,0.0
40101,ga.best,2.7592079801741094
40101,ga.avg,2.759207980174101
40101,ga.worst,2.7592079801741094
40101,ga.feasible,1.0
40101,ga.mutationRate,0.09
40101,ga.diversity,0.0
40101,ga.best,2.7592079801741094
40101,ga.avg,2.759207980174101
40101,ga.worst,2.7592079801741094
40101,ga.feasible,1.0
40101,ga.mutationRate,0.09
40101,ga.diversity,0.0
40101,ga.best,2.7592079801741094
40101,ga.avg,2.759207980174101
40101,ga.worst,2.7592079801741094
40101,ga.feasible,1.0
40101,ga.mutationRate,0.135
40101,ga.diversity,0.0
40101,ga.best,2.7592079801741094
40101,ga.avg,2.759207980174101
40101,ga.worst,2.7592079801741094
40101,ga.feasible,1.0
40101,ga.mutationRate,0.135
40101,ga.diversity,0.0
40101,ga.best,2.7592079801741094
40101,ga.avg,2.759207980174101
40101,ga.worst,2.7592079801741094
40101,ga.feasible,1.0
40101,ga.mutationRate,0.135
40101,ga.diversity,0.0
40101,ga.best,2.7592079801741094
40101,ga.avg,2.759207980174101
40101,ga.worst,2.7592079801741094
40101,ga.feasible,1.0
40101,ga.mutationRate,0.135
40101,ga.diversity,0.0
40101,ga.best,2.7592079801741094
40101,ga.avg,4.488924562077831
40101,ga.worst,30.907347577776672
40101,ga.feasible,1.0
40101,ga.mutationRate,0.135
40101,ga.diversity,0.12617924528301888
40851,pedido_asignado,14.0
40851,ga.best,1.9297094927708374
40851,ga.avg,21.479135907388617
40851,ga.worst,84.31968913569202
40851,ga.feasible,1.0
40851,ga.mutationRate,0.06
40851,ga.diversity,0.4258997204751824
40851,ga.best,1.9297094927708374
40851,ga.avg,9.901669935059319
40851,ga.worst,56.25861406486948
40851,ga.feasible,1.0
40851,ga.mutationRate,0.06
40851,ga.diversity,0.31996855345912817
40851,ga.best,1.9297094927708374
40851,ga.avg,4.636502359941568
40851,ga.worst,33.70211125677114
40851,ga.feasible,1.0
40851,ga.mutationRate,0.06
40851,ga.diversity,0.10619758909853329
40851,ga.best,1.9297094927708374
40851,ga.avg,2.96128715779503
40851,ga.worst,18.375965206573618
40851,ga.feasible,1.0
40851,ga.mutationRate,0.06
40851,ga.diversity,0.0457940251572327
40851,ga.best,1.9297094927708374
40851,ga.avg,2.691811228072585
40851,ga.worst,2.7592079801741094
40851,ga.feasible,1.0
40851,ga.mutationRate,0.06
40851,ga.diversity,0.15023584905660378
40851,ga.best,1.9297094927708374
40851,ga.avg,2.6244144759710695
40851,ga.worst,2.7592079801741094
40851,ga.feasible,1.0
40851,ga.mutationRate,0.06
40851,ga.diversity,0.2738993710691824
40851,ga.best,1.9297094927708374
40851,ga.avg,2.525911530591931
40851,ga.worst,2.7592079801741094
40851,ga.feasible,1.0
40851,ga.mutationRate,0.06
40851,ga.diversity,0.4068396226415094
40851,ga.best,1.9297094927708374
40851,ga.avg,2.313352543194843
40851,ga.worst,2.7592079801741094
40851,ga.feasible,1.0
40851,ga.mutationRate,0.06
40851,ga.diversity,0.5003144654088051
40851,ga.best,1.9297094927708374
40851,ga.avg,2.0852404591589444
40851,ga.worst,2.7592079801741094
40851,ga.feasible,1.0
40851,ga.mutationRate,0.06
40851,ga.diversity,0.30660377358490565
40851,ga.best,1.9297094927708374
40851,ga.avg,1.9711844171409947
40851,ga.worst,2.7592079801741094
40851,ga.feasible,1.0
40851,ga.mutationRate,0.06
40851,ga.diversity,0.09559748427672957
40851,ga.best,1.9297094927708374
40851,ga.avg,1.9297094927708316
40851,ga.worst,1.9297094927708374
40851,ga.feasible,1.0
40851,ga.mutationRate,0.09
40851,ga.diversity,0.0
40851,ga.best,1.9297094927708374
40851,ga.avg,1.9297094927708316
40851,ga.worst,1.9297094927708374
40851,ga.feasible,1.0
40851,ga.mutationRate,0.09
40851,ga.diversity,0.0
40851,ga.best,1.9297094927708374
40851,ga.avg,1.9297094927708316
40851,ga.worst,1.9297094927708374
40851,ga.feasible,1.0
40851,ga.mutationRate,0.09
40851,ga.diversity,0.0
40851,ga.best,1.9297094927708374
40851,ga.avg,1.9297094927708316
40851,ga.worst,1.9297094927708374
40851,ga.feasible,1.0
40851,ga.mutationRate,0.09
40851,ga.diversity,0.0
40851,ga.best,1.9297094927708374
40851,ga.avg,1.9297094927708316
40851,ga.worst,1.9297094927708374
40851,ga.feasible,1.0
40851,ga.mutationRate,0.09
40851,ga.diversity,0.0
40851,ga.best,1.9297094927708374
40851,ga.avg,1.9297094927708316
40851,ga.worst,1.9297094927708374
40851,ga.feasible,1.0
40851,ga.mutationRate,0.09
40851,ga.diversity,0.0
40851,ga.best,1.9297094927708374
40851,ga.avg,1.9297094927708316
40851,ga.worst,1.9297094927708374
40851,ga.feasible,1.0
40851,ga.mutationRate,0.09
40851,ga.diversity,0.0
40851,ga.best,1.9297094927708374
40851,ga.avg,1.9297094927708316
40851,ga.worst,1.9297094927708374
40851,ga.feasible,1.0
40851,ga.mutationRate,0.09
40851,ga.diversity,0.0
40851,ga.best,1.9297094927708374
40851,ga.avg,1.9297094927708316
40851,ga.worst,1.9297094927708374
40851,ga.feasible,1.0
40851,ga.mutationRate,0.09
40851,ga.diversity,0.0
40851,ga.best,1.9297094927708374
40851,ga.avg,1.9297094927708316
40851,ga.worst,1.9297094927708374
40851,ga.feasible,1.0
40851,ga.mutationRate,0.09
40851,ga.diversity,0.0
40851,ga.best,1.9297094927708374
40851,ga.avg,2.1425266109120944
40851,ga.worst,35.98044839537311
40851,ga.feasible,1.0
40851,ga.mutationRate,0.135
40851,ga.diversity,0.0125
40851,ga.best,1.9297094927708374
40851,ga.avg,1.9297094927708316
40851,ga.worst,1.9297094927708374
40851,ga.feasible,1.0
40851,ga.mutationRate,0.135
40851,ga.diversity,0.0
40851,ga.best,1.9297094927708374
40851,ga.avg,1.9297094927708316
40851,ga.worst,1.9297094927708374
40851,ga.feasible,1.0
40851,ga.mutationRate,0.135
40851,ga.diversity,0.0
40851,ga.best,1.9297094927708374
40851,ga.avg,1.9297094927708316
40851,ga.worst,1.9297094927708374
40851,ga.feasible,1.0
40851,ga.mutationRate,0.135
40851,ga.diversity,0.0
40851,ga.best,1.9297094927708374
40851,ga.avg,1.9297094927708316
40851,ga.worst,1.9297094927708374
40851,ga.feasible,1.0
40851,ga.mutationRate,0.135
40851,ga.diversity,0.0
40851,pedido_asignado,179.0
40851,ga.best,1.056379515506158
40851,ga.avg,21.434039906855013
40851,ga.worst,76.07120357225737
40851,ga.feasible,1.0
40851,ga.mutationRate,0.06
40851,ga.diversity,0.49410377358490565
40851,ga.best,1.056379515506158
40851,ga.avg,10.282957936912087
40851,ga.worst,69.8318641782337
40851,ga.feasible,1.0
40851,ga.mutationRate,0.06
40851,ga.diversity,0.3228099730458124
40851,ga.best,1.056379515506158
40851,ga.avg,3.5501335347126455
40851,ga.worst,29.454522845871765
40851,ga.feasible,1.0
40851,ga.mutationRate,0.06
40851,ga.diversity,0.2054245283018868
40851,ga.best,1.056379515506158
40851,ga.avg,1.2723325471709197
40851,ga.worst,23.409750852795813
40851,ga.feasible,1.0
40851,ga.mutationRate,0.06
40851,ga.diversity,0.02895702306079672
40851,ga.best,1.056379515506158
40851,ga.avg,1.0563795155061573
40851,ga.worst,1.056379515506158
40851,ga.feasible,1.0
40851,ga.mutationRate,0.06
40851,ga.diversity,0.0
40851,ga.best,1.056379515506158
40851,ga.avg,1.0563795155061573
40851,ga.worst,1.056379515506158
40851,ga.feasible,1.0
40851,ga.mutationRate,0.06
40851,ga.diversity,0.0
40851,ga.best,1.056379515506158
40851,ga.avg,1.0563795155061573
40851,ga.worst,1.056379515506158
40851,ga.feasible,1.0
40851,ga.mutationRate,0.06
40851,ga.diversity,0.0
40851,ga.best,1.056379515506158
40851,ga.avg,1.0563795155061573
40851,ga.worst,1.056379515506158
40851,ga.feasible,1.0
40851,ga.mutationRate,0.06
40851,ga.diversity,0.0
40851,ga.best,1.056379515506158
40851,ga.avg,1.0563795155061573
40851,ga.worst,1.056379515506158
40851,ga.feasible,1.0
40851,ga.mutationRate,0.06
40851,ga.diversity,0.0
40851,ga.best,1.056379515506158
40851,ga.avg,1.0563795155061573
40851,ga.worst,1.056379515506158
40851,ga.feasible,1.0
40851,ga.mutationRate,0.06
40851,ga.diversity,0.0
40851,ga.best,1.056379515506158
40851,ga.avg,1.0563795155061573
40851,ga.worst,1.056379515506158
40851,ga.feasible,1.0
40851,ga.mutationRate,0.09
40851,ga.diversity,0.0
40851,ga.best,1.056379515506158
40851,ga.avg,1.0563795155061573
40851,ga.worst,1.056379515506158
40851,ga.feasible,1.0
40851,ga.mutationRate,0.09
40851,ga.diversity,0.0
40851,ga.best,1.056379515506158
40851,ga.avg,1.0563795155061573
40851,ga.worst,1.056379515506158
40851,ga.feasible,1.0
40851,ga.mutationRate,0.09
40851,ga.diversity,0.0
40851,ga.best,1.056379515506158
40851,ga.avg,1.0563795155061573
40851,ga.worst,1.056379515506158
40851,ga.feasible,1.0
40851,ga.mutationRate,0.09
40851,ga.diversity,0.0
40851,ga.best,1.056379515506158
40851,ga.avg,1.0563795155061573
40851,ga.worst,1.056379515506158
40851,ga.feasible,1.0
40851,ga.mutationRate,0.09
40851,ga.diversity,0.0
40851,ga.best,1.056379515506158
40851,ga.avg,1.0563795155061573
40851,ga.worst,1.056379515506158
40851,ga.feasible,1.0
40851,ga.mutationRate,0.09
40851,ga.diversity,0.0
40851,ga.best,1.056379515506158
40851,ga.avg,1.0563795155061573
40851,ga.worst,1.056379515506158
40851,ga.feasible,1.0
40851,ga.mutationRate,0.09
40851,ga.diversity,0.0
40851,ga.best,1.056379515506158
40851,ga.avg,1.0563795155061573
40851,ga.worst,1.056379515506158
40851,ga.feasible,1.0
40851,ga.mutationRate,0.09
40851,ga.diversity,0.0
40851,ga.best,1.056379515506158
40851,ga.avg,1.0563795155061573
40851,ga.worst,1.056379515506158
40851,ga.feasible,1.0
40851,ga.mutationRate,0.09
40851,ga.diversity,0.0
40851,ga.best,1.056379515506158
40851,ga.avg,1.0563795155061573
40851,ga.worst,1.056379515506158
40851,ga.feasible,1.0
40851,ga.mutationRate,0.09
40851,ga.diversity,0.0
40851,ga.best,1.056379515506158
40851,ga.avg,1.1676542047339098
40851,ga.worst,18.860329791946405
40851,ga.feasible,1.0
40851,ga.mutationRate,0.135
40851,ga.diversity,0.0125
40851,ga.best,1.056379515506158
40851,ga.avg,1.0563795155061573
40851,ga.worst,1.056379515506158
40851,ga.feasible,1.0
40851,ga.mutationRate,0.135
40851,ga.diversity,0.0
40851,ga.best,1.056379515506158
40851,ga.avg,1.0563795155061573
40851,ga.worst,1.056379515506158
40851,ga.feasible,1.0
40851,ga.mutationRate,0.135
40851,ga.diversity,0.0
40851,ga.best,1.056379515506158
40851,ga.avg,1.0563795155061573
40851,ga.worst,1.056379515506158
40851,ga.feasible,1.0
40851,ga.mutationRate,0.135
40851,ga.diversity,0.0
40851,ga.best,1.056379515506158
40851,ga.avg,1.0563795155061573
40851,ga.worst,1.056379515506158
40851,ga.feasible,1.0
40851,ga.mutationRate,0.135
40851,ga.diversity,0.0
40998,pedido_asignado,163.0
40998,ga.best,2.321622037666095
40998,ga.avg,25.19770969381764
40998,ga.worst,114.91443428048439
40998,ga.feasible,1.0
40998,ga.mutationRate,0.06
40998,ga.diversity,0.3894153802172597
40998,ga.best,2.321622037666095
40998,ga.avg,10.085317173224924
40998,ga.worst,62.839296876537446
40998,ga.feasible,1.0
40998,ga.mutationRate,0.06
40998,ga.diversity,0.2714173405211174
40998,ga.best,2.321622037666095
40998,ga.avg,4.01554300497147
40998,ga.worst,38.86964880057486
40998,ga.feasible,1.0
40998,ga.mutationRate,0.06
40998,ga.diversity,0.12174528301886703
40998,ga.best,2.321622037666095
40998,ga.avg,2.341177553567579
40998,ga.worst,5.450504581904332
40998,ga.feasible,1.0
40998,ga.mutationRate,0.06
40998,ga.diversity,0.0125
40998,ga.best,2.321622037666095
40998,ga.avg,2.32162203766609
40998,ga.worst,2.321622037666095
40998,ga.feasible,1.0
40998,ga.mutationRate,0.06
40998,ga.diversity,0.0
40998,ga.best,2.321622037666095
40998,ga.avg,2.32162203766609
40998,ga.worst,2.321622037666095
40998,ga.feasible,1.0
40998,ga.mutationRate,0.06
40998,ga.diversity,0.0
40998,ga.best,2.321622037666095
40998,ga.avg,2.32162203766609
40998,ga.worst,2.321622037666095
40998,ga.feasible,1.0
40998,ga.mutationRate,0.06
40998,ga.diversity,0.0
40998,ga.best,2.321622037666095
40998,ga.avg,2.32162203766609
40998,ga.worst,2.321622037666095
40998,ga.feasible,1.0
40998,ga.mutationRate,0.06
40998,ga.diversity,0.0
40998,ga.best,2.321622037666095
40998,ga.avg,2.32162203766609
40998,ga.worst,2.321622037666095
40998,ga.feasible,1.0
40998,ga.mutationRate,0.06
40998,ga.diversity,0.0
40998,ga.best,2.321622037666095
40998,ga.avg,2.32162203766609
40998,ga.worst,2.321622037666095
40998,ga.feasible,1.0
40998,ga.mutationRate,0.06
40998,ga.diversity,0.0
40998,ga.best,2.321622037666095
40998,ga.avg,2.4269352615923356
40998,ga.worst,19.17173786586539
40998,ga.feasible,1.0
40998,ga.mutationRate,0.09
40998,ga.diversity,0.0125
40998,ga.best,2.321622037666095
40998,ga.avg,2.32162203766609
40998,ga.worst,2.321622037666095
40998,ga.feasible,1.0
40998,ga.mutationRate,0.09
40998,ga.diversity,0.0
40998,ga.best,2.321622037666095
40998,ga.avg,2.32162203766609
40998,ga.worst,2.321622037666095
40998,ga.feasible,1.0
40998,ga.mutationRate,0.09
40998,ga.diversity,0.0
40998,ga.best,2.321622037666095
40998,ga.avg,2.32162203766609
40998,ga.worst,2.321622037666095
40998,ga.feasible,1.0
40998,ga.mutationRate,0.09
40998,ga.diversity,0.0
40998,ga.best,2.321622037666095
40998,ga.avg,2.32162203766609
40998,ga.worst,2.321622037666095
40998,ga.feasible,1.0
40998,ga.mutationRate,0.09
40998,ga.diversity,0.0
40998,ga.best,2.321622037666095
40998,ga.avg,2.32162203766609
40998,ga.worst,2.321622037666095
40998,ga.feasible,1.0
40998,ga.mutationRate,0.09
40998,ga.diversity,0.0
40998,ga.best,2.321622037666095
40998,ga.avg,2.32162203766609
40998,ga.worst,2.321622037666095
40998,ga.feasible,1.0
40998,ga.mutationRate,0.09
40998,ga.diversity,0.0
40998,ga.best,2.321622037666095
40998,ga.avg,2.32162203766609
40998,ga.worst,2.321622037666095
40998,ga.feasible,1.0
40998,ga.mutationRate,0.09
40998,ga.diversity,0.0
40998,ga.best,2.321622037666095
40998,ga.avg,2.32162203766609
40998,ga.worst,2.321622037666095
40998,ga.feasible,1.0
40998,ga.mutationRate,0.09
40998,ga.diversity,0.0
40998,ga.best,2.321622037666095
40998,ga.avg,2.32162203766609
40998,ga.worst,2.321622037666095
40998,ga.feasible,1.0
40998,ga.mutationRate,0.09
40998,ga.diversity,0.0
40998,ga.best,2.321622037666095
40998,ga.avg,2.32162203766609
40998,ga.worst,2.321622037666095
40998,ga.feasible,1.0
40998,ga.mutationRate,0.135
40998,ga.diversity,0.0
40998,ga.best,2.321622037666095
40998,ga.avg,2.32162203766609
40998,ga.worst,2.321622037666095
40998,ga.feasible,1.0
40998,ga.mutationRate,0.135
40998,ga.diversity,0.0
40998,ga.best,2.321622037666095
40998,ga.avg,2.32162203766609
40998,ga.worst,2.321622037666095
40998,ga.feasible,1.0
40998,ga.mutationRate,0.135
40998,ga.diversity,0.0
40998,ga.best,2.321622037666095
40998,ga.avg,2.32162203766609
40998,ga.worst,2.321622037666095
40998,ga.feasible,1.0
40998,ga.mutationRate,0.135
40998,ga.diversity,0.0
40998,ga.best,2.321622037666095
40998,ga.avg,2.32162203766609
40998,ga.worst,2.321622037666095
40998,ga.feasible,1.0
40998,ga.mutationRate,0.135
40998,ga.diversity,0.0
40998,pedido_asignado,29.0
40998,ga.best,3.727825717313762
40998,ga.avg,21.863169785500578
40998,ga.worst,80.35436842174181
40998,ga.feasible,1.0
40998,ga.mutationRate,0.06
40998,ga.diversity,0.454186320754717
40998,ga.best,3.727825717313762
40998,ga.avg,10.006143509923845
40998,ga.worst,49.120209860363545
40998,ga.feasible,1.0
40998,ga.mutationRate,0.06
40998,ga.diversity,0.2876703354297732
40998,ga.best,3.727825717313762
40998,ga.avg,5.346411972755453
40998,ga.worst,28.13450396318686
40998,ga.feasible,1.0
40998,ga.mutationRate,0.06
40998,ga.diversity,0.20750786163522011
40998,ga.best,3.727825717313762
40998,ga.avg,3.8239667384328206
40998,ga.worst,5.097747353062429
40998,ga.feasible,1.0
40998,ga.mutationRate,0.06
40998,ga.diversity,0.2186320754716981
40998,ga.best,3.727825717313762
40998,ga.avg,3.7975860766765033
40998,ga.worst,3.833886258122327
40998,ga.feasible,1.0
40998,ga.mutationRate,0.06
40998,ga.diversity,0.3509040880503145
40998,ga.best,3.727825717313762
40998,ga.avg,3.7686201167382394
40998,ga.worst,3.833886258122327
40998,ga.feasible,1.0
40998,ga.mutationRate,0.06
40998,ga.diversity,0.3703616352201258
40998,ga.best,3.727825717313762
40998,ga.avg,3.7468667542520038
40998,ga.worst,3.833886258122327
40998,ga.feasible,1.0
40998,ga.mutationRate,0.06
40998,ga.diversity,0.23557389937106918
40998,ga.best,3.727825717313762
40998,ga.avg,3.7296927283983785
40998,ga.worst,3.833886258122327
40998,ga.feasible,1.0
40998,ga.mutationRate,0.06
40998,ga.diversity,0.0786556603773585
40998,ga.best,3.727825717313762
40998,ga.avg,3.7278257173137526
40998,ga.worst,3.727825717313762
40998,ga.feasible,1.0
40998,ga.mutationRate,0.06
40998,ga.diversity,0.0
40998,ga.best,3.727825717313762
40998,ga.avg,3.7278257173137526
40998,ga.worst,3.727825717313762
40998,ga.feasible,1.0
40998,ga.mutationRate,0.06
40998,ga.diversity,0.0
40998,ga.best,3.727825717313762
40998,ga.avg,3.7278257173137526
40998,ga.worst,3.727825717313762
40998,ga.feasible,1.0
40998,ga.mutationRate,0.09
40998,ga.diversity,0.0
40998,ga.best,3.727825717313762
40998,ga.avg,3.7278257173137526
40998,ga.worst,3.727825717313762
40998,ga.feasible,1.0
40998,ga.mutationRate,0.09
40998,ga.diversity,0.0
40998,ga.best,3.727825717313762
40998,ga.avg,3.7278257173137526
40998,ga.worst,3.727825717313762
40998,ga.feasible,1.0
40998,ga.mutationRate,0.09
40998,ga.diversity,0.0
40998,ga.best,3.727825717313762
40998,ga.avg,3.7278257173137526
40998,ga.worst,3.727825717313762
40998,ga.feasible,1.0
40998,ga.mutationRate,0.09
40998,ga.diversity,0.0
40998,ga.best,3.727825717313762
40998,ga.avg,3.7278257173137526
40998,ga.worst,3.727825717313762
40998,ga.feasible,1.0
40998,ga.mutationRate,0.09
40998,ga.diversity,0.0
40998,ga.best,3.727825717313762
40998,ga.avg,3.7278257173137526
40998,ga.worst,3.727825717313762
40998,ga.feasible,1.0
40998,ga.mutationRate,0.09
40998,ga.diversity,0.0
40998,ga.best,3.727825717313762
40998,ga.avg,3.7278257173137526
40998,ga.worst,3.727825717313762
40998,ga.feasible,1.0
40998,ga.mutationRate,0.09
40998,ga.diversity,0.0
40998,ga.best,3.727825717313762
40998,ga.avg,3.7278257173137526
40998,ga.worst,3.727825717313762
40998,ga.feasible,1.0
40998,ga.mutationRate,0.09
40998,ga.diversity,0.0
40998,ga.best,3.727825717313762
40998,ga.avg,3.7278257173137526
40998,ga.worst,3.727825717313762
40998,ga.feasible,1.0
40998,ga.mutationRate,0.09
40998,ga.diversity,0.0
40998,ga.best,3.727825717313762
40998,ga.avg,3.7278257173137526
40998,ga.worst,3.727825717313762
40998,ga.feasible,1.0
40998,ga.mutationRate,0.09
40998,ga.diversity,0.0
40998,ga.best,3.727825717313762
40998,ga.avg,3.8514722271325135
40998,ga.worst,23.405206747506938
40998,ga.feasible,1.0
40998,ga.mutationRate,0.135
40998,ga.diversity,0.016640461215932944
40998,ga.best,3.727825717313762
40998,ga.avg,3.7278257173137526
40998,ga.worst,3.727825717313762
40998,ga.feasible,1.0
40998,ga.mutationRate,0.135
40998,ga.diversity,0.0
40998,ga.best,3.727825717313762
40998,ga.avg,3.7278257173137526
40998,ga.worst,3.727825717313762
40998,ga.feasible,1.0
40998,ga.mutationRate,0.135
40998,ga.diversity,0.0
40998,ga.best,3.727825717313762
40998,ga.avg,3.7278257173137526
40998,ga.worst,3.727825717313762
40998,ga.feasible,1.0
40998,ga.mutationRate,0.135
40998,ga.diversity,0.0
40998,ga.best,3.727825717313762
40998,ga.avg,3.7278257173137526
40998,ga.worst,3.727825717313762
40998,ga.feasible,1.0
40998,ga.mutationRate,0.135
40998,ga.diversity,0.0
40998,pedido_asignado,193.0
40998,ga.best,2.230608772365895
40998,ga.avg,20.93406852278109
40998,ga.worst,75.87426102370439
40998,ga.feasible,1.0
40998,ga.mutationRate,0.06
40998,ga.diversity,0.3881132075471708
40998,ga.best,2.230608772365895
40998,ga.avg,10.224456178802622
40998,ga.worst,74.79177778248645
40998,ga.feasible,1.0
40998,ga.mutationRate,0.06
40998,ga.diversity,0.22057389937107547
40998,ga.best,2.230608772365895
40998,ga.avg,3.6732965827380086
40998,ga.worst,27.04393964721638
40998,ga.feasible,1.0
40998,ga.mutationRate,0.06
40998,ga.diversity,0.15904088050314466
40998,ga.best,2.230608772365895
40998,ga.avg,2.3600106951808426
40998,ga.worst,18.82816418769046
40998,ga.feasible,1.0
40998,ga.mutationRate,0.06
40998,ga.diversity,0.054992138364779876
40998,ga.best,2.230608772365895
40998,ga.avg,2.2306087723658883
40998,ga.worst,2.230608772365895
40998,ga.feasible,1.0
40998,ga.mutationRate,0.06
40998,ga.diversity,0.07264150943396226
40998,ga.best,2.230608772365895
40998,ga.avg,2.2306087723658883
40998,ga.worst,2.230608772365895
40998,ga.feasible,1.0
40998,ga.mutationRate,0.06
40998,ga.diversity,0.04905660377358491
40998,ga.best,2.230608772365895
40998,ga.avg,2.2306087723658883
40998,ga.worst,2.230608772365895
40998,ga.feasible,1.0
40998,ga.mutationRate,0.06
40998,ga.diversity,0.07264150943396226
40998,ga.best,2.230608772365895
40998,ga.avg,2.2306087723658883
40998,ga.worst,2.230608772365895
40998,ga.feasible,1.0
40998,ga.mutationRate,0.06
40998,ga.diversity,0.08419811320754716
40998,ga.best,2.230608772365895
40998,ga.avg,2.2306087723658883
40998,ga.worst,2.230608772365895
40998,ga.feasible,1.0
40998,ga.mutationRate,0.06
40998,ga.diversity,0.08419811320754716
40998,ga.best,2.230608772365895
40998,ga.avg,2.2306087723658883
40998,ga.worst,2.230608772365895
40998,ga.feasible,1.0
40998,ga.mutationRate,0.06
40998,ga.diversity,0.0125
40998,ga.best,2.230608772365895
40998,ga.avg,2.2306087723658883
40998,ga.worst,2.230608772365895
40998,ga.feasible,1.0
40998,ga.mutationRate,0.09
40998,ga.diversity,0.0125
40998,ga.best,2.230608772365895
40998,ga.avg,2.2306087723658883
40998,ga.worst,2.230608772365895
40998,ga.feasible,1.0
40998,ga.mutationRate,0.09
40998,ga.diversity,0.0
40998,ga.best,2.230608772365895
40998,ga.avg,2.2306087723658883
40998,ga.worst,2.230608772365895
40998,ga.feasible,1.0
40998,ga.mutationRate,0.09
40998,ga.diversity,0.0
40998,ga.best,2.230608772365895
40998,ga.avg,2.2306087723658883
40998,ga.worst,2.230608772365895
40998,ga.feasible,1.0
40998,ga.mutationRate,0.09
40998,ga.diversity,0.0
40998,ga.best,2.230608772365895
40998,ga.avg,2.2306087723658883
40998,ga.worst,2.230608772365895
40998,ga.feasible,1.0
40998,ga.mutationRate,0.09
40998,ga.diversity,0.0
40998,ga.best,2.230608772365895
40998,ga.avg,2.2306087723658883
40998,ga.worst,2.230608772365895
40998,ga.feasible,1.0
40998,ga.mutationRate,0.09
40998,ga.diversity,0.0
40998,ga.best,2.230608772365895
40998,ga.avg,2.2306087723658883
40998,ga.worst,2.230608772365895
40998,ga.feasible,1.0
40998,ga.mutationRate,0.09
40998,ga.diversity,0.0
40998,ga.best,2.230608772365895
40998,ga.avg,2.2306087723658883
40998,ga.worst,2.230608772365895
40998,ga.feasible,1.0
40998,ga.mutationRate,0.09
40998,ga.diversity,0.0
40998,ga.best,2.230608772365895
40998,ga.avg,2.2306087723658883
40998,ga.worst,2.230608772365895
40998,ga.feasible,1.0
40998,ga.mutationRate,0.09
40998,ga.diversity,0.0
40998,ga.best,2.230608772365895
40998,ga.avg,2.2306087723658883
40998,ga.worst,2.230608772365895
40998,ga.feasible,1.0
40998,ga.mutationRate,0.09
40998,ga.diversity,0.0
40998,ga.best,2.230608772365895
40998,ga.avg,2.2306087723658883
40998,ga.worst,2.230608772365895
40998,ga.feasible,1.0
40998,ga.mutationRate,0.135
40998,ga.diversity,0.0
40998,ga.best,2.230608772365895
40998,ga.avg,2.2306087723658883
40998,ga.worst,2.230608772365895
40998,ga.feasible,1.0
40998,ga.mutationRate,0.135
40998,ga.diversity,0.0
40998,ga.best,2.230608772365895
40998,ga.avg,2.2306087723658883
40998,ga.worst,2.230608772365895
40998,ga.feasible,1.0
40998,ga.mutationRate,0.135
40998,ga.diversity,0.0
40998,ga.best,2.230608772365895
40998,ga.avg,2.2306087723658883
40998,ga.worst,2.230608772365895
40998,ga.feasible,1.0
40998,ga.mutationRate,0.135
40998,ga.diversity,0.0
40998,ga.best,2.230608772365895
40998,ga.avg,3.7863693390470843
40998,ga.worst,38.66065321764256
40998,ga.feasible,1.0
40998,ga.mutationRate,0.135
40998,ga.diversity,0.10636792452830085
41572,pedido_asignado,194.0
41572,ga.best,2.126880994769675
41572,ga.avg,23.68775907290569
41572,ga.worst,110.30485062860853
41572,ga.feasible,1.0
41572,ga.mutationRate,0.06
41572,ga.diversity,0.35376048218029393
41572,ga.best,2.126880994769675
41572,ga.avg,10.507991732546838
41572,ga.worst,69.81997364604284
41572,ga.feasible,1.0
41572,ga.mutationRate,0.06
41572,ga.diversity,0.27128537735849056
41572,ga.best,2.126880994769675
41572,ga.avg,4.625149742195169
41572,ga.worst,31.501659846638873
41572,ga.feasible,1.0
41572,ga.mutationRate,0.06
41572,ga.diversity,0.26214622641509433
41572,ga.best,2.126880994769675
41572,ga.avg,2.3002161835356976
41572,ga.worst,9.915306307190056
41572,ga.feasible,1.0
41572,ga.mutationRate,0.06
41572,ga.diversity,0.0675314465408805
41572,ga.best,2.126880994769675
41572,ga.avg,2.126880994769676
41572,ga.worst,2.126880994769675
41572,ga.feasible,1.0
41572,ga.mutationRate,0.06
41572,ga.diversity,0.0125
41572,ga.best,2.126880994769675
41572,ga.avg,2.126880994769676
41572,ga.worst,2.126880994769675
41572,ga.feasible,1.0
41572,ga.mutationRate,0.06
41572,ga.diversity,0.0125
41572,ga.best,2.126880994769675
41572,ga.avg,2.126880994769676
41572,ga.worst,2.126880994769675
41572,ga.feasible,1.0
41572,ga.mutationRate,0.06
41572,ga.diversity,0.0
41572,ga.best,2.126880994769675
41572,ga.avg,2.126880994769676
41572,ga.worst,2.126880994769675
41572,ga.feasible,1.0
41572,ga.mutationRate,0.06
41572,ga.diversity,0.0
41572,ga.best,2.126880994769675
41572,ga.avg,2.126880994769676
41572,ga.worst,2.126880994769675
41572,ga.feasible,1.0
41572,ga.mutationRate,0.06
41572,ga.diversity,0.0
41572,ga.best,2.126880994769675
41572,ga.avg,2.126880994769676
41572,ga.worst,2.126880994769675
41572,ga.feasible,1.0
41572,ga.mutationRate,0.06
41572,ga.diversity,0.0
41572,ga.best,2.126880994769675
41572,ga.avg,2.321198516319707
41572,ga.worst,33.21768444277428
41572,ga.feasible,1.0
41572,ga.mutationRate,0.09
41572,ga.diversity,0.0125
41572,ga.best,2.126880994769675
41572,ga.avg,2.126880994769676
41572,ga.worst,2.126880994769675
41572,ga.feasible,1.0
41572,ga.mutationRate,0.09
41572,ga.diversity,0.0
41572,ga.best,2.126880994769675
41572,ga.avg,2.126880994769676
41572,ga.worst,2.126880994769675
41572,ga.feasible,1.0
41572,ga.mutationRate,0.09
41572,ga.diversity,0.0
41572,ga.best,2.126880994769675
41572,ga.avg,2.126880994769676
41572,ga.worst,2.126880994769675
41572,ga.feasible,1.0
41572,ga.mutationRate,0.09
41572,ga.diversity,0.0
41572,ga.best,2.126880994769675
41572,ga.avg,2.126880994769676
41572,ga.worst,2.126880994769675
41572,ga.feasible,1.0
41572,ga.mutationRate,0.09
41572,ga.diversity,0.0
41572,ga.best,2.126880994769675
41572,ga.avg,2.126880994769676
41572,ga.worst,2.126880994769675
41572,ga.feasible,1.0
41572,ga.mutationRate,0.09
41572,ga.diversity,0.0
41572,ga.best,2.126880994769675
41572,ga.avg,2.126880994769676
41572,ga.worst,2.126880994769675
41572,ga.feasible,1.0
41572,ga.mutationRate,0.09
41572,ga.diversity,0.0
41572,ga.best,2.126880994769675
41572,ga.avg,2.126880994769676
41572,ga.worst,2.126880994769675
41572,ga.feasible,1.0
41572,ga.mutationRate,0.09
41572,ga.diversity,0.0
41572,ga.best,2.126880994769675
41572,ga.avg,2.126880994769676
41572,ga.worst,2.126880994769675
41572,ga.feasible,1.0
41572,ga.mutationRate,0.09
41572,ga.diversity,0.0
41572,ga.best,2.126880994769675
41572,ga.avg,2.126880994769676
41572,ga.worst,2.126880994769675
41572,ga.feasible,1.0
41572,ga.mutationRate,0.09
41572,ga.diversity,0.0
41572,ga.best,2.126880994769675
41572,ga.avg,2.126880994769676
41572,ga.worst,2.126880994769675
41572,ga.feasible,1.0
41572,ga.mutationRate,0.135
41572,ga.diversity,0.0
41572,ga.best,2.126880994769675
41572,ga.avg,2.126880994769676
41572,ga.worst,2.126880994769675
41572,ga.feasible,1.0
41572,ga.mutationRate,0.135
41572,ga.diversity,0.0
41572,ga.best,2.126880994769675
41572,ga.avg,2.126880994769676
41572,ga.worst,2.126880994769675
41572,ga.feasible,1.0
41572,ga.mutationRate,0.135
41572,ga.diversity,0.0
41572,ga.best,2.126880994769675
41572,ga.avg,2.126880994769676
41572,ga.worst,2.126880994769675
41572,ga.feasible,1.0
41572,ga.mutationRate,0.135
41572,ga.diversity,0.0
41572,ga.best,2.126880994769675
41572,ga.avg,2.126880994769676
41572,ga.worst,2.126880994769675
41572,ga.feasible,1.0
41572,ga.mutationRate,0.135
41572,ga.diversity,0.0
41572,pedido_asignado,124.0
41572,ga.best,2.126880994769675
41572,ga.avg,20.45287870505742
41572,ga.worst,106.77394259173221
41572,ga.feasible,1.0
41572,ga.mutationRate,0.06
41572,ga.diversity,0.29196903725205725
41572,ga.best,2.126880994769675
41572,ga.avg,8.416515082430283
41572,ga.worst,45.60726782489178
41572,ga.feasible,1.0
41572,ga.mutationRate,0.06
41572,ga.diversity,0.28824685534591404
41572,ga.best,2.126880994769675
41572,ga.avg,3.4067599424499604
41572,ga.worst,33.683093022389976
41572,ga.feasible,1.0
41572,ga.mutationRate,0.06
41572,ga.diversity,0.08858752620545084
41572,ga.best,2.126880994769675
41572,ga.avg,2.126880994769676
41572,ga.worst,2.126880994769675
41572,ga.feasible,1.0
41572,ga.mutationRate,0.06
41572,ga.diversity,0.0
41572,ga.best,2.126880994769675
41572,ga.avg,2.126880994769676
41572,ga.worst,2.126880994769675
41572,ga.feasible,1.0
41572,ga.mutationRate,0.06
41572,ga.diversity,0.0
41572,ga.best,2.126880994769675
41572,ga.avg,2.126880994769676
41572,ga.worst,2.126880994769675
41572,ga.feasible,1.0
41572,ga.mutationRate,0.06
41572,ga.diversity,0.0
41572,ga.best,2.126880994769675
41572,ga.avg,2.126880994769676
41572,ga.worst,2.126880994769675
41572,ga.feasible,1.0
41572,ga.mutationRate,0.06
41572,ga.diversity,0.0
41572,ga.best,2.126880994769675
41572,ga.avg,2.126880994769676
41572,ga.worst,2.126880994769675
41572,ga.feasible,1.0
41572,ga.mutationRate,0.06
41572,ga.diversity,0.0
41572,ga.best,2.126880994769675
41572,ga.avg,2.126880994769676
41572,ga.worst,2.126880994769675
41572,ga.feasible,1.0
41572,ga.mutationRate,0.06
41572,ga.diversity,0.0
41572,ga.best,2.126880994769675
41572,ga.avg,2.126880994769676
41572,ga.worst,2.126880994769675
41572,ga.feasible,1.0
41572,ga.mutationRate,0.06
41572,ga.diversity,0.0
41572,ga.best,2.126880994769675
41572,ga.avg,2.126880994769676
41572,ga.worst,2.126880994769675
41572,ga.feasible,1.0
41572,ga.mutationRate,0.09
41572,ga.diversity,0.0
41572,ga.best,2.126880994769675
41572,ga.avg,2.126880994769676
41572,ga.worst,2.126880994769675
41572,ga.feasible,1.0
41572,ga.mutationRate,0.09
41572,ga.diversity,0.0
41572,ga.best,2.126880994769675
41572,ga.avg,2.126880994769676
41572,ga.worst,2.126880994769675
41572,ga.feasible,1.0
41572,ga.mutationRate,0.09
41572,ga.diversity,0.0
41572,ga.best,2.126880994769675
41572,ga.avg,2.126880994769676
41572,ga.worst,2.126880994769675
41572,ga.feasible,1.0
41572,ga.mutationRate,0.09
41572,ga.diversity,0.0
41572,ga.best,2.126880994769675
41572,ga.avg,2.126880994769676
41572,ga.worst,2.126880994769675
41572,ga.feasible,1.0
41572,ga.mutationRate,0.09
41572,ga.diversity,0.0
41572,ga.best,2.126880994769675
41572,ga.avg,2.126880994769676
41572,ga.worst,2.126880994769675
41572,ga.feasible,1.0
41572,ga.mutationRate,0.09
41572,ga.diversity,0.0
41572,ga.best,2.126880994769675
41572,ga.avg,2.126880994769676
41572,ga.worst,2.126880994769675
41572,ga.feasible,1.0
41572,ga.mutationRate,0.09
41572,ga.diversity,0.0
41572,ga.best,2.126880994769675
41572,ga.avg,2.126880994769676
41572,ga.worst,2.126880994769675
41572,ga.feasible,1.0
41572,ga.mutationRate,0.09
41572,ga.diversity,0.0
41572,ga.best,2.126880994769675
41572,ga.avg,2.126880994769676
41572,ga.worst,2.126880994769675
41572,ga.feasible,1.0
41572,ga.mutationRate,0.09
41572,ga.diversity,0.0
41572,ga.best,2.126880994769675
41572,ga.avg,2.126880994769676
41572,ga.worst,2.126880994769675
41572,ga.feasible,1.0
41572,ga.mutationRate,0.09
41572,ga.diversity,0.0
41572,ga.best,2.126880994769675
41572,ga.avg,2.2545356448296388
41572,ga.worst,22.551625004363746
41572,ga.feasible,1.0
41572,ga.mutationRate,0.135
41572,ga.diversity,0.0125
41572,ga.best,2.126880994769675
41572,ga.avg,2.126880994769676
41572,ga.worst,2.126880994769675
41572,ga.feasible,1.0
41572,ga.mutationRate,0.135
41572,ga.diversity,0.0
41572,ga.best,2.126880994769675
41572,ga.avg,2.126880994769676
41572,ga.worst,2.126880994769675
41572,ga.feasible,1.0
41572,ga.mutationRate,0.135
41572,ga.diversity,0.0
41572,ga.best,2.126880994769675
41572,ga.avg,2.126880994769676
41572,ga.worst,2.126880994769675
41572,ga.feasible,1.0
41572,ga.mutationRate,0.135
41572,ga.diversity,0.0
41572,ga.best,2.126880994769675
41572,ga.avg,2.126880994769676
41572,ga.worst,2.126880994769675
41572,ga.feasible,1.0
41572,ga.mutationRate,0.135
41572,ga.diversity,0.0
41665,pedido_asignado,71.0
41665,ga.best,4.224424700195767
41665,ga.avg,21.702201539013814
41665,ga.worst,73.30867206824047
41665,ga.feasible,1.0
41665,ga.mutationRate,0.06
41665,ga.diversity,0.4753832547169811
41665,ga.best,4.224424700195767
41665,ga.avg,11.364027736224617
41665,ga.worst,51.038895276055
41665,ga.feasible,1.0
41665,ga.mutationRate,0.06
41665,ga.diversity,0.29553009883198134
41665,ga.best,4.224424700195767
41665,ga.avg,6.648355012384494
41665,ga.worst,39.06426475922861
41665,ga.feasible,1.0
41665,ga.mutationRate,0.06
41665,ga.diversity,0.2508058176100629
41665,ga.best,4.224424700195767
41665,ga.avg,4.529443117924903
41665,ga.worst,15.471470519354162
41665,ga.feasible,1.0
41665,ga.mutationRate,0.06
41665,ga.diversity,0.07354559748427673
41665,ga.best,4.224424700195767
41665,ga.avg,4.224424700195757
41665,ga.worst,4.224424700195767
41665,ga.feasible,1.0
41665,ga.mutationRate,0.06
41665,ga.diversity,0.0
41665,ga.best,4.224424700195767
41665,ga.avg,4.224424700195757
41665,ga.worst,4.224424700195767
41665,ga.feasible,1.0
41665,ga.mutationRate,0.06
41665,ga.diversity,0.0
41665,ga.best,4.224424700195767
41665,ga.avg,4.224424700195757
41665,ga.worst,4.224424700195767
41665,ga.feasible,1.0
41665,ga.mutationRate,0.06
41665,ga.diversity,0.0
41665,ga.best,4.224424700195767
41665,ga.avg,4.224424700195757
41665,ga.worst,4.224424700195767
41665,ga.feasible,1.0
41665,ga.mutationRate,0.06
41665,ga.diversity,0.0
41665,ga.best,4.224424700195767
41665,ga.avg,4.224424700195757
41665,ga.worst,4.224424700195767
41665,ga.feasible,1.0
41665,ga.mutationRate,0.06
41665,ga.diversity,0.0
41665,ga.best,4.224424700195767
41665,ga.avg,4.224424700195757
41665,ga.worst,4.224424700195767
41665,ga.feasible,1.0
41665,ga.mutationRate,0.06
41665,ga.diversity,0.0
41665,ga.best,4.224424700195767
41665,ga.avg,4.3375571626877045
41665,ga.worst,22.325618698907363
41665,ga.feasible,1.0
41665,ga.mutationRate,0.09
41665,ga.diversity,0.0125
41665,ga.best,4.224424700195767
41665,ga.avg,4.224424700195757
41665,ga.worst,4.224424700195767
41665,ga.feasible,1.0
41665,ga.mutationRate,0.09
41665,ga.diversity,0.0
41665,ga.best,4.224424700195767
41665,ga.avg,4.224424700195757
41665,ga.worst,4.224424700195767
41665,ga.feasible,1.0
41665,ga.mutationRate,0.09
41665,ga.diversity,0.0
41665,ga.best,4.224424700195767
41665,ga.avg,4.224424700195757
41665,ga.worst,4.224424700195767
41665,ga.feasible,1.0
41665,ga.mutationRate,0.09
41665,ga.diversity,0.0
41665,ga.best,4.224424700195767
41665,ga.avg,4.224424700195757
41665,ga.worst,4.224424700195767
41665,ga.feasible,1.0
41665,ga.mutationRate,0.09
41665,ga.diversity,0.0
41665,ga.best,4.224424700195767
41665,ga.avg,4.224424700195757
41665,ga.worst,4.224424700195767
41665,ga.feasible,1.0
41665,ga.mutationRate,0.09
41665,ga.diversity,0.0
41665,ga.best,4.224424700195767
41665,ga.avg,4.224424700195757
41665,ga.worst,4.224424700195767
41665,ga.feasible,1.0
41665,ga.mutationRate,0.09
41665,ga.diversity,0.0
41665,ga.best,4.224424700195767
41665,ga.avg,4.224424700195757
41665,ga.worst,4.224424700195767
41665,ga.feasible,1.0
41665,ga.mutationRate,0.09
41665,ga.diversity,0.0
41665,ga.best,4.224424700195767
41665,ga.avg,4.224424700195757
41665,ga.worst,4.224424700195767
41665,ga.feasible,1.0
41665,ga.mutationRate,0.09
41665,ga.diversity,0.0
41665,ga.best,4.224424700195767
41665,ga.avg,4.224424700195757
41665,ga.worst,4.224424700195767
41665,ga.feasible,1.0
41665,ga.mutationRate,0.09
41665,ga.diversity,0.0
41665,ga.best,4.224424700195767
41665,ga.avg,4.224424700195757
41665,ga.worst,4.224424700195767
41665,ga.feasible,1.0
41665,ga.mutationRate,0.135
41665,ga.diversity,0.0
41665,ga.best,4.224424700195767
41665,ga.avg,4.224424700195757
41665,ga.worst,4.224424700195767
41665,ga.feasible,1.0
41665,ga.mutationRate,0.135
41665,ga.diversity,0.0
41665,ga.best,4.224424700195767
41665,ga.avg,4.224424700195757
41665,ga.worst,4.224424700195767
41665,ga.feasible,1.0
41665,ga.mutationRate,0.135
41665,ga.diversity,0.0
41665,ga.best,4.224424700195767
41665,ga.avg,4.224424700195757
41665,ga.worst,4.224424700195767
41665,ga.feasible,1.0
41665,ga.mutationRate,0.135
41665,ga.diversity,0.0
41665,ga.best,4.224424700195767
41665,ga.avg,4.224424700195757
41665,ga.worst,4.224424700195767
41665,ga.feasible,1.0
41665,ga.mutationRate,0.135
41665,ga.diversity,0.0
42569,pedido_asignado,196.0
42569,ga.best,3.0608764092536043
42569,ga.avg,21.819829476870606
42569,ga.worst,93.22613000728192
42569,ga.feasible,1.0
42569,ga.mutationRate,0.06
42569,ga.diversity,0.39073113207547366
42569,ga.best,3.0608764092536043
42569,ga.avg,11.272629522076887
42569,ga.worst,61.425010963555636
42569,ga.feasible,1.0
42569,ga.mutationRate,0.06
42569,ga.diversity,0.3236073674752909
42569,ga.best,3.0608764092536043
42569,ga.avg,6.462116559042326
42569,ga.worst,38.98841592673593
42569,ga.feasible,1.0
42569,ga.mutationRate,0.06
42569,ga.diversity,0.2745872641509434
42569,ga.best,3.0608764092536043
42569,ga.avg,4.475375466010776
42569,ga.worst,13.64059816896194
42569,ga.feasible,1.0
42569,ga.mutationRate,0.06
42569,ga.diversity,0.18907232704401997
42569,ga.best,3.0608764092536043
42569,ga.avg,3.8614598073995623
42569,ga.worst,4.464469131787617
42569,ga.feasible,1.0
42569,ga.mutationRate,0.06
42569,ga.diversity,0.5755503144654088
42569,ga.best,3.0608764092536043
42569,ga.avg,3.476361977297728
42569,ga.worst,4.464469131787617
42569,ga.feasible,1.0
42569,ga.mutationRate,0.06
42569,ga.diversity,0.5047955974842767
42569,ga.best,3.0608764092536043
42569,ga.avg,3.13855786272079
42569,ga.worst,4.464469131787617
42569,ga.feasible,1.0
42569,ga.mutationRate,0.06
42569,ga.diversity,0.142374213836478
42569,ga.best,3.0608764092536043
42569,ga.avg,3.075370343919884
42569,ga.worst,3.833886258122327
42569,ga.feasible,1.0
42569,ga.mutationRate,0.06
42569,ga.diversity,0.03702830188679245
42569,ga.best,3.0608764092536043
42569,ga.avg,3.060876409253595
42569,ga.worst,3.0608764092536043
42569,ga.feasible,1.0
42569,ga.mutationRate,0.06
42569,ga.diversity,0.0
42569,ga.best,3.0608764092536043
42569,ga.avg,3.060876409253595
42569,ga.worst,3.0608764092536043
42569,ga.feasible,1.0
42569,ga.mutationRate,0.06
42569,ga.diversity,0.0
42569,ga.best,3.0608764092536043
42569,ga.avg,3.060876409253595
42569,ga.worst,3.0608764092536043
42569,ga.feasible,1.0
42569,ga.mutationRate,0.09
42569,ga.diversity,0.0
42569,ga.best,3.0608764092536043
42569,ga.avg,3.060876409253595
42569,ga.worst,3.0608764092536043
42569,ga.feasible,1.0
42569,ga.mutationRate,0.09
42569,ga.diversity,0.0
42569,ga.best,3.0608764092536043
42569,ga.avg,3.060876409253595
42569,ga.worst,3.0608764092536043
42569,ga.feasible,1.0
42569,ga.mutationRate,0.09
42569,ga.diversity,0.0
42569,ga.best,3.0608764092536043
42569,ga.avg,3.060876409253595
42569,ga.worst,3.0608764092536043
42569,ga.feasible,1.0
42569,ga.mutationRate,0.09
42569,ga.diversity,0.0
42569,ga.best,3.0608764092536043
42569,ga.avg,3.060876409253595
42569,ga.worst,3.0608764092536043
42569,ga.feasible,1.0
42569,ga.mutationRate,0.09
42569,ga.diversity,0.0
42569,ga.best,3.0608764092536043
42569,ga.avg,3.060876409253595
42569,ga.worst,3.0608764092536043
42569,ga.feasible,1.0
42569,ga.mutationRate,0.09
42569,ga.diversity,0.0
42569,ga.best,3.0608764092536043
42569,ga.avg,3.060876409253595
42569,ga.worst,3.0608764092536043
42569,ga.feasible,1.0
42569,ga.mutationRate,0.09
42569,ga.diversity,0.0
42569,ga.best,3.0608764092536043
42569,ga.avg,3.060876409253595
42569,ga.worst,3.0608764092536043
42569,ga.feasible,1.0
42569,ga.mutationRate,0.09
42569,ga.diversity,0.0
42569,ga.best,3.0608764092536043
42569,ga.avg,3.060876409253595
42569,ga.worst,3.0608764092536043
42569,ga.feasible,1.0
42569,ga.mutationRate,0.09
42569,ga.diversity,0.0
42569,ga.best,3.0608764092536043
42569,ga.avg,3.060876409253595
42569,ga.worst,3.0608764092536043
42569,ga.feasible,1.0
42569,ga.mutationRate,0.09
42569,ga.diversity,0.0
42569,ga.best,3.0608764092536043
42569,ga.avg,3.060876409253595
42569,ga.worst,3.0608764092536043
42569,ga.feasible,1.0
42569,ga.mutationRate,0.135
42569,ga.diversity,0.0
42569,ga.best,3.0608764092536043
42569,ga.avg,3.060876409253595
42569,ga.worst,3.0608764092536043
42569,ga.feasible,1.0
42569,ga.mutationRate,0.135
42569,ga.diversity,0.0
42569,ga.best,3.0608764092536043
42569,ga.avg,3.060876409253595
42569,ga.worst,3.0608764092536043
42569,ga.feasible,1.0
42569,ga.mutationRate,0.135
42569,ga.diversity,0.0
42569,ga.best,3.0608764092536043
42569,ga.avg,3.060876409253595
42569,ga.worst,3.0608764092536043
42569,ga.feasible,1.0
42569,ga.mutationRate,0.135
42569,ga.diversity,0.0
42569,ga.best,3.0608764092536043
42569,ga.avg,3.060876409253595
42569,ga.worst,3.0608764092536043
42569,ga.feasible,1.0
42569,ga.mutationRate,0.135
42569,ga.diversity,0.0
42734,pedido_asignado,194.0
42734,ga.best,1.8372198011212346
42734,ga.avg,21.723431448960373
42734,ga.worst,77.48338383018202
42734,ga.feasible,1.0
42734,ga.mutationRate,0.06
42734,ga.diversity,0.42468553459118996
42734,ga.best,1.8372198011212346
42734,ga.avg,11.143247224406945
42734,ga.worst,46.46441981513888
42734,ga.feasible,1.0
42734,ga.mutationRate,0.06
42734,ga.diversity,0.3397012578616371
42734,ga.best,1.8372198011212346
42734,ga.avg,6.207659111009937
42734,ga.worst,28.985760602512936
42734,ga.feasible,1.0
42734,ga.mutationRate,0.06
42734,ga.diversity,0.23026729559748427
42734,ga.best,1.8372198011212346
42734,ga.avg,3.6362298912562645
42734,ga.worst,16.473758847404646
42734,ga.feasible,1.0
42734,ga.mutationRate,0.06
42734,ga.diversity,0.08577044025157374
42734,ga.best,1.8372198011212346
42734,ga.avg,3.303708003015945
42734,ga.worst,3.7128902641150696
42734,ga.feasible,1.0
42734,ga.mutationRate,0.06
42734,ga.diversity,0.24944968553459118
42734,ga.best,1.8372198011212346
42734,ga.avg,3.1327041945746803
42734,ga.worst,3.536215726961822
42734,ga.feasible,1.0
42734,ga.mutationRate,0.06
42734,ga.diversity,0.3644654088050314
42734,ga.best,1.8372198011212346
42734,ga.avg,2.7929050094065633
42734,ga.worst,3.536215726961822
42734,ga.feasible,1.0
42734,ga.mutationRate,0.06
42734,ga.diversity,0.49528301886792453
42734,ga.best,1.8372198011212346
42734,ga.avg,2.34691857887341
42734,ga.worst,3.536215726961822
42734,ga.feasible,1.0
42734,ga.mutationRate,0.06
42734,ga.diversity,0.4226415094339623
42734,ga.best,1.8372198011212346
42734,ga.avg,1.9540257710227737
42734,ga.worst,3.536215726961822
42734,ga.feasible,1.0
42734,ga.mutationRate,0.06
42734,ga.diversity,0.12885220125786165
42734,ga.best,1.8372198011212346
42734,ga.avg,1.8372198011212315
42734,ga.worst,1.8372198011212346
42734,ga.feasible,1.0
42734,ga.mutationRate,0.06
42734,ga.diversity,0.0
42734,ga.best,1.8372198011212346
42734,ga.avg,1.8584572501942394
42734,ga.worst,3.536215726961822
42734,ga.feasible,1.0
42734,ga.mutationRate,0.09
42734,ga.diversity,0.024842767295597486
42734,ga.best,1.8372198011212346
42734,ga.avg,1.8372198011212315
42734,ga.worst,1.8372198011212346
42734,ga.feasible,1.0
42734,ga.mutationRate,0.09
42734,ga.diversity,0.0
42734,ga.best,1.8372198011212346
42734,ga.avg,1.8372198011212315
42734,ga.worst,1.8372198011212346
42734,ga.feasible,1.0
42734,ga.mutationRate,0.09
42734,ga.diversity,0.0
42734,ga.best,1.8372198011212346
42734,ga.avg,1.8372198011212315
42734,ga.worst,1.8372198011212346
42734,ga.feasible,1.0
42734,ga.mutationRate,0.09
42734,ga.diversity,0.0
42734,ga.best,1.8372198011212346
42734,ga.avg,1.8372198011212315
42734,ga.worst,1.8372198011212346
42734,ga.feasible,1.0
42734,ga.mutationRate,0.09
42734,ga.diversity,0.0
42734,ga.best,1.8372198011212346
42734,ga.avg,1.8372198011212315
42734,ga.worst,1.8372198011212346
42734,ga.feasible,1.0
42734,ga.mutationRate,0.09
42734,ga.diversity,0.0
42734,ga.best,1.8372198011212346
42734,ga.avg,1.8372198011212315
42734,ga.worst,1.8372198011212346
42734,ga.feasible,1.0
42734,ga.mutationRate,0.09
42734,ga.diversity,0.0
42734,ga.best,1.8372198011212346
42734,ga.avg,1.8372198011212315
42734,ga.worst,1.8372198011212346
42734,ga.feasible,1.0
42734,ga.mutationRate,0.09
42734,ga.diversity,0.0
42734,ga.best,1.8372198011212346
42734,ga.avg,1.8372198011212315
42734,ga.worst,1.8372198011212346
42734,ga.feasible,1.0
42734,ga.mutationRate,0.09
42734,ga.diversity,0.0
42734,ga.best,1.8372198011212346
42734,ga.avg,1.8372198011212315
42734,ga.worst,1.8372198011212346
42734,ga.feasible,1.0
42734,ga.mutationRate,0.09
42734,ga.diversity,0.0
42734,ga.best,1.8372198011212346
42734,ga.avg,2.370372792949081
42734,ga.worst,45.89477706082168
42734,ga.feasible,1.0
42734,ga.mutationRate,0.135
42734,ga.diversity,0.0207809224318658
42734,ga.best,1.8372198011212346
42734,ga.avg,1.8372198011212315
42734,ga.worst,1.8372198011212346
42734,ga.feasible,1.0
42734,ga.mutationRate,0.135
42734,ga.diversity,0.0
42734,ga.best,1.8372198011212346
42734,ga.avg,1.8372198011212315
42734,ga.worst,1.8372198011212346
42734,ga.feasible,1.0
42734,ga.mutationRate,0.135
42734,ga.diversity,0.0
42734,ga.best,1.8372198011212346
42734,ga.avg,1.8372198011212315
42734,ga.worst,1.8372198011212346
42734,ga.feasible,1.0
42734,ga.mutationRate,0.135
42734,ga.diversity,0.0
42734,ga.best,1.8372198011212346
42734,ga.avg,1.8372198011212315
42734,ga.worst,1.8372198011212346
42734,ga.feasible,1.0
42734,ga.mutationRate,0.135
42734,ga.diversity,0.0
42734,pedido_asignado,195.0
42734,ga.best,3.612939272746621
42734,ga.avg,23.299306494802092
42734,ga.worst,99.79700110847065
42734,ga.feasible,1.0
42734,ga.mutationRate,0.06
42734,ga.diversity,0.4030817610062851
42734,ga.best,3.612939272746621
42734,ga.avg,9.888679988693145
42734,ga.worst,63.63892259645426
42734,ga.feasible,1.0
42734,ga.mutationRate,0.06
42734,ga.diversity,0.31078354297694066
42734,ga.best,3.612939272746621
42734,ga.avg,5.268154837327322
42734,ga.worst,22.19031374901335
42734,ga.feasible,1.0
42734,ga.mutationRate,0.06
42734,ga.diversity,0.1272169811320763
42734,ga.best,3.612939272746621
42734,ga.avg,3.7374759231082164
42734,ga.worst,15.055451119187447
42734,ga.feasible,1.0
42734,ga.mutationRate,0.06
42734,ga.diversity,0.03304507337526204
42734,ga.best,3.612939272746621
42734,ga.avg,3.612939272746632
42734,ga.worst,3.612939272746621
42734,ga.feasible,1.0
42734,ga.mutationRate,0.06
42734,ga.diversity,0.0
42734,ga.best,3.612939272746621
42734,ga.avg,3.612939272746632
42734,ga.worst,3.612939272746621
42734,ga.feasible,1.0
42734,ga.mutationRate,0.06
42734,ga.diversity,0.0
42734,ga.best,3.612939272746621
42734,ga.avg,3.612939272746632
42734,ga.worst,3.612939272746621
42734,ga.feasible,1.0
42734,ga.mutationRate,0.06
42734,ga.diversity,0.0
42734,ga.best,3.612939272746621
42734,ga.avg,3.612939272746632
42734,ga.worst,3.612939272746621
42734,ga.feasible,1.0
42734,ga.mutationRate,0.06
42734,ga.diversity,0.0
42734,ga.best,3.612939272746621
42734,ga.avg,3.612939272746632
42734,ga.worst,3.612939272746621
42734,ga.feasible,1.0
42734,ga.mutationRate,0.06
42734,ga.diversity,0.0
42734,ga.best,3.612939272746621
42734,ga.avg,3.612939272746632
42734,ga.worst,3.612939272746621
42734,ga.feasible,1.0
42734,ga.mutationRate,0.06
42734,ga.diversity,0.0
42734,ga.best,3.612939272746621
42734,ga.avg,3.612939272746632
42734,ga.worst,3.612939272746621
42734,ga.feasible,1.0
42734,ga.mutationRate,0.09
42734,ga.diversity,0.0
42734,ga.best,3.612939272746621
42734,ga.avg,3.612939272746632
42734,ga.worst,3.612939272746621
42734,ga.feasible,1.0
42734,ga.mutationRate,0.09
42734,ga.diversity,0.0
42734,ga.best,3.612939272746621
42734,ga.avg,3.612939272746632
42734,ga.worst,3.612939272746621
42734,ga.feasible,1.0
42734,ga.mutationRate,0.09
42734,ga.diversity,0.0
42734,ga.best,3.612939272746621
42734,ga.avg,3.612939272746632
42734,ga.worst,3.612939272746621
42734,ga.feasible,1.0
42734,ga.mutationRate,0.09
42734,ga.diversity,0.0
42734,ga.best,3.612939272746621
42734,ga.avg,3.612939272746632
42734,ga.worst,3.612939272746621
42734,ga.feasible,1.0
42734,ga.mutationRate,0.09
42734,ga.diversity,0.0
42734,ga.best,3.612939272746621
42734,ga.avg,3.612939272746632
42734,ga.worst,3.612939272746621
42734,ga.feasible,1.0
42734,ga.mutationRate,0.09
42734,ga.diversity,0.0
42734,ga.best,3.612939272746621
42734,ga.avg,3.612939272746632
42734,ga.worst,3.612939272746621
42734,ga.feasible,1.0
42734,ga.mutationRate,0.09
42734,ga.diversity,0.0
42734,ga.best,3.612939272746621
42734,ga.avg,3.612939272746632
42734,ga.worst,3.612939272746621
42734,ga.feasible,1.0
42734,ga.mutationRate,0.09
42734,ga.diversity,0.0
42734,ga.best,3.612939272746621
42734,ga.avg,3.612939272746632
42734,ga.worst,3.612939272746621
42734,ga.feasible,1.0
42734,ga.mutationRate,0.09
42734,ga.diversity,0.0
42734,ga.best,3.612939272746621
42734,ga.avg,3.612939272746632
42734,ga.worst,3.612939272746621
42734,ga.feasible,1.0
42734,ga.mutationRate,0.09
42734,ga.diversity,0.0
42734,ga.best,3.612939272746621
42734,ga.avg,3.612939272746632
42734,ga.worst,3.612939272746621
42734,ga.feasible,1.0
42734,ga.mutationRate,0.135
42734,ga.diversity,0.0
42734,ga.best,3.612939272746621
42734,ga.avg,3.612939272746632
42734,ga.worst,3.612939272746621
42734,ga.feasible,1.0
42734,ga.mutationRate,0.135
42734,ga.diversity,0.0
42734,ga.best,3.612939272746621
42734,ga.avg,3.612939272746632
42734,ga.worst,3.612939272746621
42734,ga.feasible,1.0
42734,ga.mutationRate,0.135
42734,ga.diversity,0.0
42734,ga.best,3.612939272746621
42734,ga.avg,3.612939272746632
42734,ga.worst,3.612939272746621
42734,ga.feasible,1.0
42734,ga.mutationRate,0.135
42734,ga.diversity,0.0
42734,ga.best,3.612939272746621
42734,ga.avg,5.577530506062558
42734,ga.worst,52.68341765280242
42734,ga.feasible,1.0
42734,ga.mutationRate,0.135
42734,ga.diversity,0.10040618448637412
42734,pedido_asignado,136.0
42734,ga.best,1.5705338776832722
42734,ga.avg,23.1605449651036
42734,ga.worst,74.76099875994642
42734,ga.feasible,1.0
42734,ga.mutationRate,0.06
42734,ga.diversity,0.45434136967153294
42734,ga.best,1.5705338776832722
42734,ga.avg,10.634244821747293
42734,ga.worst,55.29137005584472
42734,ga.feasible,1.0
42734,ga.mutationRate,0.06
42734,ga.diversity,0.23704795597484277
42734,ga.best,1.5705338776832722
42734,ga.avg,4.429597197508211
42734,ga.worst,18.403069198288325
42734,ga.feasible,1.0
42734,ga.mutationRate,0.06
42734,ga.diversity,0.11223794549266547
42734,ga.best,1.5705338776832722
42734,ga.avg,3.6120610924252916
42734,ga.worst,13.051351947768735
42734,ga.feasible,1.0
42734,ga.mutationRate,0.06
42734,ga.diversity,0.11926100628930818
42734,ga.best,1.5705338776832722
42734,ga.avg,3.3831686658020024
42734,ga.worst,3.612939272746621
42734,ga.feasible,1.0
42734,ga.mutationRate,0.06
42734,ga.diversity,0.2009433962264151
42734,ga.best,1.5705338776832722
42734,ga.avg,3.166163092576519
42734,ga.worst,3.612939272746621
42734,ga.feasible,1.0
42734,ga.mutationRate,0.06
42734,ga.diversity,0.34394654088050314
42734,ga.best,1.5705338776832722
42734,ga.avg,2.6683267775298223
42734,ga.worst,3.612939272746621
42734,ga.feasible,1.0
42734,ga.mutationRate,0.06
42734,ga.diversity,0.5003144654088051
42734,ga.best,1.5705338776832722
42734,ga.avg,2.2215505973597116
42734,ga.worst,3.612939272746621
42734,ga.feasible,1.0
42734,ga.mutationRate,0.06
42734,ga.diversity,0.4370283018867924
42734,ga.best,1.5705338776832722
42734,ga.avg,1.7620093834704562
42734,ga.worst,3.612939272746621
42734,ga.feasible,1.0
42734,ga.mutationRate,0.06
42734,ga.diversity,0.17099056603773585
42734,ga.best,1.5705338776832722
42734,ga.avg,1.5960639451215592
42734,ga.worst,3.612939272746621
42734,ga.feasible,1.0
42734,ga.mutationRate,0.06
42734,ga.diversity,0.024842767295597486
42734,ga.best,1.5705338776832722
42734,ga.avg,1.5705338776832674
42734,ga.worst,1.5705338776832722
42734,ga.feasible,1.0
42734,ga.mutationRate,0.09
42734,ga.diversity,0.0
42734,ga.best,1.5705338776832722
42734,ga.avg,1.5705338776832674
42734,ga.worst,1.5705338776832722
42734,ga.feasible,1.0
42734,ga.mutationRate,0.09
42734,ga.diversity,0.0
42734,ga.best,1.5705338776832722
42734,ga.avg,1.5705338776832674
42734,ga.worst,1.5705338776832722
42734,ga.feasible,1.0
42734,ga.mutationRate,0.09
42734,ga.diversity,0.0
42734,ga.best,1.5705338776832722
42734,ga.avg,1.5705338776832674
42734,ga.worst,1.5705338776832722
42734,ga.feasible,1.0
42734,ga.mutationRate,0.09
42734,ga.diversity,0.0
42734,ga.best,1.5705338776832722
42734,ga.avg,1.5705338776832674
42734,ga.worst,1.5705338776832722
42734,ga.feasible,1.0
42734,ga.mutationRate,0.09
42734,ga.diversity,0.0
42734,ga.best,1.5705338776832722
42734,ga.avg,1.5705338776832674
42734,ga.worst,1.5705338776832722
42734,ga.feasible,1.0
42734,ga.mutationRate,0.09
42734,ga.diversity,0.0
42734,ga.best,1.5705338776832722
42734,ga.avg,1.5705338776832674
42734,ga.worst,1.5705338776832722
42734,ga.feasible,1.0
42734,ga.mutationRate,0.09
42734,ga.diversity,0.0
42734,ga.best,1.5705338776832722
42734,ga.avg,1.5705338776832674
42734,ga.worst,1.5705338776832722
42734,ga.feasible,1.0
42734,ga.mutationRate,0.09
42734,ga.diversity,0.0
42734,ga.best,1.5705338776832722
42734,ga.avg,1.5705338776832674
42734,ga.worst,1.5705338776832722
42734,ga.feasible,1.0
42734,ga.mutationRate,0.09
42734,ga.diversity,0.0
42734,ga.best,1.5705338776832722
42734,ga.avg,1.5705338776832674
42734,ga.worst,1.5705338776832722
42734,ga.feasible,1.0
42734,ga.mutationRate,0.09
42734,ga.diversity,0.0
42734,ga.best,1.5705338776832722
42734,ga.avg,1.5705338776832674
42734,ga.worst,1.5705338776832722
42734,ga.feasible,1.0
42734,ga.mutationRate,0.135
42734,ga.diversity,0.0
42734,ga.best,1.5705338776832722
42734,ga.avg,1.5705338776832674
42734,ga.worst,1.5705338776832722
42734,ga.feasible,1.0
42734,ga.mutationRate,0.135
42734,ga.diversity,0.0
42734,ga.best,1.5705338776832722
42734,ga.avg,1.5705338776832674
42734,ga.worst,1.5705338776832722
42734,ga.feasible,1.0
42734,ga.mutationRate,0.135
42734,ga.diversity,0.0
42734,ga.best,1.5705338776832722
42734,ga.avg,1.5705338776832674
42734,ga.worst,1.5705338776832722
42734,ga.feasible,1.0
42734,ga.mutationRate,0.135
42734,ga.diversity,0.0
42734,ga.best,1.5705338776832722
42734,ga.avg,1.5705338776832674
42734,ga.worst,1.5705338776832722
42734,ga.feasible,1.0
42734,ga.mutationRate,0.135
42734,ga.diversity,0.0
42734,pedido_asignado,60.0
42734,ga.best,2.2465361070612824
42734,ga.avg,22.921832913379706
42734,ga.worst,124.69106625413445
42734,ga.feasible,1.0
42734,ga.mutationRate,0.06
42734,ga.diversity,0.284383423180582
42734,ga.best,2.2465361070612824
42734,ga.avg,9.650113336027022
42734,ga.worst,59.35659079282507
42734,ga.feasible,1.0
42734,ga.mutationRate,0.06
42734,ga.diversity,0.30839884696016956
42734,ga.best,2.2465361070612824
42734,ga.avg,4.099096958764652
42734,ga.worst,26.65730184699714
42734,ga.feasible,1.0
42734,ga.mutationRate,0.06
42734,ga.diversity,0.17222877358490565
42734,ga.best,2.2465361070612824
42734,ga.avg,2.40815740615026
42734,ga.worst,16.63478988725496
42734,ga.feasible,1.0
42734,ga.mutationRate,0.06
42734,ga.diversity,0.029035639412997825
42734,ga.best,2.2465361070612824
42734,ga.avg,2.2465361070612784
42734,ga.worst,2.2465361070612824
42734,ga.feasible,1.0
42734,ga.mutationRate,0.06
42734,ga.diversity,0.0
42734,ga.best,2.2465361070612824
42734,ga.avg,2.2465361070612784
42734,ga.worst,2.2465361070612824
42734,ga.feasible,1.0
42734,ga.mutationRate,0.06
42734,ga.diversity,0.0
42734,ga.best,2.2465361070612824
42734,ga.avg,2.2465361070612784
42734,ga.worst,2.2465361070612824
42734,ga.feasible,1.0
42734,ga.mutationRate,0.06
42734,ga.diversity,0.0
42734,ga.best,2.2465361070612824
42734,ga.avg,2.2465361070612784
42734,ga.worst,2.2465361070612824
42734,ga.feasible,1.0
42734,ga.mutationRate,0.06
42734,ga.diversity,0.0
42734,ga.best,2.2465361070612824
42734,ga.avg,2.2465361070612784
42734,ga.worst,2.2465361070612824
42734,ga.feasible,1.0
42734,ga.mutationRate,0.06
42734,ga.diversity,0.0
42734,ga.best,2.2465361070612824
42734,ga.avg,2.2465361070612784
42734,ga.worst,2.2465361070612824
42734,ga.feasible,1.0
42734,ga.mutationRate,0.06
42734,ga.diversity,0.0
42734,ga.best,2.2465361070612824
42734,ga.avg,2.297381435104971
42734,ga.worst,10.381788594052098
42734,ga.feasible,1.0
42734,ga.mutationRate,0.09
42734,ga.diversity,0.0125
42734,ga.best,2.2465361070612824
42734,ga.avg,2.2465361070612784
42734,ga.worst,2.2465361070612824
42734,ga.feasible,1.0
42734,ga.mutationRate,0.09
42734,ga.diversity,0.0
42734,ga.best,2.2465361070612824
42734,ga.avg,2.2465361070612784
42734,ga.worst,2.2465361070612824
42734,ga.feasible,1.0
42734,ga.mutationRate,0.09
42734,ga.diversity,0.0
42734,ga.best,2.2465361070612824
42734,ga.avg,2.2465361070612784
42734,ga.worst,2.2465361070612824
42734,ga.feasible,1.0
42734,ga.mutationRate,0.09
42734,ga.diversity,0.0
42734,ga.best,2.2465361070612824
42734,ga.avg,2.2465361070612784
42734,ga.worst,2.2465361070612824
42734,ga.feasible,1.0
42734,ga.mutationRate,0.09
42734,ga.diversity,0.0
42734,ga.best,2.2465361070612824
42734,ga.avg,2.2465361070612784
42734,ga.worst,2.2465361070612824
42734,ga.feasible,1.0
42734,ga.mutationRate,0.09
42734,ga.diversity,0.0
42734,ga.best,2.2465361070612824
42734,ga.avg,2.2465361070612784
42734,ga.worst,2.2465361070612824
42734,ga.feasible,1.0
42734,ga.mutationRate,0.09
42734,ga.diversity,0.0
42734,ga.best,2.2465361070612824
42734,ga.avg,2.2465361070612784
42734,ga.worst,2.2465361070612824
42734,ga.feasible,1.0
42734,ga.mutationRate,0.09
42734,ga.diversity,0.0
42734,ga.best,2.2465361070612824
42734,ga.avg,2.2465361070612784
42734,ga.worst,2.2465361070612824
42734,ga.feasible,1.0
42734,ga.mutationRate,0.09
42734,ga.diversity,0.0
42734,ga.best,2.2465361070612824
42734,ga.avg,2.2465361070612784
42734,ga.worst,2.2465361070612824
42734,ga.feasible,1.0
42734,ga.mutationRate,0.09
42734,ga.diversity,0.0
42734,ga.best,2.2465361070612824
42734,ga.avg,2.339286639487301
42734,ga.worst,17.08662129522493
42734,ga.feasible,1.0
42734,ga.mutationRate,0.135
42734,ga.diversity,0.0125
42734,ga.best,2.2465361070612824
42734,ga.avg,2.2465361070612784
42734,ga.worst,2.2465361070612824
42734,ga.feasible,1.0
42734,ga.mutationRate,0.135
42734,ga.diversity,0.0
42734,ga.best,2.2465361070612824
42734,ga.avg,2.2465361070612784
42734,ga.worst,2.2465361070612824
42734,ga.feasible,1.0
42734,ga.mutationRate,0.135
42734,ga.diversity,0.0
42734,ga.best,2.2465361070612824
42734,ga.avg,2.2465361070612784
42734,ga.worst,2.2465361070612824
42734,ga.feasible,1.0
42734,ga.mutationRate,0.135
42734,ga.diversity,0.0
42734,ga.best,2.2465361070612824
42734,ga.avg,2.2465361070612784
42734,ga.worst,2.2465361070612824
42734,ga.feasible,1.0
42734,ga.mutationRate,0.135
42734,ga.diversity,0.0
42734,pedido_asignado,24.0
42734,ga.best,2.2465361070612824
42734,ga.avg,22.705518421514412
42734,ga.worst,113.62341547982425
42734,ga.feasible,1.0
42734,ga.mutationRate,0.06
42734,ga.diversity,0.38637793024585115
42734,ga.best,2.2465361070612824
42734,ga.avg,7.915758328653899
42734,ga.worst,50.41318690510087
42734,ga.feasible,1.0
42734,ga.mutationRate,0.06
42734,ga.diversity,0.2943920335429846
42734,ga.best,2.2465361070612824
42734,ga.avg,3.6325415957616762
42734,ga.worst,28.562867929846682
42734,ga.feasible,1.0
42734,ga.mutationRate,0.06
42734,ga.diversity,0.1557193396226415
42734,ga.best,2.2465361070612824
42734,ga.avg,2.4050936979679034
42734,ga.worst,14.931143379591283
42734,ga.feasible,1.0
42734,ga.mutationRate,0.06
42734,ga.diversity,0.04905660377358491
42734,ga.best,2.2465361070612824
42734,ga.avg,2.2465361070612784
42734,ga.worst,2.2465361070612824
42734,ga.feasible,1.0
42734,ga.mutationRate,0.06
42734,ga.diversity,0.024842767295597486
42734,ga.best,2.2465361070612824
42734,ga.avg,2.2465361070612784
42734,ga.worst,2.2465361070612824
42734,ga.feasible,1.0
42734,ga.mutationRate,0.06
42734,ga.diversity,0.024842767295597486
42734,ga.best,2.2465361070612824
42734,ga.avg,2.2465361070612784
42734,ga.worst,2.2465361070612824
42734,ga.feasible,1.0
42734,ga.mutationRate,0.06
42734,ga.diversity,0.024842767295597486
42734,ga.best,2.2465361070612824
42734,ga.avg,2.2465361070612784
42734,ga.worst,2.2465361070612824
42734,ga.feasible,1.0
42734,ga.mutationRate,0.06
42734,ga.diversity,0.03702830188679245
42734,ga.best,2.2465361070612824
42734,ga.avg,2.2465361070612784
42734,ga.worst,2.2465361070612824
42734,ga.feasible,1.0
42734,ga.mutationRate,0.06
42734,ga.diversity,0.06092767295597484
42734,ga.best,2.2465361070612824
42734,ga.avg,2.2465361070612784
42734,ga.worst,2.2465361070612824
42734,ga.feasible,1.0
42734,ga.mutationRate,0.06
42734,ga.diversity,0.04905660377358491
42734,ga.best,2.2465361070612824
42734,ga.avg,2.2465361070612784
42734,ga.worst,2.2465361070612824
42734,ga.feasible,1.0
42734,ga.mutationRate,0.09
42734,ga.diversity,0.024842767295597486
42734,ga.best,2.2465361070612824
42734,ga.avg,2.2465361070612784
42734,ga.worst,2.2465361070612824
42734,ga.feasible,1.0
42734,ga.mutationRate,0.09
42734,ga.diversity,0.024842767295597486
42734,ga.best,2.2465361070612824
42734,ga.avg,2.2465361070612784
42734,ga.worst,2.2465361070612824
42734,ga.feasible,1.0
42734,ga.mutationRate,0.09
42734,ga.diversity,0.0125
42734,ga.best,2.2465361070612824
42734,ga.avg,2.2465361070612784
42734,ga.worst,2.2465361070612824
42734,ga.feasible,1.0
42734,ga.mutationRate,0.09
42734,ga.diversity,0.024842767295597486
42734,ga.best,2.2465361070612824
42734,ga.avg,2.2465361070612784
42734,ga.worst,2.2465361070612824
42734,ga.feasible,1.0
42734,ga.mutationRate,0.09
42734,ga.diversity,0.06092767295597484
42734,ga.best,2.2465361070612824
42734,ga.avg,2.2465361070612784
42734,ga.worst,2.2465361070612824
42734,ga.feasible,1.0
42734,ga.mutationRate,0.09
42734,ga.diversity,0.08419811320754716
42734,ga.best,2.2465361070612824
42734,ga.avg,2.2465361070612784
42734,ga.worst,2.2465361070612824
42734,ga.feasible,1.0
42734,ga.mutationRate,0.09
42734,ga.diversity,0.06092767295597484
42734,ga.best,2.2465361070612824
42734,ga.avg,2.2465361070612784
42734,ga.worst,2.2465361070612824
42734,ga.feasible,1.0
42734,ga.mutationRate,0.09
42734,ga.diversity,0.0125
42734,ga.best,2.2465361070612824
42734,ga.avg,2.2465361070612784
42734,ga.worst,2.2465361070612824
42734,ga.feasible,1.0
42734,ga.mutationRate,0.09
42734,ga.diversity,0.0125
42734,ga.best,2.2465361070612824
42734,ga.avg,2.2465361070612784
42734,ga.worst,2.2465361070612824
42734,ga.feasible,1.0
42734,ga.mutationRate,0.09
42734,ga.diversity,0.0
42734,ga.best,2.2465361070612824
42734,ga.avg,2.2465361070612784
42734,ga.worst,2.2465361070612824
42734,ga.feasible,1.0
42734,ga.mutationRate,0.135
42734,ga.diversity,0.0
42734,ga.best,2.2465361070612824
42734,ga.avg,2.2465361070612784
42734,ga.worst,2.2465361070612824
42734,ga.feasible,1.0
42734,ga.mutationRate,0.135
42734,ga.diversity,0.0
42734,ga.best,2.2465361070612824
42734,ga.avg,2.2465361070612784
42734,ga.worst,2.2465361070612824
42734,ga.feasible,1.0
42734,ga.mutationRate,0.135
42734,ga.diversity,0.0
42734,ga.best,2.2465361070612824
42734,ga.avg,2.2465361070612784
42734,ga.worst,2.2465361070612824
42734,ga.feasible,1.0
42734,ga.mutationRate,0.135
42734,ga.diversity,0.0
42734,ga.best,2.2465361070612824
42734,ga.avg,5.171978494670382
42734,ga.worst,45.78898639500218
42734,ga.feasible,1.0
42734,ga.mutationRate,0.135
42734,ga.diversity,0.14394654088050238
42734,pedido_asignado,173.0
42734,ga.best,1.7808811195661631
42734,ga.avg,21.17642729349093
42734,ga.worst,98.4179929116163
42734,ga.feasible,1.0
42734,ga.mutationRate,0.06
42734,ga.diversity,0.326670597484287
42734,ga.best,1.7808811195661631
42734,ga.avg,7.158288609170562
42734,ga.worst,56.661725389531206
42734,ga.feasible,1.0
42734,ga.mutationRate,0.06
42734,ga.diversity,0.25666928721173843
42734,ga.best,1.7808811195661631
42734,ga.avg,2.7692048441148076
42734,ga.worst,39.908819056925275
42734,ga.feasible,1.0
42734,ga.mutationRate,0.06
42734,ga.diversity,0.08735587002096377
42734,ga.best,1.7808811195661631
42734,ga.avg,1.7808811195661687
42734,ga.worst,1.7808811195661631
42734,ga.feasible,1.0
42734,ga.mutationRate,0.06
42734,ga.diversity,0.14119496855345912
42734,ga.best,1.7808811195661631
42734,ga.avg,1.7808811195661687
42734,ga.worst,1.7808811195661631
42734,ga.feasible,1.0
42734,ga.mutationRate,0.06
42734,ga.diversity,0.14119496855345912
42734,ga.best,1.7808811195661631
42734,ga.avg,1.7808811195661687
42734,ga.worst,1.7808811195661631
42734,ga.feasible,1.0
42734,ga.mutationRate,0.06
42734,ga.diversity,0.16257861635220125
42734,ga.best,1.7808811195661631
42734,ga.avg,1.7808811195661687
42734,ga.worst,1.7808811195661631
42734,ga.feasible,1.0
42734,ga.mutationRate,0.06
42734,ga.diversity,0.16328616352201258
42734,ga.best,1.7808811195661631
42734,ga.avg,1.7808811195661687
42734,ga.worst,1.7808811195661631
42734,ga.feasible,1.0
42734,ga.mutationRate,0.06
42734,ga.diversity,0.16328616352201258
42734,ga.best,1.7808811195661631
42734,ga.avg,1.7808811195661687
42734,ga.worst,1.7808811195661631
42734,ga.feasible,1.0
42734,ga.mutationRate,0.06
42734,ga.diversity,0.18419811320754717
42734,ga.best,1.7808811195661631
42734,ga.avg,1.7808811195661687
42734,ga.worst,1.7808811195661631
42734,ga.feasible,1.0
42734,ga.mutationRate,0.06
42734,ga.diversity,0.16328616352201258
42734,ga.best,1.7808811195661631
42734,ga.avg,1.7808811195661687
42734,ga.worst,1.7808811195661631
42734,ga.feasible,1.0
42734,ga.mutationRate,0.09
42734,ga.diversity,0.14119496855345912
42734,ga.best,1.7808811195661631
42734,ga.avg,1.7808811195661687
42734,ga.worst,1.7808811195661631
42734,ga.feasible,1.0
42734,ga.mutationRate,0.09
42734,ga.diversity,0.15117924528301888
42734,ga.best,1.7808811195661631
42734,ga.avg,1.7808811195661687
42734,ga.worst,1.7808811195661631
42734,ga.feasible,1.0
42734,ga.mutationRate,0.09
42734,ga.diversity,0.10683962264150944
42734,ga.best,1.7808811195661631
42734,ga.avg,1.7808811195661687
42734,ga.worst,1.7808811195661631
42734,ga.feasible,1.0
42734,ga.mutationRate,0.09
42734,ga.diversity,0.12885220125786165
42734,ga.best,1.7808811195661631
42734,ga.avg,1.7808811195661687
42734,ga.worst,1.7808811195661631
42734,ga.feasible,1.0
42734,ga.mutationRate,0.09
42734,ga.diversity,0.12885220125786165
42734,ga.best,1.7808811195661631
42734,ga.avg,1.7808811195661687
42734,ga.worst,1.7808811195661631
42734,ga.feasible,1.0
42734,ga.mutationRate,0.09
42734,ga.diversity,0.16069182389937106
42734,ga.best,1.7808811195661631
42734,ga.avg,1.7808811195661687
42734,ga.worst,1.7808811195661631
42734,ga.feasible,1.0
42734,ga.mutationRate,0.09
42734,ga.diversity,0.16069182389937106
42734,ga.best,1.7808811195661631
42734,ga.avg,1.7808811195661687
42734,ga.worst,1.7808811195661631
42734,ga.feasible,1.0
42734,ga.mutationRate,0.09
42734,ga.diversity,0.16069182389937106
42734,ga.best,1.7808811195661631
42734,ga.avg,1.7808811195661687
42734,ga.worst,1.7808811195661631
42734,ga.feasible,1.0
42734,ga.mutationRate,0.09
42734,ga.diversity,0.13962264150943396
42734,ga.best,1.7808811195661631
42734,ga.avg,1.7808811195661687
42734,ga.worst,1.7808811195661631
42734,ga.feasible,1.0
42734,ga.mutationRate,0.09
42734,ga.diversity,0.2477201257861635
42734,ga.best,1.7808811195661631
42734,ga.avg,1.7808811195661687
42734,ga.worst,1.7808811195661631
42734,ga.feasible,1.0
42734,ga.mutationRate,0.135
42734,ga.diversity,0.2653301886792453
42734,ga.best,1.7808811195661631
42734,ga.avg,1.7808811195661687
42734,ga.worst,1.7808811195661631
42734,ga.feasible,1.0
42734,ga.mutationRate,0.135
42734,ga.diversity,0.2738993710691824
42734,ga.best,1.7808811195661631
42734,ga.avg,1.7808811195661687
42734,ga.worst,1.7808811195661631
42734,ga.feasible,1.0
42734,ga.mutationRate,0.135
42734,ga.diversity,0.282311320754717
42734,ga.best,1.7153604852397364
42734,ga.avg,3.3197571708354703
42734,ga.worst,36.793239029266296
42734,ga.feasible,1.0
42734,ga.mutationRate,0.135
42734,ga.diversity,0.1530817610062965
42734,ga.best,1.7153604852397364
42734,ga.avg,2.059214492610111
42734,ga.worst,26.66045853117242
42734,ga.feasible,1.0
42734,ga.mutationRate,0.0945
42734,ga.diversity,0.10564072327044025
42734,ga.best,1.7153604852397364
42734,ga.avg,1.7771955838853066
42734,ga.worst,1.7808811195661631
42734,ga.feasible,1.0
42734,ga.mutationRate,0.0945
42734,ga.diversity,0.3214622641509434
42734,ga.best,1.7153604852397364
42734,ga.avg,1.7694150085590423
42734,ga.worst,1.7808811195661631
42734,ga.feasible,1.0
42734,ga.mutationRate,0.0945
42734,ga.diversity,0.4666666666666667
42734,ga.best,1.7153604852397364
42734,ga.avg,1.7628629451263982
42734,ga.worst,1.7808811195661631
42734,ga.feasible,1.0
42734,ga.mutationRate,0.0945
42734,ga.diversity,0.539937106918239
42734,ga.best,1.7153604852397364
42734,ga.avg,1.7530348499774342
42734,ga.worst,1.7808811195661631
42734,ga.feasible,1.0
42734,ga.mutationRate,0.0945
42734,ga.diversity,0.6008647798742138
42734,ga.best,1.7153604852397364
42734,ga.avg,1.7350166755376644
42734,ga.worst,1.7808811195661631
42734,ga.feasible,1.0
42734,ga.mutationRate,0.0945
42734,ga.diversity,0.4477987421383648
42734,ga.best,1.7153604852397364
42734,ga.avg,1.7182270129915147
42734,ga.worst,1.7808811195661631
42734,ga.feasible,1.0
42734,ga.mutationRate,0.0945
42734,ga.diversity,0.08419811320754716
42734,ga.best,1.7153604852397364
42734,ga.avg,1.7153604852397328
42734,ga.worst,1.7153604852397364
42734,ga.feasible,1.0
42734,ga.mutationRate,0.0945
42734,ga.diversity,0.0
42734,ga.best,1.7153604852397364
42734,ga.avg,1.7153604852397328
42734,ga.worst,1.7153604852397364
42734,ga.feasible,1.0
42734,ga.mutationRate,0.0945
42734,ga.diversity,0.0
42734,ga.best,1.7153604852397364
42734,ga.avg,1.7153604852397328
42734,ga.worst,1.7153604852397364
42734,ga.feasible,1.0
42734,ga.mutationRate,0.0945
42734,ga.diversity,0.0
42734,ga.best,1.7153604852397364
42734,ga.avg,1.813826036458925
42734,ga.worst,17.46984868031046
42734,ga.feasible,1.0
42734,ga.mutationRate,0.14175
42734,ga.diversity,0.0125
42734,ga.best,1.7153604852397364
42734,ga.avg,1.7153604852397328
42734,ga.worst,1.7153604852397364
42734,ga.feasible,1.0
42734,ga.mutationRate,0.14175
42734,ga.diversity,0.0
42734,ga.best,1.7153604852397364
42734,ga.avg,1.7153604852397328
42734,ga.worst,1.7153604852397364
42734,ga.feasible,1.0
42734,ga.mutationRate,0.14175
42734,ga.diversity,0.0
42734,ga.best,1.7153604852397364
42734,ga.avg,1.7153604852397328
42734,ga.worst,1.7153604852397364
42734,ga.feasible,1.0
42734,ga.mutationRate,0.14175
42734,ga.diversity,0.0
42734,ga.best,1.7153604852397364
42734,ga.avg,1.7153604852397328
42734,ga.worst,1.7153604852397364
42734,ga.feasible,1.0
42734,ga.mutationRate,0.14175
42734,ga.diversity,0.0
42734,ga.best,1.7153604852397364
42734,ga.avg,1.7153604852397328
42734,ga.worst,1.7153604852397364
42734,ga.feasible,1.0
42734,ga.mutationRate,0.14175
42734,ga.diversity,0.0
42734,ga.best,1.7153604852397364
42734,ga.avg,1.7153604852397328
42734,ga.worst,1.7153604852397364
42734,ga.feasible,1.0
42734,ga.mutationRate,0.14175
42734,ga.diversity,0.0
42734,ga.best,1.7153604852397364
42734,ga.avg,1.7153604852397328
42734,ga.worst,1.7153604852397364
42734,ga.feasible,1.0
42734,ga.mutationRate,0.14175
42734,ga.diversity,0.0
42734,ga.best,1.7153604852397364
42734,ga.avg,1.7153604852397328
42734,ga.worst,1.7153604852397364
42734,ga.feasible,1.0
42734,ga.mutationRate,0.14175
42734,ga.diversity,0.0
42734,ga.best,1.7153604852397364
42734,ga.avg,1.7153604852397328
42734,ga.worst,1.7153604852397364
42734,ga.feasible,1.0
42734,ga.mutationRate,0.14175
42734,ga.diversity,0.0
42734,ga.best,1.7153604852397364
42734,ga.avg,1.7157699892042733
42734,ga.worst,1.7808811195661631
42734,ga.feasible,1.0
42734,ga.mutationRate,0.15
42734,ga.diversity,0.0125
42734,ga.best,1.7153604852397364
42734,ga.avg,1.7153604852397328
42734,ga.worst,1.7153604852397364
42734,ga.feasible,1.0
42734,ga.mutationRate,0.15
42734,ga.diversity,0.0
42734,ga.best,1.7153604852397364
42734,ga.avg,1.7153604852397328
42734,ga.worst,1.7153604852397364
42734,ga.feasible,1.0
42734,ga.mutationRate,0.15
42734,ga.diversity,0.0
42734,ga.best,1.7153604852397364
42734,ga.avg,1.7153604852397328
42734,ga.worst,1.7153604852397364
42734,ga.feasible,1.0
42734,ga.mutationRate,0.15
42734,ga.diversity,0.0
42734,ga.best,1.7153604852397364
42734,ga.avg,1.7153604852397328
42734,ga.worst,1.7153604852397364
42734,ga.feasible,1.0
42734,ga.mutationRate,0.15
42734,ga.diversity,0.0
43433,pedido_asignado,190.0
43433,ga.best,1.7808811195661631
43433,ga.avg,20.513536525100584
43433,ga.worst,100.03001870306306
43433,ga.feasible,1.0
43433,ga.mutationRate,0.06
43433,ga.diversity,0.4151816911250918
43433,ga.best,1.7808811195661631
43433,ga.avg,8.687024078616625
43433,ga.worst,42.28715553662966
43433,ga.feasible,1.0
43433,ga.mutationRate,0.06
43433,ga.diversity,0.3567924528301984
43433,ga.best,1.7808811195661631
43433,ga.avg,3.167303702565187
43433,ga.worst,29.79891232117837
43433,ga.feasible,1.0
43433,ga.mutationRate,0.06
43433,ga.diversity,0.11026729559748466
43433,ga.best,1.7808811195661631
43433,ga.avg,1.990854124702239
43433,ga.worst,16.397746756506052
43433,ga.feasible,1.0
43433,ga.mutationRate,0.06
43433,ga.diversity,0.037165880503144656
43433,ga.best,1.7808811195661631
43433,ga.avg,1.7808811195661687
43433,ga.worst,1.7808811195661631
43433,ga.feasible,1.0
43433,ga.mutationRate,0.06
43433,ga.diversity,0.03702830188679245
43433,ga.best,1.7808811195661631
43433,ga.avg,1.7808811195661687
43433,ga.worst,1.7808811195661631
43433,ga.feasible,1.0
43433,ga.mutationRate,0.06
43433,ga.diversity,0.04905660377358491
43433,ga.best,1.7808811195661631
43433,ga.avg,1.7808811195661687
43433,ga.worst,1.7808811195661631
43433,ga.feasible,1.0
43433,ga.mutationRate,0.06
43433,ga.diversity,0.0125
43433,ga.best,1.7808811195661631
43433,ga.avg,1.7808811195661687
43433,ga.worst,1.7808811195661631
43433,ga.feasible,1.0
43433,ga.mutationRate,0.06
43433,ga.diversity,0.0125
43433,ga.best,1.7808811195661631
43433,ga.avg,1.7808811195661687
43433,ga.worst,1.7808811195661631
43433,ga.feasible,1.0
43433,ga.mutationRate,0.06
43433,ga.diversity,0.0125
43433,ga.best,1.7808811195661631
43433,ga.avg,1.7808811195661687
43433,ga.worst,1.7808811195661631
43433,ga.feasible,1.0
43433,ga.mutationRate,0.06
43433,ga.diversity,0.024842767295597486
43433,ga.best,1.7808811195661631
43433,ga.avg,1.8343139356212839
43433,ga.worst,10.330131688384608
43433,ga.feasible,1.0
43433,ga.mutationRate,0.09
43433,ga.diversity,0.024764150943396006
43433,ga.best,1.7808811195661631
43433,ga.avg,1.7808811195661687
43433,ga.worst,1.7808811195661631
43433,ga.feasible,1.0
43433,ga.mutationRate,0.09
43433,ga.diversity,0.024842767295597486
43433,ga.best,1.7808811195661631
43433,ga.avg,1.7808811195661687
43433,ga.worst,1.7808811195661631
43433,ga.feasible,1.0
43433,ga.mutationRate,0.09
43433,ga.diversity,0.024842767295597486
43433,ga.best,1.7808811195661631
43433,ga.avg,1.7808811195661687
43433,ga.worst,1.7808811195661631
43433,ga.feasible,1.0
43433,ga.mutationRate,0.09
43433,ga.diversity,0.04905660377358491
43433,ga.best,1.7808811195661631
43433,ga.avg,1.7808811195661687
43433,ga.worst,1.7808811195661631
43433,ga.feasible,1.0
43433,ga.mutationRate,0.09
43433,ga.diversity,0.0125
43433,ga.best,1.7808811195661631
43433,ga.avg,1.7808811195661687
43433,ga.worst,1.7808811195661631
43433,ga.feasible,1.0
43433,ga.mutationRate,0.09
43433,ga.diversity,0.0
43433,ga.best,1.7808811195661631
43433,ga.avg,1.7808811195661687
43433,ga.worst,1.7808811195661631
43433,ga.feasible,1.0
43433,ga.mutationRate,0.09
43433,ga.diversity,0.0
43433,ga.best,1.7808811195661631
43433,ga.avg,1.7808811195661687
43433,ga.worst,1.7808811195661631
43433,ga.feasible,1.0
43433,ga.mutationRate,0.09
43433,ga.diversity,0.0
43433,ga.best,1.7808811195661631
43433,ga.avg,1.7808811195661687
43433,ga.worst,1.7808811195661631
43433,ga.feasible,1.0
43433,ga.mutationRate,0.09
43433,ga.diversity,0.0
43433,ga.best,1.7808811195661631
43433,ga.avg,1.7808811195661687
43433,ga.worst,1.7808811195661631
43433,ga.feasible,1.0
43433,ga.mutationRate,0.09
43433,ga.diversity,0.0
43433,ga.best,1.7808811195661631
43433,ga.avg,1.7808811195661687
43433,ga.worst,1.7808811195661631
43433,ga.feasible,1.0
43433,ga.mutationRate,0.135
43433,ga.diversity,0.0
43433,ga.best,1.7808811195661631
43433,ga.avg,1.7808811195661687
43433,ga.worst,1.7808811195661631
43433,ga.feasible,1.0
43433,ga.mutationRate,0.135
43433,ga.diversity,0.0
43433,ga.best,1.7808811195661631
43433,ga.avg,1.7808811195661687
43433,ga.worst,1.7808811195661631
43433,ga.feasible,1.0
43433,ga.mutationRate,0.135
43433,ga.diversity,0.0
43433,ga.best,1.7808811195661631
43433,ga.avg,1.7808811195661687
43433,ga.worst,1.7808811195661631
43433,ga.feasible,1.0
43433,ga.mutationRate,0.135
43433,ga.diversity,0.0
43433,ga.best,1.7808811195661631
43433,ga.avg,1.7808811195661687
43433,ga.worst,1.7808811195661631
43433,ga.feasible,1.0
43433,ga.mutationRate,0.135
43433,ga.diversity,0.0
43433,pedido_asignado,8.0
43433,ga.best,3.2489536578720917
43433,ga.avg,23.327520441072043
43433,ga.worst,119.71527775936772
43433,ga.feasible,1.0
43433,ga.mutationRate,0.06
43433,ga.diversity,0.3132317368166589
43433,ga.best,3.2489536578720917
43433,ga.avg,11.51308082502502
43433,ga.worst,44.171003692286924
43433,ga.feasible,1.0
43433,ga.mutationRate,0.06
43433,ga.diversity,0.30806379155436275
43433,ga.best,3.2489536578720917
43433,ga.avg,6.139605440349397
43433,ga.worst,30.313474745119553
43433,ga.feasible,1.0
43433,ga.mutationRate,0.06
43433,ga.diversity,0.32292976939203966
43433,ga.best,3.2489536578720917
43433,ga.avg,4.521358802582788
43433,ga.worst,19.028811508207415
43433,ga.feasible,1.0
43433,ga.mutationRate,0.06
43433,ga.diversity,0.24965932914045974
43433,ga.best,3.2489536578720917
43433,ga.avg,4.042638486663532
43433,ga.worst,4.553141790206227
43433,ga.feasible,1.0
43433,ga.mutationRate,0.06
43433,ga.diversity,0.370440251572327
43433,ga.best,3.2489536578720917
43433,ga.avg,3.671891050478623
43433,ga.worst,4.553141790206227
43433,ga.feasible,1.0
43433,ga.mutationRate,0.06
43433,ga.diversity,0.3505503144654088
43433,ga.best,3.2489536578720917
43433,ga.avg,3.3863377686353067
43433,ga.worst,4.553141790206227
43433,ga.feasible,1.0
43433,ga.mutationRate,0.06
43433,ga.diversity,0.18875786163522013
43433,ga.best,3.2489536578720917
43433,ga.avg,3.2551325717162185
43433,ga.worst,4.23757987293168
43433,ga.feasible,1.0
43433,ga.mutationRate,0.06
43433,ga.diversity,0.0125
43433,ga.best,3.2489536578720917
43433,ga.avg,3.2489536578720966
43433,ga.worst,3.2489536578720917
43433,ga.feasible,1.0
43433,ga.mutationRate,0.06
43433,ga.diversity,0.0
43433,ga.best,3.2489536578720917
43433,ga.avg,3.2489536578720966
43433,ga.worst,3.2489536578720917
43433,ga.feasible,1.0
43433,ga.mutationRate,0.06
43433,ga.diversity,0.0
43433,ga.best,3.2489536578720917
43433,ga.avg,3.2489536578720966
43433,ga.worst,3.2489536578720917
43433,ga.feasible,1.0
43433,ga.mutationRate,0.09
43433,ga.diversity,0.0
43433,ga.best,3.2489536578720917
43433,ga.avg,3.2489536578720966
43433,ga.worst,3.2489536578720917
43433,ga.feasible,1.0
43433,ga.mutationRate,0.09
43433,ga.diversity,0.0
43433,ga.best,3.2489536578720917
43433,ga.avg,3.2489536578720966
43433,ga.worst,3.2489536578720917
43433,ga.feasible,1.0
43433,ga.mutationRate,0.09
43433,ga.diversity,0.0
43433,ga.best,3.2489536578720917
43433,ga.avg,3.2489536578720966
43433,ga.worst,3.2489536578720917
43433,ga.feasible,1.0
43433,ga.mutationRate,0.09
43433,ga.diversity,0.0
43433,ga.best,3.2489536578720917
43433,ga.avg,3.2489536578720966
43433,ga.worst,3.2489536578720917
43433,ga.feasible,1.0
43433,ga.mutationRate,0.09
43433,ga.diversity,0.0
43433,ga.best,3.2489536578720917
43433,ga.avg,3.2489536578720966
43433,ga.worst,3.2489536578720917
43433,ga.feasible,1.0
43433,ga.mutationRate,0.09
43433,ga.diversity,0.0
43433,ga.best,3.2489536578720917
43433,ga.avg,3.2489536578720966
43433,ga.worst,3.2489536578720917
43433,ga.feasible,1.0
43433,ga.mutationRate,0.09
43433,ga.diversity,0.0
43433,ga.best,3.2489536578720917
43433,ga.avg,3.2489536578720966
43433,ga.worst,3.2489536578720917
43433,ga.feasible,1.0
43433,ga.mutationRate,0.09
43433,ga.diversity,0.0
43433,ga.best,3.2489536578720917
43433,ga.avg,3.2489536578720966
43433,ga.worst,3.2489536578720917
43433,ga.feasible,1.0
43433,ga.mutationRate,0.09
43433,ga.diversity,0.0
43433,ga.best,3.2489536578720917
43433,ga.avg,3.2489536578720966
43433,ga.worst,3.2489536578720917
43433,ga.feasible,1.0
43433,ga.mutationRate,0.09
43433,ga.diversity,0.0
43433,ga.best,3.2489536578720917
43433,ga.avg,3.406510210886735
43433,ga.worst,27.15381400787991
43433,ga.feasible,1.0
43433,ga.mutationRate,0.135
43433,ga.diversity,0.016640461215933
43433,ga.best,3.2489536578720917
43433,ga.avg,3.2489536578720966
43433,ga.worst,3.2489536578720917
43433,ga.feasible,1.0
43433,ga.mutationRate,0.135
43433,ga.diversity,0.0
43433,ga.best,3.2489536578720917
43433,ga.avg,3.2489536578720966
43433,ga.worst,3.2489536578720917
43433,ga.feasible,1.0
43433,ga.mutationRate,0.135
43433,ga.diversity,0.0
43433,ga.best,3.2489536578720917
43433,ga.avg,3.2489536578720966
43433,ga.worst,3.2489536578720917
43433,ga.feasible,1.0
43433,ga.mutationRate,0.135
43433,ga.diversity,0.0
43433,ga.best,3.2489536578720917
43433,ga.avg,3.2489536578720966
43433,ga.worst,3.2489536578720917
43433,ga.feasible,1.0
43433,ga.mutationRate,0.135
43433,ga.diversity,0.0
43821,pedido_asignado,197.0
43821,ga.best,1.3455123365355863
43821,ga.avg,22.613987634245873
43821,ga.worst,107.09930413629945
43821,ga.feasible,1.0
43821,ga.mutationRate,0.06
43821,ga.diversity,0.33091588050315474
43821,ga.best,1.3455123365355863
43821,ga.avg,9.714854973099778
43821,ga.worst,72.81178036704885
43821,ga.feasible,1.0
43821,ga.mutationRate,0.06
43821,ga.diversity,0.2782232704402516
43821,ga.best,1.3455123365355863
43821,ga.avg,4.102286822224242
43821,ga.worst,33.43541639836625
43821,ga.feasible,1.0
43821,ga.mutationRate,0.06
43821,ga.diversity,0.22075471698113208
43821,ga.best,1.3455123365355863
43821,ga.avg,1.5246195946056826
43821,ga.worst,21.64692611108864
43821,ga.feasible,1.0
43821,ga.mutationRate,0.06
43821,ga.diversity,0.024921383647798744
43821,ga.best,1.3455123365355863
43821,ga.avg,1.3455123365355897
43821,ga.worst,1.3455123365355863
43821,ga.feasible,1.0
43821,ga.mutationRate,0.06
43821,ga.diversity,0.0
43821,ga.best,1.3455123365355863
43821,ga.avg,1.3455123365355897
43821,ga.worst,1.3455123365355863
43821,ga.feasible,1.0
43821,ga.mutationRate,0.06
43821,ga.diversity,0.0
43821,ga.best,1.3455123365355863
43821,ga.avg,1.3455123365355897
43821,ga.worst,1.3455123365355863
43821,ga.feasible,1.0
43821,ga.mutationRate,0.06
43821,ga.diversity,0.0
43821,ga.best,1.3455123365355863
43821,ga.avg,1.3455123365355897
43821,ga.worst,1.3455123365355863
43821,ga.feasible,1.0
43821,ga.mutationRate,0.06
43821,ga.diversity,0.0
43821,ga.best,1.3455123365355863
43821,ga.avg,1.3455123365355897
43821,ga.worst,1.3455123365355863
43821,ga.feasible,1.0
43821,ga.mutationRate,0.06
43821,ga.diversity,0.0
43821,ga.best,1.3455123365355863
43821,ga.avg,1.3455123365355897
43821,ga.worst,1.3455123365355863
43821,ga.feasible,1.0
43821,ga.mutationRate,0.06
43821,ga.diversity,0.0
43821,ga.best,1.3455123365355863
43821,ga.avg,1.3455123365355897
43821,ga.worst,1.3455123365355863
43821,ga.feasible,1.0
43821,ga.mutationRate,0.09
43821,ga.diversity,0.0
43821,ga.best,1.3455123365355863
43821,ga.avg,1.3455123365355897
43821,ga.worst,1.3455123365355863
43821,ga.feasible,1.0
43821,ga.mutationRate,0.09
43821,ga.diversity,0.0
43821,ga.best,1.3455123365355863
43821,ga.avg,1.3455123365355897
43821,ga.worst,1.3455123365355863
43821,ga.feasible,1.0
43821,ga.mutationRate,0.09
43821,ga.diversity,0.0
43821,ga.best,1.3455123365355863
43821,ga.avg,1.3455123365355897
43821,ga.worst,1.3455123365355863
43821,ga.feasible,1.0
43821,ga.mutationRate,0.09
43821,ga.diversity,0.0
43821,ga.best,1.3455123365355863
43821,ga.avg,1.3455123365355897
43821,ga.worst,1.3455123365355863
43821,ga.feasible,1.0
43821,ga.mutationRate,0.09
43821,ga.diversity,0.0
43821,ga.best,1.3455123365355863
43821,ga.avg,1.3455123365355897
43821,ga.worst,1.3455123365355863
43821,ga.feasible,1.0
43821,ga.mutationRate,0.09
43821,ga.diversity,0.0
43821,ga.best,1.3455123365355863
43821,ga.avg,1.3455123365355897
43821,ga.worst,1.3455123365355863
43821,ga.feasible,1.0
43821,ga.mutationRate,0.09
43821,ga.diversity,0.0
43821,ga.best,1.3455123365355863
43821,ga.avg,1.3455123365355897
43821,ga.worst,1.3455123365355863
43821,ga.feasible,1.0
43821,ga.mutationRate,0.09
43821,ga.diversity,0.0
43821,ga.best,1.3455123365355863
43821,ga.avg,1.3455123365355897
43821,ga.worst,1.3455123365355863
43821,ga.feasible,1.0
43821,ga.mutationRate,0.09
43821,ga.diversity,0.0
43821,ga.best,1.3455123365355863
43821,ga.avg,1.3455123365355897
43821,ga.worst,1.3455123365355863
43821,ga.feasible,1.0
43821,ga.mutationRate,0.09
43821,ga.diversity,0.0
43821,ga.best,1.3455123365355863
43821,ga.avg,1.3455123365355897
43821,ga.worst,1.3455123365355863
43821,ga.feasible,1.0
43821,ga.mutationRate,0.135
43821,ga.diversity,0.0
43821,ga.best,1.3455123365355863
43821,ga.avg,1.3455123365355897
43821,ga.worst,1.3455123365355863
43821,ga.feasible,1.0
43821,ga.mutationRate,0.135
43821,ga.diversity,0.0
43821,ga.best,1.3455123365355863
43821,ga.avg,1.3455123365355897
43821,ga.worst,1.3455123365355863
43821,ga.feasible,1.0
43821,ga.mutationRate,0.135
43821,ga.diversity,0.0
43821,ga.best,1.3455123365355863
43821,ga.avg,1.3455123365355897
43821,ga.worst,1.3455123365355863
43821,ga.feasible,1.0
43821,ga.mutationRate,0.135
43821,ga.diversity,0.0
43821,ga.best,1.3455123365355863
43821,ga.avg,4.254160590237205
43821,ga.worst,35.73363488553034
43821,ga.feasible,1.0
43821,ga.mutationRate,0.135
43821,ga.diversity,0.15968553459119103
43947,pedido_asignado,25.0
43947,ga.best,1.2041484003014757
43947,ga.avg,20.756760247675714
43947,ga.worst,78.49076717682085
43947,ga.feasible,1.0
43947,ga.mutationRate,0.06
43947,ga.diversity,0.46733490566037733
43947,ga.best,1.2041484003014757
43947,ga.avg,9.49406750200011
43947,ga.worst,49.99787176729619
43947,ga.feasible,1.0
43947,ga.mutationRate,0.06
43947,ga.diversity,0.35345911949684855
43947,ga.best,1.2041484003014757
43947,ga.avg,2.972854518874834
43947,ga.worst,29.592772083403485
43947,ga.feasible,1.0
43947,ga.mutationRate,0.06
43947,ga.diversity,0.18608490566037736
43947,ga.best,1.2041484003014757
43947,ga.avg,1.480602012435657
43947,ga.worst,14.237488856671158
43947,ga.feasible,1.0
43947,ga.mutationRate,0.06
43947,ga.diversity,0.11346960167714419
43947,ga.best,1.2041484003014757
43947,ga.avg,1.3031031556653558
43947,ga.worst,1.3455123365355863
43947,ga.feasible,1.0
43947,ga.mutationRate,0.06
43947,ga.diversity,0.4226415094339623
43947,ga.best,1.2041484003014757
43947,ga.avg,1.2633445485995116
43947,ga.worst,1.3455123365355863
43947,ga.feasible,1.0
43947,ga.mutationRate,0.06
43947,ga.diversity,0.48985849056603775
43947,ga.best,1.2041484003014757
43947,ga.avg,1.2333047121497624
43947,ga.worst,1.3455123365355863
43947,ga.feasible,1.0
43947,ga.mutationRate,0.06
43947,ga.diversity,0.3294811320754717
43947,ga.best,1.2041484003014757
43947,ga.avg,1.2103330725117194
43947,ga.worst,1.3455123365355863
43947,ga.feasible,1.0
43947,ga.mutationRate,0.06
43947,ga.diversity,0.08419811320754716
43947,ga.best,1.2041484003014757
43947,ga.avg,1.204148400301477
43947,ga.worst,1.2041484003014757
43947,ga.feasible,1.0
43947,ga.mutationRate,0.06
43947,ga.diversity,0.0
43947,ga.best,1.2041484003014757
43947,ga.avg,1.204148400301477
43947,ga.worst,1.2041484003014757
43947,ga.feasible,1.0
43947,ga.mutationRate,0.06
43947,ga.diversity,0.0
43947,ga.best,1.2041484003014757
43947,ga.avg,1.2050319249029404
43947,ga.worst,1.3455123365355863
43947,ga.feasible,1.0
43947,ga.mutationRate,0.09
43947,ga.diversity,0.0125
43947,ga.best,1.2041484003014757
43947,ga.avg,1.204148400301477
43947,ga.worst,1.2041484003014757
43947,ga.feasible,1.0
43947,ga.mutationRate,0.09
43947,ga.diversity,0.0
43947,ga.best,1.2041484003014757
43947,ga.avg,1.204148400301477
43947,ga.worst,1.2041484003014757
43947,ga.feasible,1.0
43947,ga.mutationRate,0.09
43947,ga.diversity,0.0
43947,ga.best,1.2041484003014757
43947,ga.avg,1.204148400301477
43947,ga.worst,1.2041484003014757
43947,ga.feasible,1.0
43947,ga.mutationRate,0.09
43947,ga.diversity,0.0
43947,ga.best,1.2041484003014757
43947,ga.avg,1.204148400301477
43947,ga.worst,1.2041484003014757
43947,ga.feasible,1.0
43947,ga.mutationRate,0.09
43947,ga.diversity,0.0
43947,ga.best,1.2041484003014757
43947,ga.avg,1.204148400301477
43947,ga.worst,1.2041484003014757
43947,ga.feasible,1.0
43947,ga.mutationRate,0.09
43947,ga.diversity,0.0
43947,ga.best,1.2041484003014757
43947,ga.avg,1.204148400301477
43947,ga.worst,1.2041484003014757
43947,ga.feasible,1.0
43947,ga.mutationRate,0.09
43947,ga.diversity,0.0
43947,ga.best,1.2041484003014757
43947,ga.avg,1.204148400301477
43947,ga.worst,1.2041484003014757
43947,ga.feasible,1.0
43947,ga.mutationRate,0.09
43947,ga.diversity,0.0
43947,ga.best,1.2041484003014757
43947,ga.avg,1.204148400301477
43947,ga.worst,1.2041484003014757
43947,ga.feasible,1.0
43947,ga.mutationRate,0.09
43947,ga.diversity,0.0
43947,ga.best,1.2041484003014757
43947,ga.avg,1.204148400301477
43947,ga.worst,1.2041484003014757
43947,ga.feasible,1.0
43947,ga.mutationRate,0.09
43947,ga.diversity,0.0
43947,ga.best,1.2041484003014757
43947,ga.avg,1.204148400301477
43947,ga.worst,1.2041484003014757
43947,ga.feasible,1.0
43947,ga.mutationRate,0.135
43947,ga.diversity,0.0
43947,ga.best,1.2041484003014757
43947,ga.avg,1.204148400301477
43947,ga.worst,1.2041484003014757
43947,ga.feasible,1.0
43947,ga.mutationRate,0.135
43947,ga.diversity,0.0
43947,ga.best,1.2041484003014757
43947,ga.avg,1.204148400301477
43947,ga.worst,1.2041484003014757
43947,ga.feasible,1.0
43947,ga.mutationRate,0.135
43947,ga.diversity,0.0
43947,ga.best,1.2041484003014757
43947,ga.avg,1.204148400301477
43947,ga.worst,1.2041484003014757
43947,ga.feasible,1.0
43947,ga.mutationRate,0.135
43947,ga.diversity,0.0
43947,ga.best,1.2041484003014757
43947,ga.avg,1.204148400301477
43947,ga.worst,1.2041484003014757
43947,ga.feasible,1.0
43947,ga.mutationRate,0.135
43947,ga.diversity,0.0
43947,pedido_asignado,173.0
43947,ga.best,1.3857792316023456
43947,ga.avg,23.003904151480103
43947,ga.worst,91.7271549122411
43947,ga.feasible,1.0
43947,ga.mutationRate,0.06
43947,ga.diversity,0.45793151642208163
43947,ga.best,1.3857792316023456
43947,ga.avg,9.868189996384755
43947,ga.worst,49.645768062504494
43947,ga.feasible,1.0
43947,ga.mutationRate,0.06
43947,ga.diversity,0.3324292452830243
43947,ga.best,1.3857792316023456
43947,ga.avg,3.5354047797974095
43947,ga.worst,31.261411807522208
43947,ga.feasible,1.0
43947,ga.mutationRate,0.06
43947,ga.diversity,0.1781446540880503
43947,ga.best,1.3857792316023456
43947,ga.avg,1.641283608614631
43947,ga.worst,16.674807260804435
43947,ga.feasible,1.0
43947,ga.mutationRate,0.06
43947,ga.diversity,0.030974842767295598
43947,ga.best,1.3857792316023456
43947,ga.avg,1.3857792316023487
43947,ga.worst,1.3857792316023456
43947,ga.feasible,1.0
43947,ga.mutationRate,0.06
43947,ga.diversity,0.0
43947,ga.best,1.3857792316023456
43947,ga.avg,1.3857792316023487
43947,ga.worst,1.3857792316023456
43947,ga.feasible,1.0
43947,ga.mutationRate,0.06
43947,ga.diversity,0.0
43947,ga.best,1.3857792316023456
43947,ga.avg,1.3857792316023487
43947,ga.worst,1.3857792316023456
43947,ga.feasible,1.0
43947,ga.mutationRate,0.06
43947,ga.diversity,0.0
43947,ga.best,1.3857792316023456
43947,ga.avg,1.3857792316023487
43947,ga.worst,1.3857792316023456
43947,ga.feasible,1.0
43947,ga.mutationRate,0.06
43947,ga.diversity,0.0
43947,ga.best,1.3857792316023456
43947,ga.avg,1.3857792316023487
43947,ga.worst,1.3857792316023456
43947,ga.feasible,1.0
43947,ga.mutationRate,0.06
43947,ga.diversity,0.0
43947,ga.best,1.3857792316023456
43947,ga.avg,1.3857792316023487
43947,ga.worst,1.3857792316023456
43947,ga.feasible,1.0
43947,ga.mutationRate,0.06
43947,ga.diversity,0.0
43947,ga.best,1.3857792316023456
43947,ga.avg,1.3857792316023487
43947,ga.worst,1.3857792316023456
43947,ga.feasible,1.0
43947,ga.mutationRate,0.09
43947,ga.diversity,0.0
43947,ga.best,1.3857792316023456
43947,ga.avg,1.3857792316023487
43947,ga.worst,1.3857792316023456
43947,ga.feasible,1.0
43947,ga.mutationRate,0.09
43947,ga.diversity,0.0
43947,ga.best,1.3857792316023456
43947,ga.avg,1.3857792316023487
43947,ga.worst,1.3857792316023456
43947,ga.feasible,1.0
43947,ga.mutationRate,0.09
43947,ga.diversity,0.0
43947,ga.best,1.3857792316023456
43947,ga.avg,1.3857792316023487
43947,ga.worst,1.3857792316023456
43947,ga.feasible,1.0
43947,ga.mutationRate,0.09
43947,ga.diversity,0.0
43947,ga.best,1.3857792316023456
43947,ga.avg,1.3857792316023487
43947,ga.worst,1.3857792316023456
43947,ga.feasible,1.0
43947,ga.mutationRate,0.09
43947,ga.diversity,0.0
43947,ga.best,1.3857792316023456
43947,ga.avg,1.3857792316023487
43947,ga.worst,1.3857792316023456
43947,ga.feasible,1.0
43947,ga.mutationRate,0.09
43947,ga.diversity,0.0
43947,ga.best,1.3857792316023456
43947,ga.avg,1.3857792316023487
43947,ga.worst,1.3857792316023456
43947,ga.feasible,1.0
43947,ga.mutationRate,0.09
43947,ga.diversity,0.0
43947,ga.best,1.3857792316023456
43947,ga.avg,1.3857792316023487
43947,ga.worst,1.3857792316023456
43947,ga.feasible,1.0
43947,ga.mutationRate,0.09
43947,ga.diversity,0.0
43947,ga.best,1.3857792316023456
43947,ga.avg,1.3857792316023487
43947,ga.worst,1.3857792316023456
43947,ga.feasible,1.0
43947,ga.mutationRate,0.09
43947,ga.diversity,0.0
43947,ga.best,1.3857792316023456
43947,ga.avg,1.3857792316023487
43947,ga.worst,1.3857792316023456
43947,ga.feasible,1.0
43947,ga.mutationRate,0.09
43947,ga.diversity,0.0
43947,ga.best,1.3857792316023456
43947,ga.avg,1.5638088540561883
43947,ga.worst,29.870518824216447
43947,ga.feasible,1.0
43947,ga.mutationRate,0.135
43947,ga.diversity,0.0125
43947,ga.best,1.3857792316023456
43947,ga.avg,1.3857792316023487
43947,ga.worst,1.3857792316023456
43947,ga.feasible,1.0
43947,ga.mutationRate,0.135
43947,ga.diversity,0.0
43947,ga.best,1.3857792316023456
43947,ga.avg,1.3857792316023487
43947,ga.worst,1.3857792316023456
43947,ga.feasible,1.0
43947,ga.mutationRate,0.135
43947,ga.diversity,0.0
43947,ga.best,1.3857792316023456
43947,ga.avg,1.3857792316023487
43947,ga.worst,1.3857792316023456
43947,ga.feasible,1.0
43947,ga.mutationRate,0.135
43947,ga.diversity,0.0
43947,ga.best,1.3857792316023456
43947,ga.avg,1.3857792316023487
43947,ga.worst,1.3857792316023456
43947,ga.feasible,1.0
43947,ga.mutationRate,0.135
43947,ga.diversity,0.0
43947,pedido_asignado,115.0
43947,ga.best,1.3455123365355863
43947,ga.avg,20.72246374933914
43947,ga.worst,85.4683249801211
43947,ga.feasible,1.0
43947,ga.mutationRate,0.06
43947,ga.diversity,0.41918238993709384
43947,ga.best,1.3455123365355863
43947,ga.avg,9.637227243708065
43947,ga.worst,49.16281664895656
43947,ga.feasible,1.0
43947,ga.mutationRate,0.06
43947,ga.diversity,0.3478773584905554
43947,ga.best,1.3455123365355863
43947,ga.avg,3.617913886178504
43947,ga.worst,34.9028451165399
43947,ga.feasible,1.0
43947,ga.mutationRate,0.06
43947,ga.diversity,0.15306603773585073
43947,ga.best,1.3455123365355863
43947,ga.avg,1.575488753560169
43947,ga.worst,14.30615671074493
43947,ga.feasible,1.0
43947,ga.mutationRate,0.06
43947,ga.diversity,0.029035639412997822
43947,ga.best,1.3455123365355863
43947,ga.avg,1.3455123365355897
43947,ga.worst,1.3455123365355863
43947,ga.feasible,1.0
43947,ga.mutationRate,0.06
43947,ga.diversity,0.0
43947,ga.best,1.3455123365355863
43947,ga.avg,1.3455123365355897
43947,ga.worst,1.3455123365355863
43947,ga.feasible,1.0
43947,ga.mutationRate,0.06
43947,ga.diversity,0.0
43947,ga.best,1.3455123365355863
43947,ga.avg,1.3455123365355897
43947,ga.worst,1.3455123365355863
43947,ga.feasible,1.0
43947,ga.mutationRate,0.06
43947,ga.diversity,0.0
43947,ga.best,1.3455123365355863
43947,ga.avg,1.3455123365355897
43947,ga.worst,1.3455123365355863
43947,ga.feasible,1.0
43947,ga.mutationRate,0.06
43947,ga.diversity,0.0
43947,ga.best,1.3455123365355863
43947,ga.avg,1.3455123365355897
43947,ga.worst,1.3455123365355863
43947,ga.feasible,1.0
43947,ga.mutationRate,0.06
43947,ga.diversity,0.0
43947,ga.best,1.3455123365355863
43947,ga.avg,1.3455123365355897
43947,ga.worst,1.3455123365355863
43947,ga.feasible,1.0
43947,ga.mutationRate,0.06
43947,ga.diversity,0.0
43947,ga.best,1.3455123365355863
43947,ga.avg,1.3455123365355897
43947,ga.worst,1.3455123365355863
43947,ga.feasible,1.0
43947,ga.mutationRate,0.09
43947,ga.diversity,0.0
43947,ga.best,1.3455123365355863
43947,ga.avg,1.3455123365355897
43947,ga.worst,1.3455123365355863
43947,ga.feasible,1.0
43947,ga.mutationRate,0.09
43947,ga.diversity,0.0
43947,ga.best,1.3455123365355863
43947,ga.avg,1.3455123365355897
43947,ga.worst,1.3455123365355863
43947,ga.feasible,1.0
43947,ga.mutationRate,0.09
43947,ga.diversity,0.0
43947,ga.best,1.3455123365355863
43947,ga.avg,1.3455123365355897
43947,ga.worst,1.3455123365355863
43947,ga.feasible,1.0
43947,ga.mutationRate,0.09
43947,ga.diversity,0.0
43947,ga.best,1.3455123365355863
43947,ga.avg,1.3455123365355897
43947,ga.worst,1.3455123365355863
43947,ga.feasible,1.0
43947,ga.mutationRate,0.09
43947,ga.diversity,0.0
43947,ga.best,1.3455123365355863
43947,ga.avg,1.3455123365355897
43947,ga.worst,1.3455123365355863
43947,ga.feasible,1.0
43947,ga.mutationRate,0.09
43947,ga.diversity,0.0
43947,ga.best,1.3455123365355863
43947,ga.avg,1.3455123365355897
43947,ga.worst,1.3455123365355863
43947,ga.feasible,1.0
43947,ga.mutationRate,0.09
43947,ga.diversity,0.0
43947,ga.best,1.3455123365355863
43947,ga.avg,1.3455123365355897
43947,ga.worst,1.3455123365355863
43947,ga.feasible,1.0
43947,ga.mutationRate,0.09
43947,ga.diversity,0.0
43947,ga.best,1.3455123365355863
43947,ga.avg,1.3455123365355897
43947,ga.worst,1.3455123365355863
43947,ga.feasible,1.0
43947,ga.mutationRate,0.09
43947,ga.diversity,0.0
43947,ga.best,1.3455123365355863
43947,ga.avg,1.3455123365355897
43947,ga.worst,1.3455123365355863
43947,ga.feasible,1.0
43947,ga.mutationRate,0.09
43947,ga.diversity,0.0
43947,ga.best,1.3455123365355863
43947,ga.avg,1.3455123365355897
43947,ga.worst,1.3455123365355863
43947,ga.feasible,1.0
43947,ga.mutationRate,0.135
43947,ga.diversity,0.0
43947,ga.best,1.3455123365355863
43947,ga.avg,1.3455123365355897
43947,ga.worst,1.3455123365355863
43947,ga.feasible,1.0
43947,ga.mutationRate,0.135
43947,ga.diversity,0.0
43947,ga.best,1.3455123365355863
43947,ga.avg,1.3455123365355897
43947,ga.worst,1.3455123365355863
43947,ga.feasible,1.0
43947,ga.mutationRate,0.135
43947,ga.diversity,0.0
43947,ga.best,1.3455123365355863
43947,ga.avg,1.3455123365355897
43947,ga.worst,1.3455123365355863
43947,ga.feasible,1.0
43947,ga.mutationRate,0.135
43947,ga.diversity,0.0
43947,ga.best,1.3455123365355863
43947,ga.avg,3.0306810561269057
43947,ga.worst,50.75346086223742
43947,ga.feasible,1.0
43947,ga.mutationRate,0.135
43947,ga.diversity,0.11768867924528344
43947,pedido_asignado,84.0
43947,ga.best,1.4763137884174622
43947,ga.avg,20.376729328460858
43947,ga.worst,79.55059456046209
43947,ga.feasible,1.0
43947,ga.mutationRate,0.06
43947,ga.diversity,0.4078791055206065
43947,ga.best,1.4763137884174622
43947,ga.avg,10.451644305069212
43947,ga.worst,51.4516871143797
43947,ga.feasible,1.0
43947,ga.mutationRate,0.06
43947,ga.diversity,0.3562368972746352
43947,ga.best,1.4763137884174622
43947,ga.avg,3.9208616568241688
43947,ga.worst,32.70187858062141
43947,ga.feasible,1.0
43947,ga.mutationRate,0.06
43947,ga.diversity,0.19103773584905662
43947,ga.best,1.4763137884174622
43947,ga.avg,1.838675620370076
43947,ga.worst,16.572149964516832
43947,ga.feasible,1.0
43947,ga.mutationRate,0.06
43947,ga.diversity,0.06124213836477892
43947,ga.best,1.4763137884174622
43947,ga.avg,1.4763137884174586
43947,ga.worst,1.4763137884174622
43947,ga.feasible,1.0
43947,ga.mutationRate,0.06
43947,ga.diversity,0.0
43947,ga.best,1.4763137884174622
43947,ga.avg,1.4763137884174586
43947,ga.worst,1.4763137884174622
43947,ga.feasible,1.0
43947,ga.mutationRate,0.06
43947,ga.diversity,0.0
43947,ga.best,1.4763137884174622
43947,ga.avg,1.4763137884174586
43947,ga.worst,1.4763137884174622
43947,ga.feasible,1.0
43947,ga.mutationRate,0.06
43947,ga.diversity,0.0
43947,ga.best,1.4763137884174622
43947,ga.avg,1.4763137884174586
43947,ga.worst,1.4763137884174622
43947,ga.feasible,1.0
43947,ga.mutationRate,0.06
43947,ga.diversity,0.0
43947,ga.best,1.4763137884174622
43947,ga.avg,1.4763137884174586
43947,ga.worst,1.4763137884174622
43947,ga.feasible,1.0
43947,ga.mutationRate,0.06
43947,ga.diversity,0.0
43947,ga.best,1.4763137884174622
43947,ga.avg,1.4763137884174586
43947,ga.worst,1.4763137884174622
43947,ga.feasible,1.0
43947,ga.mutationRate,0.06
43947,ga.diversity,0.0
43947,ga.best,1.4763137884174622
43947,ga.avg,1.4763137884174586
43947,ga.worst,1.4763137884174622
43947,ga.feasible,1.0
43947,ga.mutationRate,0.09
43947,ga.diversity,0.0
43947,ga.best,1.4763137884174622
43947,ga.avg,1.4763137884174586
43947,ga.worst,1.4763137884174622
43947,ga.feasible,1.0
43947,ga.mutationRate,0.09
43947,ga.diversity,0.0
43947,ga.best,1.4763137884174622
43947,ga.avg,1.4763137884174586
43947,ga.worst,1.4763137884174622
43947,ga.feasible,1.0
43947,ga.mutationRate,0.09
43947,ga.diversity,0.0
43947,ga.best,1.4763137884174622
43947,ga.avg,1.4763137884174586
43947,ga.worst,1.4763137884174622
43947,ga.feasible,1.0
43947,ga.mutationRate,0.09
43947,ga.diversity,0.0
43947,ga.best,1.4763137884174622
43947,ga.avg,1.4763137884174586
43947,ga.worst,1.4763137884174622
43947,ga.feasible,1.0
43947,ga.mutationRate,0.09
43947,ga.diversity,0.0
43947,ga.best,1.4763137884174622
43947,ga.avg,1.4763137884174586
43947,ga.worst,1.4763137884174622
43947,ga.feasible,1.0
43947,ga.mutationRate,0.09
43947,ga.diversity,0.0
43947,ga.best,1.4763137884174622
43947,ga.avg,1.4763137884174586
43947,ga.worst,1.4763137884174622
43947,ga.feasible,1.0
43947,ga.mutationRate,0.09
43947,ga.diversity,0.0
43947,ga.best,1.4763137884174622
43947,ga.avg,1.4763137884174586
43947,ga.worst,1.4763137884174622
43947,ga.feasible,1.0
43947,ga.mutationRate,0.09
43947,ga.diversity,0.0
43947,ga.best,1.4763137884174622
43947,ga.avg,1.4763137884174586
43947,ga.worst,1.4763137884174622
43947,ga.feasible,1.0
43947,ga.mutationRate,0.09
43947,ga.diversity,0.0
43947,ga.best,1.4763137884174622
43947,ga.avg,1.4763137884174586
43947,ga.worst,1.4763137884174622
43947,ga.feasible,1.0
43947,ga.mutationRate,0.09
43947,ga.diversity,0.0
43947,ga.best,1.4763137884174622
43947,ga.avg,1.4763137884174586
43947,ga.worst,1.4763137884174622
43947,ga.feasible,1.0
43947,ga.mutationRate,0.135
43947,ga.diversity,0.0
43947,ga.best,1.4763137884174622
43947,ga.avg,1.4763137884174586
43947,ga.worst,1.4763137884174622
43947,ga.feasible,1.0
43947,ga.mutationRate,0.135
43947,ga.diversity,0.0
43947,ga.best,1.4763137884174622
43947,ga.avg,1.4763137884174586
43947,ga.worst,1.4763137884174622
43947,ga.feasible,1.0
43947,ga.mutationRate,0.135
43947,ga.diversity,0.0
43947,ga.best,1.4763137884174622
43947,ga.avg,1.4763137884174586
43947,ga.worst,1.4763137884174622
43947,ga.feasible,1.0
43947,ga.mutationRate,0.135
43947,ga.diversity,0.0
43947,ga.best,1.4763137884174622
43947,ga.avg,4.721349713613385
43947,ga.worst,57.75200739536575
43947,ga.feasible,1.0
43947,ga.mutationRate,0.135
43947,ga.diversity,0.14033018867924443
44573,pedido_asignado,152.0
44573,ga.best,1.6529883255707094
44573,ga.avg,22.167755728558884
44573,ga.worst,82.91434652249993
44573,ga.feasible,1.0
44573,ga.mutationRate,0.06
44573,ga.diversity,0.42619671558350036
44573,ga.best,1.6529883255707094
44573,ga.avg,8.581388915497437
44573,ga.worst,45.856630675381
44573,ga.feasible,1.0
44573,ga.mutationRate,0.06
44573,ga.diversity,0.3284984276729635
44573,ga.best,1.6529883255707094
44573,ga.avg,3.722118288079924
44573,ga.worst,41.196109208005055
44573,ga.feasible,1.0
44573,ga.mutationRate,0.06
44573,ga.diversity,0.14847484276728828
44573,ga.best,1.6529883255707094
44573,ga.avg,1.8334033707976747
44573,ga.worst,16.13285200600193
44573,ga.feasible,1.0
44573,ga.mutationRate,0.06
44573,ga.diversity,0.0199528301886792
44573,ga.best,1.6529883255707094
44573,ga.avg,1.6529883255707059
44573,ga.worst,1.6529883255707094
44573,ga.feasible,1.0
44573,ga.mutationRate,0.06
44573,ga.diversity,0.0
44573,ga.best,1.6529883255707094
44573,ga.avg,1.6529883255707059
44573,ga.worst,1.6529883255707094
44573,ga.feasible,1.0
44573,ga.mutationRate,0.06
44573,ga.diversity,0.0
44573,ga.best,1.6529883255707094
44573,ga.avg,1.6529883255707059
44573,ga.worst,1.6529883255707094
44573,ga.feasible,1.0
44573,ga.mutationRate,0.06
44573,ga.diversity,0.0
44573,ga.best,1.6529883255707094
44573,ga.avg,1.6529883255707059
44573,ga.worst,1.6529883255707094
44573,ga.feasible,1.0
44573,ga.mutationRate,0.06
44573,ga.diversity,0.0
44573,ga.best,1.6529883255707094
44573,ga.avg,1.6529883255707059
44573,ga.worst,1.6529883255707094
44573,ga.feasible,1.0
44573,ga.mutationRate,0.06
44573,ga.diversity,0.0
44573,ga.best,1.6529883255707094
44573,ga.avg,1.6529883255707059
44573,ga.worst,1.6529883255707094
44573,ga.feasible,1.0
44573,ga.mutationRate,0.06
44573,ga.diversity,0.0
44573,ga.best,1.6529883255707094
44573,ga.avg,1.6529883255707059
44573,ga.worst,1.6529883255707094
44573,ga.feasible,1.0
44573,ga.mutationRate,0.09
44573,ga.diversity,0.0
44573,ga.best,1.6529883255707094
44573,ga.avg,1.6529883255707059
44573,ga.worst,1.6529883255707094
44573,ga.feasible,1.0
44573,ga.mutationRate,0.09
44573,ga.diversity,0.0
44573,ga.best,1.6529883255707094
44573,ga.avg,1.6529883255707059
44573,ga.worst,1.6529883255707094
44573,ga.feasible,1.0
44573,ga.mutationRate,0.09
44573,ga.diversity,0.0
44573,ga.best,1.6529883255707094
44573,ga.avg,1.6529883255707059
44573,ga.worst,1.6529883255707094
44573,ga.feasible,1.0
44573,ga.mutationRate,0.09
44573,ga.diversity,0.0
44573,ga.best,1.6529883255707094
44573,ga.avg,1.6529883255707059
44573,ga.worst,1.6529883255707094
44573,ga.feasible,1.0
44573,ga.mutationRate,0.09
44573,ga.diversity,0.0
44573,ga.best,1.6529883255707094
44573,ga.avg,1.6529883255707059
44573,ga.worst,1.6529883255707094
44573,ga.feasible,1.0
44573,ga.mutationRate,0.09
44573,ga.diversity,0.0
44573,ga.best,1.6529883255707094
44573,ga.avg,1.6529883255707059
44573,ga.worst,1.6529883255707094
44573,ga.feasible,1.0
44573,ga.mutationRate,0.09
44573,ga.diversity,0.0
44573,ga.best,1.6529883255707094
44573,ga.avg,1.6529883255707059
44573,ga.worst,1.6529883255707094
44573,ga.feasible,1.0
44573,ga.mutationRate,0.09
44573,ga.diversity,0.0
44573,ga.best,1.6529883255707094
44573,ga.avg,1.6529883255707059
44573,ga.worst,1.6529883255707094
44573,ga.feasible,1.0
44573,ga.mutationRate,0.09
44573,ga.diversity,0.0
44573,ga.best,1.6529883255707094
44573,ga.avg,1.6529883255707059
44573,ga.worst,1.6529883255707094
44573,ga.feasible,1.0
44573,ga.mutationRate,0.09
44573,ga.diversity,0.0
44573,ga.best,1.6529883255707094
44573,ga.avg,1.6529883255707059
44573,ga.worst,1.6529883255707094
44573,ga.feasible,1.0
44573,ga.mutationRate,0.135
44573,ga.diversity,0.0
44573,ga.best,1.6529883255707094
44573,ga.avg,1.6529883255707059
44573,ga.worst,1.6529883255707094
44573,ga.feasible,1.0
44573,ga.mutationRate,0.135
44573,ga.diversity,0.0
44573,ga.best,1.6529883255707094
44573,ga.avg,1.6529883255707059
44573,ga.worst,1.6529883255707094
44573,ga.feasible,1.0
44573,ga.mutationRate,0.135
44573,ga.diversity,0.0
44573,ga.best,1.6529883255707094
44573,ga.avg,1.6529883255707059
44573,ga.worst,1.6529883255707094
44573,ga.feasible,1.0
44573,ga.mutationRate,0.135
44573,ga.diversity,0.0
44573,ga.best,1.6529883255707094
44573,ga.avg,5.663847247243135
44573,ga.worst,72.495493414183
44573,ga.feasible,1.0
44573,ga.mutationRate,0.135
44573,ga.diversity,0.15717654986522256
44573,pedido_asignado,48.0
44573,ga.best,4.2344964627565
44573,ga.avg,23.738938403776164
44573,ga.worst,96.54542132714033
44573,ga.feasible,1.0
44573,ga.mutationRate,0.06
44573,ga.diversity,0.4065408805031479
44573,ga.best,4.2344964627565
44573,ga.avg,10.549551322514544
44573,ga.worst,52.678770149122364
44573,ga.feasible,1.0
44573,ga.mutationRate,0.06
44573,ga.diversity,0.28279424977538614
44573,ga.best,4.2344964627565
44573,ga.avg,5.817503602479547
44573,ga.worst,36.40197956950101
44573,ga.feasible,1.0
44573,ga.mutationRate,0.06
44573,ga.diversity,0.1279649595687273
44573,ga.best,4.2344964627565
44573,ga.avg,4.247285775672415
44573,ga.worst,6.280786529301733
44573,ga.feasible,1.0
44573,ga.mutationRate,0.06
44573,ga.diversity,0.10738993710691824
44573,ga.best,4.2344964627565
44573,ga.avg,4.234496462756508
44573,ga.worst,4.2344964627565
44573,ga.feasible,1.0
44573,ga.mutationRate,0.06
44573,ga.diversity,0.13962264150943396
44573,ga.best,4.2344964627565
44573,ga.avg,4.234496462756508
44573,ga.worst,4.2344964627565
44573,ga.feasible,1.0
44573,ga.mutationRate,0.06
44573,ga.diversity,0.16069182389937106
44573,ga.best,4.2344964627565
44573,ga.avg,4.234496462756508
44573,ga.worst,4.2344964627565
44573,ga.feasible,1.0
44573,ga.mutationRate,0.06
44573,ga.diversity,0.2106132075471698
44573,ga.best,4.2344964627565
44573,ga.avg,4.234496462756508
44573,ga.worst,4.2344964627565
44573,ga.feasible,1.0
44573,ga.mutationRate,0.06
44573,ga.diversity,0.25660377358490566
44573,ga.best,4.2344964627565
44573,ga.avg,4.234496462756508
44573,ga.worst,4.2344964627565
44573,ga.feasible,1.0
44573,ga.mutationRate,0.06
44573,ga.diversity,0.2477201257861635
44573,ga.best,4.2344964627565
44573,ga.avg,4.234496462756508
44573,ga.worst,4.2344964627565
44573,ga.feasible,1.0
44573,ga.mutationRate,0.06
44573,ga.diversity,0.2653301886792453
44573,ga.best,4.2344964627565
44573,ga.avg,4.234496462756508
44573,ga.worst,4.2344964627565
44573,ga.feasible,1.0
44573,ga.mutationRate,0.09
44573,ga.diversity,0.19111635220125786
44573,ga.best,4.2344964627565
44573,ga.avg,4.234496462756508
44573,ga.worst,4.2344964627565
44573,ga.feasible,1.0
44573,ga.mutationRate,0.09
44573,ga.diversity,0.15023584905660378
44573,ga.best,4.2344964627565
44573,ga.avg,4.234496462756508
44573,ga.worst,4.2344964627565
44573,ga.feasible,1.0
44573,ga.mutationRate,0.09
44573,ga.diversity,0.16069182389937106
44573,ga.best,4.2344964627565
44573,ga.avg,4.234496462756508
44573,ga.worst,4.2344964627565
44573,ga.feasible,1.0
44573,ga.mutationRate,0.09
44573,ga.diversity,0.1811320754716981
44573,ga.best,4.2344964627565
44573,ga.avg,4.234496462756508
44573,ga.worst,4.2344964627565
44573,ga.feasible,1.0
44573,ga.mutationRate,0.09
44573,ga.diversity,0.1811320754716981
44573,ga.best,4.2344964627565
44573,ga.avg,4.234496462756508
44573,ga.worst,4.2344964627565
44573,ga.feasible,1.0
44573,ga.mutationRate,0.09
44573,ga.diversity,0.16069182389937106
44573,ga.best,4.2344964627565
44573,ga.avg,4.234496462756508
44573,ga.worst,4.2344964627565
44573,ga.feasible,1.0
44573,ga.mutationRate,0.09
44573,ga.diversity,0.1179245283018868
44573,ga.best,4.2344964627565
44573,ga.avg,4.234496462756508
44573,ga.worst,4.2344964627565
44573,ga.feasible,1.0
44573,ga.mutationRate,0.09
44573,ga.diversity,0.13962264150943396
44573,ga.best,4.2344964627565
44573,ga.avg,4.234496462756508
44573,ga.worst,4.2344964627565
44573,ga.feasible,1.0
44573,ga.mutationRate,0.09
44573,ga.diversity,0.12885220125786165
44573,ga.best,4.2344964627565
44573,ga.avg,4.234496462756508
44573,ga.worst,4.2344964627565
44573,ga.feasible,1.0
44573,ga.mutationRate,0.09
44573,ga.diversity,0.10683962264150944
44573,ga.best,4.2344964627565
44573,ga.avg,4.234496462756508
44573,ga.worst,4.2344964627565
44573,ga.feasible,1.0
44573,ga.mutationRate,0.135
44573,ga.diversity,0.1179245283018868
44573,ga.best,4.2344964627565
44573,ga.avg,4.234496462756508
44573,ga.worst,4.2344964627565
44573,ga.feasible,1.0
44573,ga.mutationRate,0.135
44573,ga.diversity,0.19111635220125786
44573,ga.best,4.2344964627565
44573,ga.avg,4.234496462756508
44573,ga.worst,4.2344964627565
44573,ga.feasible,1.0
44573,ga.mutationRate,0.135
44573,ga.diversity,0.22012578616352202
44573,ga.best,4.2344964627565
44573,ga.avg,4.234496462756508
44573,ga.worst,4.2344964627565
44573,ga.feasible,1.0
44573,ga.mutationRate,0.135
44573,ga.diversity,0.2106132075471698
44573,ga.best,4.2344964627565
44573,ga.avg,6.7850018571265664
44573,ga.worst,43.66697478486149
44573,ga.feasible,1.0
44573,ga.mutationRate,0.135
44573,ga.diversity,0.21742138364780023
45283,pedido_asignado,201.0
45283,ga.best,1.234461704976776
45283,ga.avg,22.889252990371777
45283,ga.worst,111.4036034595427
45283,ga.feasible,1.0
45283,ga.mutationRate,0.06
45283,ga.diversity,0.4060927672955917
45283,ga.best,1.234461704976776
45283,ga.avg,9.504394501348294
45283,ga.worst,67.94735938698994
45283,ga.feasible,1.0
45283,ga.mutationRate,0.06
45283,ga.diversity,0.2775831087151786
45283,ga.best,1.234461704976776
45283,ga.avg,3.607237910853942
45283,ga.worst,27.538631196343776
45283,ga.feasible,1.0
45283,ga.mutationRate,0.06
45283,ga.diversity,0.1683569182389937
45283,ga.best,1.234461704976776
45283,ga.avg,1.9193254961119137
45283,ga.worst,10.730973806382982
45283,ga.feasible,1.0
45283,ga.mutationRate,0.06
45283,ga.diversity,0.08848270440251572
45283,ga.best,1.234461704976776
45283,ga.avg,1.7890732822507203
45283,ga.worst,1.8869459135343531
45283,ga.feasible,1.0
45283,ga.mutationRate,0.06
45283,ga.diversity,0.25660377358490566
45283,ga.best,1.234461704976776
45283,ga.avg,1.695278677270568
45283,ga.worst,1.8869459135343531
45283,ga.feasible,1.0
45283,ga.mutationRate,0.06
45283,ga.diversity,0.4175314465408805
45283,ga.best,1.234461704976776
45283,ga.avg,1.548469730345113
45283,ga.worst,1.8869459135343531
45283,ga.feasible,1.0
45283,ga.mutationRate,0.06
45283,ga.diversity,0.502437106918239
45283,ga.best,1.234461704976776
45283,ga.avg,1.369036572991779
45283,ga.worst,1.8869459135343531
45283,ga.feasible,1.0
45283,ga.mutationRate,0.06
45283,ga.diversity,0.3294811320754717
45283,ga.best,1.234461704976776
45283,ga.avg,1.2466957838872332
45283,ga.worst,1.8869459135343531
45283,ga.feasible,1.0
45283,ga.mutationRate,0.06
45283,ga.diversity,0.03702830188679245
45283,ga.best,1.234461704976776
45283,ga.avg,1.2344617049767788
45283,ga.worst,1.234461704976776
45283,ga.feasible,1.0
45283,ga.mutationRate,0.06
45283,ga.diversity,0.0
45283,ga.best,1.234461704976776
45283,ga.avg,1.2746916711290806
45283,ga.worst,7.671256289345071
45283,ga.feasible,1.0
45283,ga.mutationRate,0.09
45283,ga.diversity,0.0125
45283,ga.best,1.234461704976776
45283,ga.avg,1.2344617049767788
45283,ga.worst,1.234461704976776
45283,ga.feasible,1.0
45283,ga.mutationRate,0.09
45283,ga.diversity,0.0
45283,ga.best,1.234461704976776
45283,ga.avg,1.2344617049767788
45283,ga.worst,1.234461704976776
45283,ga.feasible,1.0
45283,ga.mutationRate,0.09
45283,ga.diversity,0.0
45283,ga.best,1.234461704976776
45283,ga.avg,1.2344617049767788
45283,ga.worst,1.234461704976776
45283,ga.feasible,1.0
45283,ga.mutationRate,0.09
45283,ga.diversity,0.0
45283,ga.best,1.234461704976776
45283,ga.avg,1.2344617049767788
45283,ga.worst,1.234461704976776
45283,ga.feasible,1.0
45283,ga.mutationRate,0.09
45283,ga.diversity,0.0
45283,ga.best,1.234461704976776
45283,ga.avg,1.2344617049767788
45283,ga.worst,1.234461704976776
45283,ga.feasible,1.0
45283,ga.mutationRate,0.09
45283,ga.diversity,0.0
45283,ga.best,1.234461704976776
45283,ga.avg,1.2344617049767788
45283,ga.worst,1.234461704976776
45283,ga.feasible,1.0
45283,ga.mutationRate,0.09
45283,ga.diversity,0.0
45283,ga.best,1.234461704976776
45283,ga.avg,1.2344617049767788
45283,ga.worst,1.234461704976776
45283,ga.feasible,1.0
45283,ga.mutationRate,0.09
45283,ga.diversity,0.0
45283,ga.best,1.234461704976776
45283,ga.avg,1.2344617049767788
45283,ga.worst,1.234461704976776
45283,ga.feasible,1.0
45283,ga.mutationRate,0.09
45283,ga.diversity,0.0
45283,ga.best,1.234461704976776
45283,ga.avg,1.2344617049767788
45283,ga.worst,1.234461704976776
45283,ga.feasible,1.0
45283,ga.mutationRate,0.09
45283,ga.diversity,0.0
45283,ga.best,1.234461704976776
45283,ga.avg,1.2344617049767788
45283,ga.worst,1.234461704976776
45283,ga.feasible,1.0
45283,ga.mutationRate,0.135
45283,ga.diversity,0.0
45283,ga.best,1.234461704976776
45283,ga.avg,1.2344617049767788
45283,ga.worst,1.234461704976776
45283,ga.feasible,1.0
45283,ga.mutationRate,0.135
45283,ga.diversity,0.0
45283,ga.best,1.234461704976776
45283,ga.avg,1.2344617049767788
45283,ga.worst,1.234461704976776
45283,ga.feasible,1.0
45283,ga.mutationRate,0.135
45283,ga.diversity,0.0
45283,ga.best,1.234461704976776
45283,ga.avg,1.2344617049767788
45283,ga.worst,1.234461704976776
45283,ga.feasible,1.0
45283,ga.mutationRate,0.135
45283,ga.diversity,0.0
45283,ga.best,1.234461704976776
45283,ga.avg,1.2344617049767788
45283,ga.worst,1.234461704976776
45283,ga.feasible,1.0
45283,ga.mutationRate,0.135
45283,ga.diversity,0.0
45283,pedido_asignado,199.0
45283,ga.best,1.0598999221182788
45283,ga.avg,20.624711962079708
45283,ga.worst,109.39952549908897
45283,ga.feasible,1.0
45283,ga.mutationRate,0.06
45283,ga.diversity,0.2578773584905942
45283,ga.best,1.0598999221182788
45283,ga.avg,8.690946180270029
45283,ga.worst,65.10346369548338
45283,ga.feasible,1.0
45283,ga.mutationRate,0.06
45283,ga.diversity,0.270137017070976
45283,ga.best,1.0598999221182788
45283,ga.avg,3.019429344921529
45283,ga.worst,26.72186256306722
45283,ga.feasible,1.0
45283,ga.mutationRate,0.06
45283,ga.diversity,0.13278301886793162
45283,ga.best,1.0598999221182788
45283,ga.avg,1.1718042938297908
45283,ga.worst,12.729582601509788
45283,ga.feasible,1.0
45283,ga.mutationRate,0.06
45283,ga.diversity,0.028957023060796578
45283,ga.best,1.0598999221182788
45283,ga.avg,1.0598999221182805
45283,ga.worst,1.0598999221182788
45283,ga.feasible,1.0
45283,ga.mutationRate,0.06
45283,ga.diversity,0.0
45283,ga.best,1.0598999221182788
45283,ga.avg,1.0598999221182805
45283,ga.worst,1.0598999221182788
45283,ga.feasible,1.0
45283,ga.mutationRate,0.06
45283,ga.diversity,0.0
45283,ga.best,1.0598999221182788
45283,ga.avg,1.0598999221182805
45283,ga.worst,1.0598999221182788
45283,ga.feasible,1.0
45283,ga.mutationRate,0.06
45283,ga.diversity,0.0
45283,ga.best,1.0598999221182788
45283,ga.avg,1.0598999221182805
45283,ga.worst,1.0598999221182788
45283,ga.feasible,1.0
45283,ga.mutationRate,0.06
45283,ga.diversity,0.0
45283,ga.best,1.0598999221182788
45283,ga.avg,1.0598999221182805
45283,ga.worst,1.0598999221182788
45283,ga.feasible,1.0
45283,ga.mutationRate,0.06
45283,ga.diversity,0.0
45283,ga.best,1.0598999221182788
45283,ga.avg,1.0598999221182805
45283,ga.worst,1.0598999221182788
45283,ga.feasible,1.0
45283,ga.mutationRate,0.06
45283,ga.diversity,0.0
45283,ga.best,1.0598999221182788
45283,ga.avg,1.0598999221182805
45283,ga.worst,1.0598999221182788
45283,ga.feasible,1.0
45283,ga.mutationRate,0.09
45283,ga.diversity,0.0
45283,ga.best,1.0598999221182788
45283,ga.avg,1.0598999221182805
45283,ga.worst,1.0598999221182788
45283,ga.feasible,1.0
45283,ga.mutationRate,0.09
45283,ga.diversity,0.0
45283,ga.best,1.0598999221182788
45283,ga.avg,1.0598999221182805
45283,ga.worst,1.0598999221182788
45283,ga.feasible,1.0
45283,ga.mutationRate,0.09
45283,ga.diversity,0.0
45283,ga.best,1.0598999221182788
45283,ga.avg,1.0598999221182805
45283,ga.worst,1.0598999221182788
45283,ga.feasible,1.0
45283,ga.mutationRate,0.09
45283,ga.diversity,0.0
45283,ga.best,1.0598999221182788
45283,ga.avg,1.0598999221182805
45283,ga.worst,1.0598999221182788
45283,ga.feasible,1.0
45283,ga.mutationRate,0.09
45283,ga.diversity,0.0
45283,ga.best,1.0598999221182788
45283,ga.avg,1.0598999221182805
45283,ga.worst,1.0598999221182788
45283,ga.feasible,1.0
45283,ga.mutationRate,0.09
45283,ga.diversity,0.0
45283,ga.best,1.0598999221182788
45283,ga.avg,1.0598999221182805
45283,ga.worst,1.0598999221182788
45283,ga.feasible,1.0
45283,ga.mutationRate,0.09
45283,ga.diversity,0.0
45283,ga.best,1.0598999221182788
45283,ga.avg,1.0598999221182805
45283,ga.worst,1.0598999221182788
45283,ga.feasible,1.0
45283,ga.mutationRate,0.09
45283,ga.diversity,0.0
45283,ga.best,1.0598999221182788
45283,ga.avg,1.0598999221182805
45283,ga.worst,1.0598999221182788
45283,ga.feasible,1.0
45283,ga.mutationRate,0.09
45283,ga.diversity,0.0
45283,ga.best,1.0598999221182788
45283,ga.avg,1.0598999221182805
45283,ga.worst,1.0598999221182788
45283,ga.feasible,1.0
45283,ga.mutationRate,0.09
45283,ga.diversity,0.0
45283,ga.best,1.0598999221182788
45283,ga.avg,1.0598999221182805
45283,ga.worst,1.0598999221182788
45283,ga.feasible,1.0
45283,ga.mutationRate,0.135
45283,ga.diversity,0.0
45283,ga.best,1.0598999221182788
45283,ga.avg,1.0598999221182805
45283,ga.worst,1.0598999221182788
45283,ga.feasible,1.0
45283,ga.mutationRate,0.135
45283,ga.diversity,0.0
45283,ga.best,1.0598999221182788
45283,ga.avg,1.0598999221182805
45283,ga.worst,1.0598999221182788
45283,ga.feasible,1.0
45283,ga.mutationRate,0.135
45283,ga.diversity,0.0
45283,ga.best,1.0598999221182788
45283,ga.avg,1.0598999221182805
45283,ga.worst,1.0598999221182788
45283,ga.feasible,1.0
45283,ga.mutationRate,0.135
45283,ga.diversity,0.0
45283,ga.best,1.0598999221182788
45283,ga.avg,3.694872092625946
45283,ga.worst,42.91538264340935
45283,ga.feasible,1.0
45283,ga.mutationRate,0.135
45283,ga.diversity,0.16662735849056604
45283,pedido_asignado,200.0
